VCODIAFAS_FAC;VCODIPRESS_FAC;VTDOCPAGO_FAC;VNDOCPAGO_FAC;VCORRPRESTA_ATE;VTAFILPAC_ATE;VTDOCIDEN_ATE;VNUMDOCIDEN_ATE;VTIPOCOBERT_ATE;VSUBTIPCOBERT_ATE;VPRIDIAGCIE_ATE;VFECPRES_ATE;VTITPRORESPRES_ATE;VTIPOHOSPI_ATE;VFECINGRHOSP_ATE;VFECEGRHOSP_ATE;VTIPEGREHOSP_ATE;VDIASESTFAC_ATE;VFECNACPAC_ATE;VSEXOPAC_ATE;VFILIAPAC_ATE;VUBIGEOIPRESS_ATE;VGASTHONPROSIGV_ATE;VGASTPRODOSIGV_ATE;VGASTHTSCLITOPSIGV_ATE;VGASTEXAUXLABSIGV_ATE;VGASTEXAUXIMGSIGV_ATE;VGASTFARINSSIGV_ATE;VGASTPROTSIGV_ATE;VGASTMEDEXOIGV_ATE;VOGPRESSLDSIGV_ATE;VCOPAGOFIJOSIGV_ATE;VCPAGOFIJOEXIGV_ATE;VCOPAGOVARSIGV_ATE;VCPAGOVAREXIGV_ATE;VTOTGASTCUBSIGV_ATE;VTOTLIQIAFAS_ATE;DFECRECEP_PQ;UBIGEO_AFILIADO
28448D6AE28A7F4C256D5B7C3469C47D8DD7C8ED;5BB27C71A6AB0509699A572655AA081FC53317EE;01;561CC656C5FF49527DE380F58B6224EE70CD7E2F;00001;2;1;BD3D0083ACF531C28B09E64F3C904A935BFDF25A;4;401;S42.3;20250813;01;;;;;;19881006;1;01;140101;281.80;0.00;0.00;0.00;0.00;0.00;0.00;0.00;765.90;0.00;0.00;0.00;0.00;1047.70;1047.70;2026-08-17 14:26:51;130101
28448D6AE28A7F4C256D5B7C3469C47D8DD7C8ED;80B1ACFD4DDC2A7DC1DDDA5002BE04C025F58720;01;4EFC8320248EF88F8E2F2545A507C730ECC38A54;00001;2;1;4C2E860724C80522CDAFA2817ACA867224E84C0A;4;401;M54.4;20250507;01;;;;;;19690227;1;01;070102;30.00;0.00;0.00;0.00;0.00;0.00;0.00;0.00;884.40;0.00;0.00;0.00;0.00;914.40;914.40;2026-08-17 14:26:45;240102
28448D6AE28A7F4C256D5B7C3469C47D8DD7C8ED;80B1ACFD4DDC2A7DC1DDDA5002BE04C025F58720;01;7CE5659E31132B8C1B24CC3775FD7A242627196F;00001;2;1;50B929155967DA4BA1307A6A950D22484B5ACFF2;4;401;S92.3;20250807;01;;;;;;19880903;1;01;070102;0.00;0.00;0.00;0.00;546.00;0.00;0.00;0.00;0.00;0.00;0.00;0.00;0.00;546.00;546.00;2026-08-17 14:26:45;240101
28448D6AE28A7F4C256D5B7C3469C47D8DD7C8ED;80B1ACFD4DDC2A7DC1DDDA5002BE04C025F58720;01;7F899BD74B79CC876EA85900BBEC6C8D1530326C;00001;2;1;502FD5070D3F9EE7A0CED62C5AA4ECB78188EAF9;4;100;S93.4;20250723;01;;;;;;19970519;2;01;070102;178.20;0.00;0.00;0.00;0.00;825.60;0.00;0.00;0.00;0.00;0.00;0.00;0.00;1003.80;1003.80;2026-08-17 07:23:04;240104
77ADA2B8579F96BA3B702EDF2A370F286089454A;375BFF80FBCBCD5C037FD29CA5B820C5829A9135;01;B807FB93105F1A880929B7120E6DF610CD5A7BFA;1;1;1;5D6E29D9630D9905E6BCFEE516A43BAFB9989444;4;100;Z48.9;20250609;01;;;;;;19710808;2;01;150101;79.00;0.00;0.00;0.00;0.00;0.00;0.00;0.00;0.00;25.42;0.00;0.00;0.00;79.00;53.58;2026-08-05 12:41:55;140101
77ADA2B8579F96BA3B702EDF2A370F286089454A;3B9196295B3C9475AEB9893E3E8E87386E6619CB;01;444C7B369D7E0F81A4C652223E14DB5B79B3E8CE;1;1;1;A9DB54221E28EF88240C2FCBFE477E0F535840AC;4;100;M54.4;20250620;01;;;;;;19810126;1;01;150108;79.00;0.00;0.00;0.00;0.00;130.83;0.00;0.00;0.00;25.42;0.00;26.18;0.00;209.83;158.23;2026-08-05 15:19:36;140126
28448D6AE28A7F4C256D5B7C3469C47D8DD7C8ED;96858B2B8687957CBB27B977D5376BCB44C30CD8;01;005E1F15BBD4A00821E828BBB5EFE976BCB8DBB2;00001;2;1;E42311BECCE3D27E607D5CC7FE521DCF76D07340;6;101;S90.9;20250916;01;;;;;;19810823;1;02;200104;486.08;0.00;60.00;0.00;30.74;497.46;0.00;0.00;0.00;0.00;0.00;0.00;0.00;1074.28;1074.28;2026-08-17 07:23:06;190101
77ADA2B8579F96BA3B702EDF2A370F286089454A;8B492781E40F3E4E47AB74DAC5D3F19D562DACB3;01;7DCEDEBAABCAC08E183ECEB5D85CBF0512DA3850;00001;1;1;D259C79424580A0FCAD82AB9B64F2FA4382153DD;5;100;K35.0;20250311;01;Q;20250311;20250313;01;2;20000803;1;01;150140;1740.95;0.00;2760.92;423.43;450.00;6443.14;0.00;0.00;0.00;254.23;0.00;3469.26;0.00;11818.44;8094.95;2026-08-10 15:08:45;140114
EE11EB6B8BD1AD4912F94F2E3D055F4DE7ECC953;8E4F495F6D4AE42160E7A6FB525C24B1E892A145;01;885E7412D35E0684BC83284C23B4D59074A2E33A;1;1;1;F0FF8FADD944E326641D6168002DFD21885A5C33;4;100;R17.X;20250911;01;;;;;;19860518;2;17;150136;40.00;0.00;0.00;0.00;0.00;0.00;0.00;0.00;0.00;0.00;0.00;33.90;0.00;40.00;40.00;2026-08-17 15:25:11;240101
EE11EB6B8BD1AD4912F94F2E3D055F4DE7ECC953;8E4F495F6D4AE42160E7A6FB525C24B1E892A145;01;A7302B6031C42F228C01ED698EBCC37372890AF7;1;1;1;F0FF8FADD944E326641D6168002DFD21885A5C33;4;307;Z39.1;20250915;01;;;;;;19860518;2;17;150136;40.00;0.00;0.00;0.00;0.00;0.00;0.00;0.00;0.00;0.00;0.00;0.00;0.00;40.00;40.00;2026-08-17 15:25:11;240101
28448D6AE28A7F4C256D5B7C3469C47D8DD7C8ED;B6902DCBA88413A4D6FAE949684249890EF8B692;01;F498EF5E8E253B3EF5C51D5A3CFD08E1A2409617;00001;3;1;CBE9FE94A0D9EA58897DA8453EF116BE0A2E7D0E;4;528;Z51.1;20250904;06;;;;;;19461127;1;01;150130;0.00;0.00;0.00;0.00;0.00;0.00;0.00;1225.54;0.00;0.00;0.00;0.00;0.00;1225.54;1225.54;2026-08-17 07:23:09;140115
28448D6AE28A7F4C256D5B7C3469C47D8DD7C8ED;B6902DCBA88413A4D6FAE949684249890EF8B692;01;A4EA06AA354BB3E4FAE45AC79C9CD8AF68CD8294;00001;3;1;CBE9FE94A0D9EA58897DA8453EF116BE0A2E7D0E;4;528;Z51.1;20250904;06;;;;;;19461127;1;01;150130;130.00;0.00;150.00;0.00;0.00;607.68;0.00;0.00;0.00;0.00;0.00;0.00;0.00;887.68;887.68;2026-08-17 07:23:09;140115
28448D6AE28A7F4C256D5B7C3469C47D8DD7C8ED;3DF9AC10A7A2DD46127B2793F289E11C82E68282;01;90F8218FB72ABAE47655B611454AD15CAC28F857;00001;3;1;7B2225818B0EB80C7D10300056B082CC508E43C3;6;100;G44.2;20250803;01;;;;;;20010809;2;01;150131;0.00;0.00;0.00;0.00;481.97;0.00;0.00;0.00;0.00;0.00;0.00;0.00;0.00;481.97;481.97;2026-08-17 14:26:47;140101
28448D6AE28A7F4C256D5B7C3469C47D8DD7C8ED;DAE01EBDCC0AC072B0B689CAB08EC4F913CC5AD9;01;3C18A22A02D2A43CAA09F08CCC9215513D110C95;00001;3;1;F9BD88D2EB704C2B7B74F934BE8B571675477EFA;4;409;C50.0;20250508;01;;;;;;19660127;2;01;040101;0.00;0.00;0.00;0.00;1566.00;0.00;0.00;0.00;466.65;0.00;0.00;0.00;0.00;2032.65;2032.65;2026-08-17 14:26:48;040305
77ADA2B8579F96BA3B702EDF2A370F286089454A;96DE6A0ACED49829E30A968DF861CB8602CB8BF4;01;C7FB4223DAD4C6C4B5F89A200E8B17F01E734714;00001;1;1;7071FD204419DB1B0D898666C468E26A92EC5FE7;4;100;E03.9;20250313;01;;;;;;19730201;2;01;120114;80.00;0.00;0.00;227.22;0.00;0.00;0.00;0.00;0.00;33.89;0.00;68.17;0.00;307.22;205.16;2026-08-05 11:47:15;140143
77ADA2B8579F96BA3B702EDF2A370F286089454A;96DE6A0ACED49829E30A968DF861CB8602CB8BF4;01;B962A8301D13BB48EEB513612E80422B997550C7;00001;1;1;7071FD204419DB1B0D898666C468E26A92EC5FE7;4;100;K76.0;20250322;01;;;;;;17320201;2;01;120114;80.00;0.00;0.00;0.00;0.00;0.00;0.00;0.00;0.00;33.90;0.00;0.00;0.00;80.00;46.10;2026-08-04 16:03:37;140143
28448D6AE28A7F4C256D5B7C3469C47D8DD7C8ED;842179BE8942CB524E09070812A4121ED27DDF1A;01;33C7DF0BA6775B85791D59DE82D6A7BB8784A6CE;00001;1;1;3E70BAE5F0A9322987A921E4D3E641688C3DB277;4;100;R51.X;20250519;01;;;;;;19780101;1;01;150122;580.34;0.00;0.00;842.47;0.00;28.00;0.00;0.00;0.00;292.38;0.00;14.00;0.00;1450.81;1144.43;2026-08-17 07:23:12;140127
28448D6AE28A7F4C256D5B7C3469C47D8DD7C8ED;842179BE8942CB524E09070812A4121ED27DDF1A;01;6088E5B5DAEF1EF6F14E20CDC18C57D550A4D7E0;00001;1;3;8D7D2385CDC0A34147D42C571E3480892ECB9108;6;100;E86.X;20250616;01;;;;;;20180723;1;05;150122;82.95;0.00;70.35;573.93;364.75;300.11;0.00;0.00;0.00;0.00;0.00;0.00;0.00;1392.09;1392.09;2026-08-17 07:23:14;
28448D6AE28A7F4C256D5B7C3469C47D8DD7C8ED;842179BE8942CB524E09070812A4121ED27DDF1A;01;C5B4C4F14E5DFBBF261A44111AD459C60956C237;00001;1;1;A88CB42FE5E2B38929BEEC663950D3A62025362C;6;100;J45.9;20250615;01;;;;;;20090102;1;05;150122;95.45;0.00;70.35;406.32;95.95;631.00;0.00;0.00;0.00;0.00;0.00;0.00;0.00;1299.07;1299.07;2026-08-17 07:23:14;140110
28448D6AE28A7F4C256D5B7C3469C47D8DD7C8ED;842179BE8942CB524E09070812A4121ED27DDF1A;01;67F2273A77BE8F90A90E889CB0E8C9E270BE94E4;00001;1;1;69865E4982C11BD14F3331638C13E73D3E804ADF;5;103;O82.9;20250719;01;C;20250719;20250722;01;3;19800829;2;01;150122;301.36;0.00;0.00;594.17;0.00;0.00;0.00;0.00;0.00;0.00;0.00;358.21;0.00;895.53;537.32;2026-08-17 14:26:49;140125
D56BED1445AC83097FED45A7B4D639F2EB1BC8F3;6F798E001E20D27AF5F8A160CD6BAE0CC3EE69EB;01;92F8292F83269DAB6653A5A9F7EB732A196B2C41;00001;5;1;EB79BF172869EAD61C4D442B46350491D3E27AF0;4;100;Z51.4;20250520;01;;;;;;20031121;1;01;150133;41.00;0.00;0.00;0.00;48.50;0.00;0.00;0.00;0.00;29.66;0.00;9.70;0.00;89.50;89.50;2026-08-17 11:29:02;140108
77ADA2B8579F96BA3B702EDF2A370F286089454A;43706B988FF372E2F6222FB3BF7A0DD66E5BF1FF;01;CEE3B0C4560D17DF36899599DCB67A2F9FB71AF9;00001;1;1;E21AD9B5D12DE3CD8D28A169094B8FA5E98A4A96;4;100;E88.9;20250320;01;;;;;;19620430;1;01;040104;59.00;0.00;0.00;2.99;205.80;0.00;0.00;0.00;0.00;33.89;0.00;62.64;0.00;267.79;171.26;2026-08-05 12:23:09;040102
77ADA2B8579F96BA3B702EDF2A370F286089454A;43706B988FF372E2F6222FB3BF7A0DD66E5BF1FF;01;1DB8EA30138FA722AC8FC5EE422BF2026D3AF1E8;00001;1;1;1A25515CFAC0F280EF6F2AB85D61FF8195A25A6E;4;100;M75.1;20221015;01;;;;;;19620706;2;01;040104;59.00;0.00;0.00;0.00;128.63;44.49;0.00;0.00;0.00;33.89;0.00;121.18;0.00;232.12;77.05;2026-08-05 14:29:37;040128
28448D6AE28A7F4C256D5B7C3469C47D8DD7C8ED;6616226733A63CC6E984F97AEBED915E47C55231;01;9A7DDBC5986A75E1DD149E249F9E49C69781DD1F;1;3;1;A7A43ABFB39C01655D65668B4E39BB8EEA88FFD2;4;200;H25.9;20250722;01;;;;;;19450419;1;01;040101;2321.77;0.00;922.52;0.00;0.00;2120.79;0.00;0.00;0.00;42.37;0.00;0.00;0.00;5365.08;5322.71;2026-08-17 07:23:03;040114
77ADA2B8579F96BA3B702EDF2A370F286089454A;3B9196295B3C9475AEB9893E3E8E87386E6619CB;01;5C9E3392957F94E16146491D19588D8B307AA63B;1;1;1;C0053767D4FE307412689F3E84307F9CD65F0785;4;100;E83.5;20250530;01;;;;;;19611204;2;01;150108;79.00;0.00;0.00;0.00;0.00;0.00;0.00;0.00;0.00;25.42;0.00;0.00;0.00;79.00;53.58;2026-08-05 12:58:16;140115
77ADA2B8579F96BA3B702EDF2A370F286089454A;3B9196295B3C9475AEB9893E3E8E87386E6619CB;01;67DDF9DEE7BD55DC14B72F1A3F083C7657857984;1;1;1;C0053767D4FE307412689F3E84307F9CD65F0785;4;100;E11.9;20250528;01;;;;;;19611204;2;01;150108;79.00;0.00;0.00;174.00;0.00;0.00;0.00;0.00;0.00;25.42;0.00;34.81;0.00;253.00;192.77;2026-08-05 12:58:16;140115
28448D6AE28A7F4C256D5B7C3469C47D8DD7C8ED;96858B2B8687957CBB27B977D5376BCB44C30CD8;01;2B9DBE5F6DF5A8511DD06567CF4EFE32ADA8329E;00001;2;1;0D2023CABF2AF30EFB761B67A5FDE7ED773C86EB;6;101;S91.3;20250827;01;;;;;;19720628;1;01;200104;40.00;0.00;41.25;0.00;30.74;245.16;0.00;0.00;0.00;0.00;0.00;0.00;0.00;357.15;357.15;2026-08-17 07:23:05;190105
28448D6AE28A7F4C256D5B7C3469C47D8DD7C8ED;8B492781E40F3E4E47AB74DAC5D3F19D562DACB3;01;4D44946D9745CF377D39F7027E84CD12E5005884;00001;3;1;97BFCD13DBDC6BC67D222837F184D827AE4E9C0E;4;927;I24.9;20250109;01;;;;;;19570604;2;01;150140;828.76;0.00;0.00;0.00;820.00;0.00;0.00;0.00;0.00;0.00;0.00;84.74;0.00;1648.76;1564.02;2026-08-17 14:26:46;140127
28448D6AE28A7F4C256D5B7C3469C47D8DD7C8ED;031432AAB4792512D2C0AB1FAEB20114DBA77765;01;F1F06BB20B19E8479D9279DDFCCB83C380ABE8E1;1;1;1;4CB3084C5163631796E9E84E7AF390C338FE71C7;6;100;R52.0;20250714;01;;;;;;20030108;1;01;060101;45.00;0.00;54.65;99.59;229.32;113.73;0.00;0.00;0.00;0.00;0.00;0.00;0.00;542.29;542.29;2026-08-17 07:23:07;130101
28448D6AE28A7F4C256D5B7C3469C47D8DD7C8ED;B2A2D4ED85B9C215C1004CF19D217F543C98FA4E;01;CE4E9C4B0ACA132E642784247D58C98D93442DF5;1;1;1;744121DA53AF7E9904A593D0B26A5B6796318568;4;306;Z34.9;20250314;01;;;;;;19921123;2;01;150122;52.00;0.00;0.00;39.31;229.32;309.93;0.00;0.00;0.00;0.00;0.00;0.00;0.00;630.56;630.56;2026-08-17 07:23:08;240105
28448D6AE28A7F4C256D5B7C3469C47D8DD7C8ED;3DF9AC10A7A2DD46127B2793F289E11C82E68282;01;B3451949A510D9EBD406C2E9B1FFA990D971C161;00001;2;1;FBBE94A105DBAD4AB8E73B8D45732C24611320A1;4;401;S69.7;20250620;01;;;;;;19930512;1;01;150131;40.00;0.00;0.00;0.00;0.00;0.00;0.00;0.00;306.36;0.00;0.00;0.00;0.00;346.36;346.36;2026-08-17 14:26:48;110601
28448D6AE28A7F4C256D5B7C3469C47D8DD7C8ED;3DF9AC10A7A2DD46127B2793F289E11C82E68282;01;CD7F79552555A2DD29542F08F7849806C6680D6B;00001;2;1;C8650A2E9C789CB35DB90E5207831E40ED18B8E8;4;600;T92.2;20250715;01;;;;;;19820304;2;01;150131;40.00;0.00;0.00;0.00;0.00;19.80;0.00;0.00;340.40;0.00;0.00;0.00;0.00;400.20;400.20;2026-08-17 07:23:10;140131
28448D6AE28A7F4C256D5B7C3469C47D8DD7C8ED;AB85D7E2FC092CA2BDFA4EEA1F528448FE2E3AE3;01;C23707D7BEA384C049C39157058B68AB8C08F16E;1;3;1;719D351FD1074314272DCDE6C2C5ABD93452B15D;6;100;A09.X;20250128;01;;;;;;20240221;1;01;150114;42.00;0.00;0.00;34.77;0.00;144.43;0.00;0.00;0.00;67.80;0.00;57.77;0.00;221.20;95.63;2026-08-17 07:23:11;140107
77ADA2B8579F96BA3B702EDF2A370F286089454A;96DE6A0ACED49829E30A968DF861CB8602CB8BF4;01;4A67E51013AD3F05B0340B0C1A0A1575F939E4B0;00001;1;1;7071FD204419DB1B0D898666C468E26A92EC5FE7;4;100;M62.4;20241111;01;;;;;;19730201;2;01;120114;80.00;0.00;0.00;267.48;126.00;0.00;0.00;0.00;0.00;33.89;0.00;118.04;0.00;473.48;321.55;2026-08-04 15:49:47;140143
28448D6AE28A7F4C256D5B7C3469C47D8DD7C8ED;842179BE8942CB524E09070812A4121ED27DDF1A;01;CA6AECE255A5D3733353D50C99450E2A1306234D;00001;1;1;6F7CBA5B493B6D8601848B60E2241EB56365193C;6;100;R10.4;20250312;01;;;;;;20200919;1;05;150122;82.95;0.00;70.35;313.81;460.70;93.12;0.00;0.00;0.00;0.00;0.00;0.00;0.00;1020.93;1020.93;2026-08-17 07:23:11;140117
28448D6AE28A7F4C256D5B7C3469C47D8DD7C8ED;842179BE8942CB524E09070812A4121ED27DDF1A;01;4DF54287C9B5B101334863820071388E157DB1A4;00001;3;1;3BDA08C485943182724504D8A5730D36AFB78650;4;100;N92.6;20250516;01;;;;;;19901107;2;01;150122;0.00;0.00;0.00;1528.71;0.00;0.00;0.00;0.00;0.00;97.46;0.00;0.00;0.00;1528.71;1431.25;2026-08-17 07:23:13;140110
28448D6AE28A7F4C256D5B7C3469C47D8DD7C8ED;842179BE8942CB524E09070812A4121ED27DDF1A;01;D6EE8A26B01FABB6F6226746607F1DDB8492A97B;00001;3;1;7A412CC23E31CD8EC32B3B189F6604BD5F7CA5E8;4;100;E16.9;20250307;01;;;;;;19760519;2;01;150122;82.95;0.00;0.00;1062.63;0.00;0.00;0.00;0.00;0.00;83.06;0.00;0.00;0.00;1145.58;1062.52;2026-08-17 14:26:50;140115
28448D6AE28A7F4C256D5B7C3469C47D8DD7C8ED;29FEC1B2C7B07C91055EB1711CE5499F07677DA6;01;CB73C9E6F0E0F37C5304FCE52B2A1B3D06ECBCCF;00001;3;1;B711D7C37165C3995310CBD96DD05BB16E2E3C72;6;100;N39.0;20241210;01;;;;;;19920114;2;01;230101;179.65;0.00;0.00;9.45;304.50;417.79;0.00;0.00;0.00;0.00;0.00;0.00;0.00;911.39;911.39;2026-08-17 07:23:15;220101
D68FD8035E26A00787470F838D825A533FBE6A7F;FA000B14669AFA164CA94DE1EF8D776F1539484F;01;10775035763D84A9108A79BB66F9688E8102FD66;1;1;1;6246FC913DA0884C3FBAAA1101BEF692BD6583FB;4;100;N39.3;20260302;01;;;;;;19820220;2;02;150130;500.76;0.00;430.90;0.00;0.00;646.06;0.00;0.00;0.00;0.00;0.00;0.00;0.00;1577.72;1861.71;2026-08-17 16:01:51;150101
D68FD8035E26A00787470F838D825A533FBE6A7F;FA000B14669AFA164CA94DE1EF8D776F1539484F;01;478294FD0735EA5E81D9EC084FAAED1F9EEE0295;1;1;1;34581D9882CB249789CDB6172F8AC3E810BB5C9F;4;409;C50.9;20260130;01;;;;;;19730922;2;01;150130;94.89;0.00;0.00;244.30;323.82;42.60;0.00;0.00;0.00;0.00;0.00;0.00;0.00;705.61;832.62;2026-08-17 16:01:51;140135
D68FD8035E26A00787470F838D825A533FBE6A7F;FA000B14669AFA164CA94DE1EF8D776F1539484F;01;A80194289DCDBFA09B2D389D96B5FCE5AE407168;1;1;1;4D5A560F56301E2BC80F2718810D233113D703E7;4;409;C50.9;20260421;01;;;;;;19720413;2;01;150130;0.00;0.00;460.90;0.00;711.84;0.00;0.00;0.00;0.00;0.00;0.00;0.00;0.00;1172.74;1383.83;2026-08-17 16:01:51;140127
D68FD8035E26A00787470F838D825A533FBE6A7F;FA000B14669AFA164CA94DE1EF8D776F1539484F;01;FE1968499839D272E12D3B687E376F2A1273C6CD;1;1;1;302D58151E6E5BE64B9B2212AB8DB57EEC09B742;6;100;J06.9;20260312;01;;;;;;19781114;2;01;150130;0.00;0.00;0.00;0.00;254.22;0.00;0.00;0.00;0.00;0.00;0.00;0.00;0.00;254.22;299.98;2026-08-17 16:01:51;140132
D68FD8035E26A00787470F838D825A533FBE6A7F;FA000B14669AFA164CA94DE1EF8D776F1539484F;01;D9517E25190EE3F4A1CD3FF20259E4EBA1CFA2F6;1;1;1;2B647DF7BC036EFE6A985CEDB4D4D0895F76C07E;4;409;C50.9;20260526;01;;;;;;19800807;2;02;150130;0.00;0.00;319.42;0.00;711.84;0.00;0.00;0.00;0.00;0.00;0.00;0.00;0.00;1031.26;1216.89;2026-08-17 16:01:51;140142
D68FD8035E26A00787470F838D825A533FBE6A7F;FA000B14669AFA164CA94DE1EF8D776F1539484F;01;8420288C25465D1D4334057B5CD1717D2F19B020;1;1;1;E09C341C6C000F431291E4457DE6E324E130BC34;4;409;C50.9;20260525;01;;;;;;19680816;2;02;150130;0.00;0.00;319.42;0.00;711.84;0.00;0.00;0.00;0.00;0.00;0.00;0.00;0.00;1031.26;1216.89;2026-08-17 16:01:51;140130
D68FD8035E26A00787470F838D825A533FBE6A7F;FA000B14669AFA164CA94DE1EF8D776F1539484F;01;1DC22A7F550F00DDF61EEB4C0DBADA96B76E83A8;1;3;1;95AFC651DA2B01B9C5105F4E9DA780A4456B7421;4;100;K76.0;20260608;01;;;;;;19580411;2;07;150130;607.95;0.00;751.63;0.00;0.00;0.00;0.00;0.00;0.00;0.00;0.00;339.90;0.00;1359.58;1203.22;2026-08-17 16:01:51;230101
D68FD8035E26A00787470F838D825A533FBE6A7F;FA000B14669AFA164CA94DE1EF8D776F1539484F;01;6B2023A3E3D7302B57222DEAF9F34061BDD9EE84;1;1;1;BE5357B9C9E9D022C1F9ECF72B0F280DFF10C165;4;100;M23.2;20260521;01;;;;;;19750913;1;01;150130;0.00;0.00;0.00;0.00;1161.02;0.00;0.00;0.00;0.00;0.00;0.00;174.16;0.00;1161.02;1164.49;2026-08-17 16:01:51;240101
D68FD8035E26A00787470F838D825A533FBE6A7F;FA000B14669AFA164CA94DE1EF8D776F1539484F;01;4EB12015434F2DEF1FD002081CACA60B32858884;1;1;1;3BB0517FA3727C649CC3235E85BE8C08B6C8FA1A;4;100;M22.4;20260519;01;;;;;;19871230;2;01;150130;0.00;0.00;0.00;0.00;1161.02;0.00;0.00;0.00;0.00;0.00;0.00;174.16;0.00;1161.02;1164.49;2026-08-17 16:01:51;150201
D68FD8035E26A00787470F838D825A533FBE6A7F;FA000B14669AFA164CA94DE1EF8D776F1539484F;01;2631E6085D4D621B92B02D202C03FF8AD2B6180C;1;1;1;194A2853FD10FC65CDB208FA29E86778A2B958B1;4;100;M22.4;20260522;01;;;;;;19940730;2;01;150130;0.00;0.00;0.00;0.00;1161.02;0.00;0.00;0.00;0.00;0.00;0.00;232.20;0.00;1161.02;1096.01;2026-08-17 16:01:51;140138
D68FD8035E26A00787470F838D825A533FBE6A7F;FA000B14669AFA164CA94DE1EF8D776F1539484F;01;A98B340D750BBF59A8F5D868730C47515517BF20;1;1;7;7EDCFC7B593251AE554B673547C15D55A08F8651;4;100;L91.0;20260513;01;;;;;;19970605;2;01;150130;1141.71;0.00;44.03;0.00;0.00;0.00;0.00;0.00;0.00;0.00;0.00;296.44;0.00;1185.74;1049.37;2026-08-17 16:01:51;
D68FD8035E26A00787470F838D825A533FBE6A7F;FA000B14669AFA164CA94DE1EF8D776F1539484F;01;A85862014C9E4CC76BDBCC7E2F02A147CA30420D;1;1;1;B5DBAE03041A6959D05A9043906DCBC26951E452;4;100;K76.0;20260429;01;;;;;;19821128;2;01;150130;607.94;0.00;751.63;0.00;0.00;0.00;0.00;0.00;0.00;0.00;0.00;475.85;0.00;1359.57;1042.79;2026-08-17 16:01:51;140110
D68FD8035E26A00787470F838D825A533FBE6A7F;FA000B14669AFA164CA94DE1EF8D776F1539484F;01;5420CDED97D45CB802DABED050860EA95BFEC68E;1;1;1;00E4EB6CECF8A8E356C16DD65CE541748C025D68;4;100;K80.2;20260529;01;;;;;;19590524;2;02;150130;0.00;0.00;0.00;0.00;870.77;0.00;0.00;0.00;0.00;0.00;0.00;174.15;0.00;870.77;822.01;2026-08-17 16:01:51;140124
D68FD8035E26A00787470F838D825A533FBE6A7F;FA000B14669AFA164CA94DE1EF8D776F1539484F;01;2ADBF0C615734F566A13FD76899922E3AE37143D;1;3;1;349EB8C2413C902AD95EFD3815951852EA0BD5FE;4;100;G62.9;20260524;01;;;;;;19530824;2;07;150130;0.00;0.00;199.67;0.00;580.51;0.00;0.00;0.00;0.00;0.00;0.00;195.05;0.00;780.18;690.45;2026-08-17 16:01:51;140142
D68FD8035E26A00787470F838D825A533FBE6A7F;FA000B14669AFA164CA94DE1EF8D776F1539484F;01;9F6F3584E36A6F850081892EED0478E0F0A0694F;1;1;1;274E4BE5C42B4D5DD4BDA4A12A8083BE655A84E9;4;100;D25.9;20260506;01;;;;;;19800602;2;01;150130;0.00;0.00;184.61;0.00;580.51;0.00;0.00;0.00;0.00;0.00;0.00;191.28;0.00;765.12;677.13;2026-08-17 16:01:51;140135
D68FD8035E26A00787470F838D825A533FBE6A7F;FA000B14669AFA164CA94DE1EF8D776F1539484F;01;7E6A9239F7CE01B42883057334D27A51A718EF03;1;1;1;F8EA78527FECD48FDFA2EC8ACC1DA43FA700C4D0;4;123;H40.0;20260520;01;;;;;;19760624;2;02;150130;250.00;0.00;0.00;0.00;0.00;0.00;0.00;0.00;0.00;0.00;0.00;12.50;0.00;250.00;280.25;2026-08-17 16:01:51;140124
D68FD8035E26A00787470F838D825A533FBE6A7F;FA000B14669AFA164CA94DE1EF8D776F1539484F;01;368E99EBFE4CD527AC3B482F7749B7F0B0826226;1;1;1;4209678151319262CAA635039C11494495B87C36;4;123;H40.0;20260602;01;;;;;;19750817;1;01;150130;250.00;0.00;0.00;0.00;0.00;0.00;0.00;0.00;0.00;0.00;0.00;62.50;0.00;250.00;221.25;2026-08-17 16:01:51;140101
D68FD8035E26A00787470F838D825A533FBE6A7F;FA000B14669AFA164CA94DE1EF8D776F1539484F;01;27C4381E03D189A4E491B5AA003B7D6D425592EB;1;3;1;20863983E6AA14488E35D7BFECDD0EE17E549C47;4;123;H40.1;20260604;01;;;;;;19471117;2;07;150130;250.00;0.00;0.00;0.00;0.00;0.00;0.00;0.00;0.00;0.00;0.00;62.50;0.00;250.00;221.25;2026-08-17 16:01:51;140140
D68FD8035E26A00787470F838D825A533FBE6A7F;FA000B14669AFA164CA94DE1EF8D776F1539484F;01;AC80E307650D2BA0383A87E761180EAE9FB050CD;1;3;1;B41F587A7ADACBBF9AEEB385EC0824F16CACDB6C;4;123;H52.7;20260605;01;;;;;;19571229;1;07;150130;250.00;0.00;0.00;0.00;0.00;0.00;0.00;0.00;0.00;0.00;0.00;62.50;0.00;250.00;221.25;2026-08-17 16:01:51;140142
D68FD8035E26A00787470F838D825A533FBE6A7F;FA000B14669AFA164CA94DE1EF8D776F1539484F;01;BEB1E5035507A5F5ABEEE2CEBEB05B774B869F46;1;1;1;17117494E8175A6ECC091B9A9F1095C1CEDA4ED8;4;123;H40.0;20260609;01;;;;;;19811114;1;01;150130;250.00;0.00;0.00;0.00;0.00;0.00;0.00;0.00;0.00;0.00;0.00;62.50;0.00;250.00;221.25;2026-08-17 16:01:51;100401
D68FD8035E26A00787470F838D825A533FBE6A7F;FA000B14669AFA164CA94DE1EF8D776F1539484F;01;E40642244C9DBC047723988B31E8153A9F6190C4;1;1;1;890D55CBE9F24B9C66ECAE1EADDE89F2ED3EC3A9;4;123;H47.0;20260613;01;;;;;;19701230;2;01;150130;250.00;0.00;0.00;0.00;0.00;0.00;0.00;0.00;0.00;0.00;0.00;50.00;0.00;250.00;236.00;2026-08-17 16:01:51;140125
D68FD8035E26A00787470F838D825A533FBE6A7F;FA000B14669AFA164CA94DE1EF8D776F1539484F;01;233EE0F21B70702FA29F9A470FAE6F2BFDDD532F;1;1;1;D802CA2793CDF5E2C8253B75358D8647B2C81CB9;4;123;H52.1;20260613;01;;;;;;19891219;2;01;150130;250.00;0.00;0.00;0.00;0.00;0.00;0.00;0.00;0.00;0.00;0.00;50.00;0.00;250.00;236.00;2026-08-17 16:01:51;140126
D68FD8035E26A00787470F838D825A533FBE6A7F;FA000B14669AFA164CA94DE1EF8D776F1539484F;01;B1A3C29E1EC096EA7B714F182E722FF777CB2EC7;1;1;1;ECDF9D4F6FA235F20B5357A0D5C69229C60B22D3;4;123;H15.0;20260616;01;;;;;;19630723;2;01;150130;250.00;0.00;0.00;0.00;0.00;0.00;0.00;0.00;0.00;0.00;0.00;50.00;0.00;250.00;236.00;2026-08-17 16:01:51;140117
D68FD8035E26A00787470F838D825A533FBE6A7F;FA000B14669AFA164CA94DE1EF8D776F1539484F;01;D17BF15A89C29850B49EF839FD4338FBB9D95048;1;3;1;DB9DFC7D4F6749A94DE5A73F135DD7852CAB07EA;4;123;H36.0;20260616;01;;;;;;19501002;2;01;150130;250.00;0.00;0.00;0.00;0.00;0.00;0.00;0.00;0.00;0.00;0.00;50.00;0.00;250.00;236.00;2026-08-17 16:01:51;140119
D68FD8035E26A00787470F838D825A533FBE6A7F;FA000B14669AFA164CA94DE1EF8D776F1539484F;01;AE87273048BAA83DD80CE65815D0F08D947AB961;1;1;1;D62F96C1A5AFD3C70A9DC9B6EF08DB0993B71499;4;123;H33.2;20260616;01;;;;;;19650729;1;01;150130;250.00;0.00;0.00;0.00;0.00;0.00;0.00;0.00;0.00;0.00;0.00;50.00;0.00;250.00;236.00;2026-08-17 16:01:51;140141
D68FD8035E26A00787470F838D825A533FBE6A7F;FA000B14669AFA164CA94DE1EF8D776F1539484F;01;36ACEEDB54304AB4666154A7B646E2C2F2DC05AD;1;1;1;BBF25FA2D17A5E6CA6643EB1AAD2780164A1070B;4;123;H40.0;20260616;01;;;;;;19790301;2;02;150130;250.00;0.00;0.00;0.00;0.00;0.00;0.00;0.00;0.00;0.00;0.00;50.00;0.00;250.00;236.00;2026-08-17 16:01:51;140141
D68FD8035E26A00787470F838D825A533FBE6A7F;FA000B14669AFA164CA94DE1EF8D776F1539484F;01;F22737E33C528D2CDC0623EA991BC4857E8F115B;1;1;1;3B89FFFE77DCFF9A68F36B80F664EF06CAAB7F0C;4;123;H40.0;20260616;01;;;;;;19590407;2;02;150130;250.00;0.00;0.00;0.00;0.00;0.00;0.00;0.00;0.00;0.00;0.00;50.00;0.00;250.00;236.00;2026-08-17 16:01:51;140140
D68FD8035E26A00787470F838D825A533FBE6A7F;FA000B14669AFA164CA94DE1EF8D776F1539484F;01;D37E5A6C806B3884DFB0BA1831ACD0AFA5900583;1;3;1;EC5F45DEB410296C3159845EB7DEEF8970C48A85;4;123;H52.1;20260616;01;;;;;;20011119;2;03;150130;250.00;0.00;0.00;0.00;0.00;0.00;0.00;0.00;0.00;0.00;0.00;50.00;0.00;250.00;236.00;2026-08-17 16:01:51;140133
D68FD8035E26A00787470F838D825A533FBE6A7F;FA000B14669AFA164CA94DE1EF8D776F1539484F;01;A176968FEF5CE811E2544BE6DF5E62723E9516CB;1;1;1;B02F39A003549FE3C6FA90D25CA4D3DE93F5CC32;4;123;H40.0;20260617;01;;;;;;19560105;1;01;150130;250.00;0.00;0.00;0.00;0.00;0.00;0.00;0.00;0.00;0.00;0.00;50.00;0.00;250.00;236.00;2026-08-17 16:01:51;140130
D68FD8035E26A00787470F838D825A533FBE6A7F;FA000B14669AFA164CA94DE1EF8D776F1539484F;01;60D1C3D72D58189E522DE2BE160F28FD4DDF9BEC;1;1;1;D6B01A5D8ED0D0CED243BD42C2A73267444CF549;4;123;H04.1;20260617;01;;;;;;19690922;1;01;150130;250.00;0.00;0.00;0.00;0.00;0.00;0.00;0.00;0.00;0.00;0.00;50.00;0.00;250.00;236.00;2026-08-17 16:01:51;140130
D68FD8035E26A00787470F838D825A533FBE6A7F;FA000B14669AFA164CA94DE1EF8D776F1539484F;01;F5EE7849FE162CDD483FF215D40513910E13EDB5;1;1;1;B5A01576F20B5994697E6287CCB4A8535FAED15C;4;123;H35.3;20260618;01;;;;;;19470511;1;01;150130;250.00;0.00;0.00;0.00;0.00;0.00;0.00;0.00;0.00;0.00;0.00;50.00;0.00;250.00;236.00;2026-08-17 16:01:51;140130
D68FD8035E26A00787470F838D825A533FBE6A7F;FA000B14669AFA164CA94DE1EF8D776F1539484F;01;BD989441765782A159D6B26E88EDE89EED080A15;1;3;1;353D950B978EAEC3E1E69CD93D8478F50AC03B9B;4;123;H25.1;20260618;01;;;;;;19591016;1;01;150130;250.00;0.00;0.00;0.00;0.00;0.00;0.00;0.00;0.00;0.00;0.00;50.00;0.00;250.00;236.00;2026-08-17 16:01:51;140101
D68FD8035E26A00787470F838D825A533FBE6A7F;FA000B14669AFA164CA94DE1EF8D776F1539484F;01;8240B5CA67F63E75AD6A7A6671F37AD1D43A5346;1;1;1;BC191C3378743417D39AA98A589205B11D562D20;4;123;H40.1;20260618;01;;;;;;19690228;2;01;150130;250.00;0.00;0.00;0.00;0.00;0.00;0.00;0.00;0.00;0.00;0.00;50.00;0.00;250.00;236.00;2026-08-17 16:01:51;140130
D68FD8035E26A00787470F838D825A533FBE6A7F;FA000B14669AFA164CA94DE1EF8D776F1539484F;01;D93C57C386603F21F75D0C3A3DC483A779694161;1;1;1;8E181EABC7CFB3AFE84752644C67683C27B996FD;4;123;H40.0;20260620;01;;;;;;19801023;1;01;150130;250.00;0.00;0.00;0.00;0.00;0.00;0.00;0.00;0.00;0.00;0.00;50.00;0.00;250.00;236.00;2026-08-17 16:01:51;140103
D68FD8035E26A00787470F838D825A533FBE6A7F;FA000B14669AFA164CA94DE1EF8D776F1539484F;01;2159E31574E902A78E67F223D636D6F391D8105A;1;1;1;4269663B322A635B82FD98C74AC0AB1BB1E4908F;4;123;H35.0;20260620;01;;;;;;19580923;1;02;150130;250.00;0.00;0.00;0.00;0.00;0.00;0.00;0.00;0.00;0.00;0.00;50.00;0.00;250.00;236.00;2026-08-17 16:01:51;140140
D68FD8035E26A00787470F838D825A533FBE6A7F;FA000B14669AFA164CA94DE1EF8D776F1539484F;01;E35E115914F155121FB3A991488C851E09E702A6;1;3;1;2DCCEF7C315343D8BB3B873B31356B8A1D7ABCB1;4;123;H36.0;20260622;01;;;;;;19530806;2;07;150130;250.00;0.00;0.00;0.00;0.00;0.00;0.00;0.00;0.00;0.00;0.00;50.00;0.00;250.00;236.00;2026-08-17 16:01:51;140137
D68FD8035E26A00787470F838D825A533FBE6A7F;FA000B14669AFA164CA94DE1EF8D776F1539484F;01;C56EB31E150EEE4A1C84516288DAC24C07EA7C3B;1;1;1;972C0B398AFF502510B264EC0832429640B9C437;4;123;H50.0;20260622;01;;;;;;19710619;2;01;150130;250.00;0.00;0.00;0.00;0.00;0.00;0.00;0.00;0.00;0.00;0.00;50.00;0.00;250.00;236.00;2026-08-17 16:01:51;140126
D68FD8035E26A00787470F838D825A533FBE6A7F;FA000B14669AFA164CA94DE1EF8D776F1539484F;01;3F7E7376AEB038C40E87E7D3277FF846DB49ABFF;1;1;1;5F5E63DBDDA63B15363D470C7E66C70CFA9682DC;4;123;H40.1;20260622;01;;;;;;19720719;2;02;150130;250.00;0.00;0.00;0.00;0.00;0.00;0.00;0.00;0.00;0.00;0.00;50.00;0.00;250.00;236.00;2026-08-17 16:01:51;140110
D68FD8035E26A00787470F838D825A533FBE6A7F;FA000B14669AFA164CA94DE1EF8D776F1539484F;01;69C39FEE5843545B8168F5DF17E715C7BDC941AB;1;1;1;FC3C0374C28F2C5C4FCB1295078DDF958D453A7C;4;123;H40.0;20260622;01;;;;;;19680919;1;01;150130;250.00;0.00;0.00;0.00;0.00;0.00;0.00;0.00;0.00;0.00;0.00;50.00;0.00;250.00;236.00;2026-08-17 16:01:51;140124
D68FD8035E26A00787470F838D825A533FBE6A7F;FA000B14669AFA164CA94DE1EF8D776F1539484F;01;ADEBBEB76A7F06586430638744BE01C12D44EF50;1;1;1;9EBB34BC4FD7A73B08836B4F1A6ADEE4C53F23FB;4;123;H35.3;20260622;01;;;;;;19701225;1;01;150130;250.00;0.00;0.00;0.00;0.00;0.00;0.00;0.00;0.00;0.00;0.00;50.00;0.00;250.00;236.00;2026-08-17 16:01:51;100104
D68FD8035E26A00787470F838D825A533FBE6A7F;FA000B14669AFA164CA94DE1EF8D776F1539484F;01;C0F08AC0582C07BF2FE0DB68C631B61EAC8CEE53;1;1;1;D39C2E6FBB5840EFD46790F34CB9722EE942A2A9;4;123;H35.8;20260622;01;;;;;;19490716;1;01;150130;250.00;0.00;0.00;0.00;0.00;0.00;0.00;0.00;0.00;0.00;0.00;50.00;0.00;250.00;236.00;2026-08-17 16:01:51;140140
D68FD8035E26A00787470F838D825A533FBE6A7F;FA000B14669AFA164CA94DE1EF8D776F1539484F;01;F582F834B922657A9B4D76203ED03BBE2943A6A4;1;1;1;49FF7CE1888ABC147E3A405EFE529B9C3E45CACF;4;100;N64.4;20260704;01;;;;;;19630920;2;01;150130;3556.70;0.00;0.00;0.00;0.00;0.00;0.00;0.00;0.00;0.00;0.00;1067.01;0.00;3556.70;2937.83;2026-08-17 16:01:51;140130
D68FD8035E26A00787470F838D825A533FBE6A7F;FA000B14669AFA164CA94DE1EF8D776F1539484F;01;46036AA62B23AEF7399BCBB7A37E86236F0FF400;1;1;1;C654CC9BCB27F7F793F0EAECB54B15A916ED48E9;4;123;H35.0;20260708;01;;;;;;19680110;1;01;150130;250.00;0.00;0.00;0.00;0.00;0.00;0.00;0.00;0.00;0.00;0.00;50.00;0.00;250.00;236.00;2026-08-17 16:01:51;140127
D68FD8035E26A00787470F838D825A533FBE6A7F;FA000B14669AFA164CA94DE1EF8D776F1539484F;01;0545FB136B63B893885D899FAA7898DF0CF89FD1;1;1;1;C07A380E4777946A4BF6D7634173AA7247B1923B;4;123;H40.0;20260708;01;;;;;;19851031;2;01;150130;250.00;0.00;0.00;0.00;0.00;0.00;0.00;0.00;0.00;0.00;0.00;50.00;0.00;250.00;236.00;2026-08-17 16:01:51;140133
D68FD8035E26A00787470F838D825A533FBE6A7F;FA000B14669AFA164CA94DE1EF8D776F1539484F;01;8776C3CFD96111A2D7F97A3118BA302D1E231E3D;1;1;1;5B1FAC9EA89274DB25BBFAAE9AA60807AC4EA5B1;6;101;T00.9;20260506;01;;;;;;19510225;1;01;150130;0.00;0.00;0.00;0.00;1144.02;0.00;0.00;0.00;0.00;0.00;0.00;0.00;0.00;1144.02;1349.94;2026-08-17 16:01:51;140140
D68FD8035E26A00787470F838D825A533FBE6A7F;FA000B14669AFA164CA94DE1EF8D776F1539484F;01;FBDA74143AC949F85706B67EF1BDEF0EB0AD7DEA;1;1;1;FDDDB997C85923216368AAF47D6519768B56745E;6;100;R10.4;20260502;01;;;;;;19450919;2;01;150130;0.00;0.00;484.76;0.00;635.56;0.00;0.00;0.00;0.00;0.00;0.00;0.00;0.00;1120.32;1321.98;2026-08-17 16:01:51;140101
D68FD8035E26A00787470F838D825A533FBE6A7F;FA000B14669AFA164CA94DE1EF8D776F1539484F;01;9C04F2A6C741C312B327F2ECC50BD302E516FBAB;1;1;1;5DEB48CC8DA74BBAD85A4F14DE90F33FA5351BBB;6;100;R10.4;20260508;01;;;;;;19860131;2;01;150130;0.00;0.00;484.76;0.00;635.56;0.00;0.00;0.00;0.00;0.00;0.00;0.00;0.00;1120.32;1321.98;2026-08-17 16:01:51;140130
D68FD8035E26A00787470F838D825A533FBE6A7F;FA000B14669AFA164CA94DE1EF8D776F1539484F;01;2E709D2D67B08B50498B5B67805B705193A08241;1;1;1;95B43F27050237448F97D25B7ACD8AE586CAA3EC;6;100;R10.4;20260514;01;;;;;;19770906;2;02;150130;0.00;0.00;484.76;0.00;635.56;0.00;0.00;0.00;0.00;0.00;0.00;0.00;0.00;1120.32;1321.98;2026-08-17 16:01:51;021301
D68FD8035E26A00787470F838D825A533FBE6A7F;FA000B14669AFA164CA94DE1EF8D776F1539484F;01;0BEF929B13E5AE54FD90CFA98075189062252227;1;1;1;A715B1AC28E5DB65F1B6581E3F14D3E3E5D56C52;6;100;R10.3;20260513;01;;;;;;20040430;2;03;150130;0.00;0.00;484.76;0.00;635.56;0.00;0.00;0.00;0.00;0.00;0.00;0.00;0.00;1120.32;1321.98;2026-08-17 16:01:51;140115
D68FD8035E26A00787470F838D825A533FBE6A7F;FA000B14669AFA164CA94DE1EF8D776F1539484F;01;013080BD638858B6972111B666928ED2378B4D9E;1;1;1;46044F91BE57A5F1827528E95522021B3598FAA3;6;100;A09.X;20260513;01;;;;;;19721216;2;01;150130;0.00;0.00;484.76;0.00;635.56;0.00;0.00;0.00;0.00;0.00;0.00;0.00;0.00;1120.32;1321.98;2026-08-17 16:01:51;140140
D68FD8035E26A00787470F838D825A533FBE6A7F;FA000B14669AFA164CA94DE1EF8D776F1539484F;01;882DEB2E84B5E78CEAE6857AFEB9B735EE2B3E47;1;1;1;9E1F51CD420E7E40CA3AFBC4BFC3E5EF18647004;6;100;R10.4;20260514;01;;;;;;19590926;1;02;150130;0.00;0.00;484.76;0.00;635.56;0.00;0.00;0.00;0.00;0.00;0.00;0.00;0.00;1120.32;1321.98;2026-08-17 16:01:51;140110
D68FD8035E26A00787470F838D825A533FBE6A7F;FA000B14669AFA164CA94DE1EF8D776F1539484F;01;D91E8D7B2F26E2D192DA7241E87B6CE61CAADBC7;1;1;1;FC2A2663AF2A47C6DF1FCE7B494C074B1E6CE613;6;100;R10.3;20260514;01;;;;;;19800624;2;02;150130;0.00;0.00;484.76;0.00;635.56;0.00;0.00;0.00;0.00;0.00;0.00;0.00;0.00;1120.32;1321.98;2026-08-17 16:01:51;140124
D68FD8035E26A00787470F838D825A533FBE6A7F;FA000B14669AFA164CA94DE1EF8D776F1539484F;01;B9698D96B0CD30C97E0DBDB521DFA6D7D100DECE;1;1;1;02D9E0D20616D94C18595D5BC68716FDBAE93721;6;100;R10.3;20260514;01;;;;;;20001111;2;03;150130;0.00;0.00;484.76;0.00;635.56;0.00;0.00;0.00;0.00;0.00;0.00;0.00;0.00;1120.32;1321.98;2026-08-17 16:01:51;100401
D68FD8035E26A00787470F838D825A533FBE6A7F;FA000B14669AFA164CA94DE1EF8D776F1539484F;01;E41F798614B22FADFCF368BCA587122C160FE27E;1;1;1;00BB726776B14089505A0DCB6DBEC6368BD3453B;6;100;R10.3;20260515;01;;;;;;19910205;2;01;150130;0.00;0.00;484.76;0.00;635.56;0.00;0.00;0.00;0.00;0.00;0.00;0.00;0.00;1120.32;1321.98;2026-08-17 16:01:51;140137
D68FD8035E26A00787470F838D825A533FBE6A7F;FA000B14669AFA164CA94DE1EF8D776F1539484F;01;D4BE4C12CF947390B4D1BCDAE09D878C5D0CA2BF;1;1;1;9BC9C75BE4D91A3DFADAC53E8C48AEE071B27165;6;100;K52.3;20260518;01;;;;;;20170912;2;03;150130;0.00;0.00;484.76;0.00;635.56;0.00;0.00;0.00;0.00;0.00;0.00;0.00;0.00;1120.32;1321.98;2026-08-17 16:01:51;140103
D68FD8035E26A00787470F838D825A533FBE6A7F;FA000B14669AFA164CA94DE1EF8D776F1539484F;01;F4E67A91C7B7C9F2D84F83C98D0023C53A9AD0ED;1;1;1;8B3C13682AA98875C007C13209C57BE48B0035FA;6;100;R10.4;20260518;01;;;;;;19880606;2;02;150130;0.00;0.00;484.76;0.00;635.56;0.00;0.00;0.00;0.00;0.00;0.00;0.00;0.00;1120.32;1321.98;2026-08-17 16:01:51;140103
D68FD8035E26A00787470F838D825A533FBE6A7F;FA000B14669AFA164CA94DE1EF8D776F1539484F;01;71F983337BC79D810620885ED6CD470C696374E4;1;1;1;418678B02C9772BA89B57C5FB27E456AA5693898;6;100;R10.4;20260518;01;;;;;;19790204;1;02;150130;0.00;0.00;484.76;0.00;635.56;0.00;0.00;0.00;0.00;0.00;0.00;0.00;0.00;1120.32;1321.98;2026-08-17 16:01:51;140131
D68FD8035E26A00787470F838D825A533FBE6A7F;FA000B14669AFA164CA94DE1EF8D776F1539484F;01;0986B2AC84F59F59F8506322CD406E17FA22A387;1;1;2;DC3946BC8DF7658115A886DABE83C7051ECED68B;6;100;R10.3;20260702;01;;;;;;19920904;2;01;150130;0.00;0.00;484.76;0.00;635.56;0.00;0.00;0.00;0.00;0.00;0.00;0.00;0.00;1120.32;1321.98;2026-08-17 16:01:51;
D68FD8035E26A00787470F838D825A533FBE6A7F;FA000B14669AFA164CA94DE1EF8D776F1539484F;01;D41D586573D3B95CDE40D249C1A8C48DCF8D444D;1;1;1;6F745EE9F43EF5F60F8618D0198172BBD1002167;6;100;R10.3;20260704;01;;;;;;19910221;1;01;150130;0.00;0.00;484.76;0.00;635.56;0.00;0.00;0.00;0.00;0.00;0.00;0.00;0.00;1120.32;1321.98;2026-08-17 16:01:51;240105
D68FD8035E26A00787470F838D825A533FBE6A7F;FA000B14669AFA164CA94DE1EF8D776F1539484F;01;DAF1E65E16AEE7CB453E5FC9D7EE61717CCB8952;1;1;1;28B5AC418153178538E83819F90230B35C021656;6;100;R10.4;20260706;01;;;;;;19880331;1;01;150130;0.00;0.00;484.76;0.00;635.56;0.00;0.00;0.00;0.00;0.00;0.00;0.00;0.00;1120.32;1321.98;2026-08-17 16:01:51;140136
D68FD8035E26A00787470F838D825A533FBE6A7F;FA000B14669AFA164CA94DE1EF8D776F1539484F;01;BC709E33CF6C264D434029E9FC6D620720A1BD5F;1;1;1;CE9CA17C346C3B0B1900BBD059DE01CC34A06C95;6;100;K37.X;20260517;01;;;;;;19771012;2;02;150130;0.00;0.00;412.05;0.00;540.23;0.00;0.00;0.00;0.00;0.00;0.00;0.00;0.00;952.28;1123.69;2026-08-17 16:01:51;140110
D68FD8035E26A00787470F838D825A533FBE6A7F;FA000B14669AFA164CA94DE1EF8D776F1539484F;01;FEEE3323B41C38958DAD6B139C98A4B2A39C40C3;1;1;1;F6EABB80C0C82735E8555E49E1077B22B68EF552;6;101;T00.9;20260407;01;;;;;;19740920;2;02;150130;0.00;0.00;0.00;0.00;762.68;0.00;0.00;0.00;0.00;0.00;0.00;0.00;0.00;762.68;899.96;2026-08-17 16:01:51;140132
D68FD8035E26A00787470F838D825A533FBE6A7F;FA000B14669AFA164CA94DE1EF8D776F1539484F;01;E948F1A81ABEA9CA4508FF19416B43DE4798E98F;1;1;1;FD15D306FD245CAB2AFE86A27BFD8D27640E8DD2;4;100;M65.9;20260406;01;;;;;;19750710;2;02;150130;49.74;0.00;0.00;0.00;0.00;13.90;0.00;0.00;0.00;38.14;0.00;2.80;0.00;63.64;323.41;2026-08-17 16:01:52;110333
D68FD8035E26A00787470F838D825A533FBE6A7F;FA000B14669AFA164CA94DE1EF8D776F1539484F;01;54FD456141E4AFCBE4F7CDD3AE0F2C870CAA6797;1;1;1;2D0CE409303FDE8598CFF121BF2D5A371995474C;6;101;T00.9;20260627;01;;;;;;19780225;2;02;150130;0.00;0.00;0.00;0.00;762.68;0.00;0.00;0.00;0.00;0.00;0.00;0.00;0.00;762.68;899.96;2026-08-17 16:01:51;140133
D68FD8035E26A00787470F838D825A533FBE6A7F;FA000B14669AFA164CA94DE1EF8D776F1539484F;01;F5188D3D396CC7B63E7A61E143A8E32F26C62899;1;1;1;0E8803CF2592ADAF40A9C5BC35EBDDFB4B9F690D;6;100;N23.X;20260507;01;;;;;;19741111;2;01;150130;0.00;0.00;0.00;0.00;635.56;0.00;0.00;0.00;0.00;0.00;0.00;0.00;0.00;635.56;749.96;2026-08-17 16:01:51;140109
D68FD8035E26A00787470F838D825A533FBE6A7F;FA000B14669AFA164CA94DE1EF8D776F1539484F;01;E6D129A226C518CED59DBC8BB4CE646AB948769F;1;1;1;299C4F8B20E011438519AD1C0726D471932293A3;6;100;N23.X;20260517;01;;;;;;19810718;1;01;150130;0.00;0.00;0.00;0.00;635.56;0.00;0.00;0.00;0.00;0.00;0.00;0.00;0.00;635.56;749.96;2026-08-17 16:01:51;140109
D68FD8035E26A00787470F838D825A533FBE6A7F;FA000B14669AFA164CA94DE1EF8D776F1539484F;01;22A1DE6252B23A8B20B270D815BCCF0C6294934D;1;1;1;69D112D3BBB0C4E01614237CEA8B20A5A01D2458;4;100;Z51.4;20260406;01;;;;;;19750924;1;01;150130;74.61;0.00;0.00;0.00;0.00;0.00;0.00;0.00;0.00;0.00;0.00;14.92;0.00;74.61;354.12;2026-08-17 16:01:52;140103
D68FD8035E26A00787470F838D825A533FBE6A7F;FA000B14669AFA164CA94DE1EF8D776F1539484F;01;237BD179E969AF9942A9A768C79BFCB9D539E636;1;1;1;75EF6FE3309BE4342FC9666322717193B28F1E7D;4;100;R52.9;20260407;01;;;;;;19961212;1;01;150130;49.74;0.00;0.00;0.00;0.00;0.00;0.00;0.00;0.00;55.08;0.00;0.00;0.00;49.74;306.73;2026-08-17 16:01:52;140139
D68FD8035E26A00787470F838D825A533FBE6A7F;FA000B14669AFA164CA94DE1EF8D776F1539484F;01;ADBD86B6997F72CC992211B008FFE86081FAD37E;1;1;1;7774C67F05CBCFD9BBFD5280048712F972447997;4;100;N63.X;20260427;01;;;;;;19870730;2;01;150130;0.00;0.00;0.00;0.00;162.49;0.00;0.00;0.00;0.00;0.00;0.00;32.50;0.00;162.49;333.37;2026-08-17 16:01:52;140103
D68FD8035E26A00787470F838D825A533FBE6A7F;FA000B14669AFA164CA94DE1EF8D776F1539484F;01;1E7B34EAF3D905ED6CF6EA5CE35C2694EF9841B8;1;1;1;C247A0351B757FED02EE2F90AC6C3D9A12BFFF1D;4;100;S66.3;20260422;01;;;;;;19880609;1;01;150130;49.74;0.00;0.00;0.00;0.00;0.00;0.00;0.00;0.00;38.14;0.00;0.00;0.00;49.74;326.72;2026-08-17 16:01:52;140108
D68FD8035E26A00787470F838D825A533FBE6A7F;FA000B14669AFA164CA94DE1EF8D776F1539484F;01;CC611314C879D85F727231B89D17F4AA54DD3E8B;1;1;1;82888BBFF3DB1232F0553D59BB4BA462730046D5;4;100;E30.1;20260406;01;;;;;;20161014;2;03;150130;49.74;0.00;0.00;0.00;0.00;0.00;0.00;0.00;0.00;55.08;0.00;0.00;0.00;49.74;241.73;2026-08-17 16:01:52;240101
D68FD8035E26A00787470F838D825A533FBE6A7F;FA000B14669AFA164CA94DE1EF8D776F1539484F;01;CC611314C879D85F727231B89D17F4AA54DD3E8B;2;1;1;82888BBFF3DB1232F0553D59BB4BA462730046D5;4;100;G44.8;20260420;01;;;;;;20161014;2;03;150130;49.74;0.00;0.00;0.00;0.00;0.00;0.00;0.00;0.00;55.08;0.00;0.00;0.00;49.74;241.73;2026-08-17 16:01:52;240101
D68FD8035E26A00787470F838D825A533FBE6A7F;FA000B14669AFA164CA94DE1EF8D776F1539484F;01;780969D5D8F1B5DE60604EB5B2821E9F25396DB1;1;1;1;D931862E2106F2F5AF7C7359999C106FCF1F87FA;4;100;M80.1;20260427;01;;;;;;19681227;2;01;150130;0.00;0.00;0.00;0.00;365.60;0.00;0.00;0.00;0.00;0.00;0.00;91.40;0.00;365.60;263.87;2026-08-17 16:01:52;140103
D68FD8035E26A00787470F838D825A533FBE6A7F;FA000B14669AFA164CA94DE1EF8D776F1539484F;01;4F8873C3D19FEE6D62BA4D404FABE5D804361929;1;1;1;E162FF2FA9D6CDEEE55696D9949731BEA8BCC169;4;100;M72.5;20260406;01;;;;;;19990813;2;01;150130;49.74;0.00;0.00;0.00;203.21;0.00;0.00;0.00;0.00;42.37;0.00;50.80;0.00;252.95;261.78;2026-08-17 16:01:52;130201
D68FD8035E26A00787470F838D825A533FBE6A7F;FA000B14669AFA164CA94DE1EF8D776F1539484F;01;4222DA7DFD124D48B9E8F16162EC1AA6CFAA3EAA;1;1;1;C7339FD82D100C9B2D33B3AF5825A86294C1E2B4;4;100;K29.7;20260422;01;;;;;;19740511;1;01;150130;0.00;0.00;0.00;0.00;89.37;93.53;0.00;0.00;0.00;0.00;0.00;36.58;0.00;182.90;328.56;2026-08-17 16:01:52;140130
D68FD8035E26A00787470F838D825A533FBE6A7F;FA000B14669AFA164CA94DE1EF8D776F1539484F;01;993FBFDE086B0E5347EAE94A0563AFFE9DB530D0;1;1;1;4565E69321A2C47C49E34EA363B44AAB8ACF0C96;4;100;J45.9;20260405;01;;;;;;19761028;1;01;150130;49.74;0.00;0.00;0.00;0.00;276.70;0.00;0.00;0.00;38.14;0.00;69.17;0.00;326.44;245.10;2026-08-17 16:01:52;140124
D68FD8035E26A00787470F838D825A533FBE6A7F;FA000B14669AFA164CA94DE1EF8D776F1539484F;01;B5EE031A50CA828BF7C4BDB099337D2729734E07;1;1;1;91656E424EA53F532DE7430A90A58F4B8B0770EE;4;305;O26.9;20260407;01;;;;;;19950720;2;02;150130;96.78;0.00;0.00;0.00;0.00;0.00;0.00;0.00;0.00;0.00;0.00;4.70;0.00;96.78;352.97;2026-08-17 16:01:52;140130
D68FD8035E26A00787470F838D825A533FBE6A7F;FA000B14669AFA164CA94DE1EF8D776F1539484F;01;B5EE031A50CA828BF7C4BDB099337D2729734E07;2;1;1;91656E424EA53F532DE7430A90A58F4B8B0770EE;4;100;Z51.4;20260410;01;;;;;;19950720;2;02;150130;74.61;0.00;0.00;0.00;0.00;0.00;0.00;0.00;0.00;0.00;0.00;11.19;0.00;74.61;352.97;2026-08-17 16:01:52;140130
D68FD8035E26A00787470F838D825A533FBE6A7F;FA000B14669AFA164CA94DE1EF8D776F1539484F;01;106C69A38E2CCB091580F69C8FC97680680CB4EC;1;1;1;6DDD6014B2194E1B9C24DE35D181FE3B629AC63B;4;100;J00.X;20260526;01;;;;;;20250127;2;03;150130;49.74;0.00;0.00;97.50;0.00;152.03;0.00;0.00;0.00;46.61;0.00;62.39;0.00;299.27;243.10;2026-08-17 16:01:52;
D68FD8035E26A00787470F838D825A533FBE6A7F;FA000B14669AFA164CA94DE1EF8D776F1539484F;01;0036C430E84769157F3E5E2B65C627167B47A7BA;1;1;1;E7641A6C6770A4E945101A8F7660A0BDFFE5C383;4;100;J00.X;20260512;01;;;;;;20250420;1;03;150130;49.74;0.00;0.00;0.00;0.00;29.38;0.00;0.00;0.00;38.14;0.00;7.35;0.00;79.12;318.05;2026-08-17 16:01:52;140124
D68FD8035E26A00787470F838D825A533FBE6A7F;FA000B14669AFA164CA94DE1EF8D776F1539484F;01;1ED1A73157A371BA4A42CA221C910AA8F69BEB98;1;1;1;A4CC11AF75C0A8BADA3A0AF4A9E1C9BBB82E06F5;4;123;H52.7;20260518;01;;;;;;19861019;2;01;150130;49.74;0.00;0.00;0.00;0.00;236.57;0.00;0.00;0.00;29.66;0.00;35.49;0.00;286.31;294.85;2026-08-17 16:01:52;140114
D68FD8035E26A00787470F838D825A533FBE6A7F;FA000B14669AFA164CA94DE1EF8D776F1539484F;01;0CBE34EA048D713A40574D63663B0583E6540F4B;1;1;1;2373B77AEB0D2D128A77A1AABD7181254B958ED8;4;100;M35.7;20260504;01;;;;;;19890719;2;01;150130;49.74;0.00;0.00;0.00;0.00;0.00;0.00;0.00;0.00;42.37;0.00;0.00;0.00;49.74;321.73;2026-08-17 16:01:52;140141
D68FD8035E26A00787470F838D825A533FBE6A7F;FA000B14669AFA164CA94DE1EF8D776F1539484F;01;5AC0B21E0FD07950D5925788B27579ED748363C6;1;1;2;823AB00F58EF1E069159A1F2652E6331D525BD75;4;100;I87.9;20260518;01;;;;;;19920507;2;01;150130;0.00;0.00;0.00;0.00;580.32;0.00;0.00;0.00;0.00;0.00;0.00;174.10;0.00;580.32;166.29;2026-08-17 16:01:52;
D68FD8035E26A00787470F838D825A533FBE6A7F;FA000B14669AFA164CA94DE1EF8D776F1539484F;01;5D0CFD062CBCF1710C4B3163CC13EA756FBB4BC0;1;1;1;4719B88ACEB6AF3E22570B32CAF38B063B1621D3;4;100;M81.9;20260509;01;;;;;;19700616;2;01;150130;0.00;0.00;0.00;0.00;365.60;0.00;0.00;0.00;0.00;0.00;0.00;73.12;0.00;365.60;285.44;2026-08-17 16:01:52;140101
D68FD8035E26A00787470F838D825A533FBE6A7F;FA000B14669AFA164CA94DE1EF8D776F1539484F;01;3B7049D311E01733BD1210A7273F013D8FE2EB80;1;1;1;CB63B6778F8CA9C701CE050D2F82717CACBF57B8;4;100;B07.X;20260506;01;;;;;;20130403;1;03;150130;49.74;0.00;0.00;0.00;0.00;0.00;0.00;0.00;0.00;42.37;0.00;0.00;0.00;49.74;321.73;2026-08-17 16:01:52;140131
D68FD8035E26A00787470F838D825A533FBE6A7F;FA000B14669AFA164CA94DE1EF8D776F1539484F;01;1A72359829E1CF76E8BCA1EF4C5323BCD5D7B938;1;1;1;06F2127AB8D8536500549DD2D864038990E4C0E0;4;100;E16.9;20260528;01;;;;;;19830727;2;01;150130;49.74;0.00;0.00;0.00;0.00;0.00;0.00;126.60;0.00;50.85;0.00;0.00;25.20;176.34;286.52;2026-08-17 16:01:52;140130
D68FD8035E26A00787470F838D825A533FBE6A7F;FA000B14669AFA164CA94DE1EF8D776F1539484F;01;D99B336269086B04580BB5BF412901A71B1C8A68;1;1;1;F69BA0B8C1383B021AD179F89B00AAC02565B25A;4;100;S83.4;20260529;01;;;;;;20150311;2;03;150130;49.74;0.00;0.00;0.00;0.00;0.00;0.00;0.00;0.00;59.32;0.00;0.00;0.00;49.74;301.73;2026-08-17 16:01:52;140126
D68FD8035E26A00787470F838D825A533FBE6A7F;FA000B14669AFA164CA94DE1EF8D776F1539484F;01;C5EC511FC0F4366DAB414CF9A8E64761B58A7327;1;1;1;603A7908FAA332ECE969CC7F46EFCFAFB62C1CA6;4;100;S76.4;20260523;01;;;;;;20130526;1;03;150130;49.74;0.00;0.00;0.00;0.00;0.00;0.00;0.00;0.00;46.61;0.00;0.00;0.00;49.74;316.72;2026-08-17 16:01:52;140115
D68FD8035E26A00787470F838D825A533FBE6A7F;FA000B14669AFA164CA94DE1EF8D776F1539484F;01;6189F70A39BE013E6F323BB645EF9B114A16F83B;1;1;1;FCE1E336D1C828D32EA73A246EED895C28CC80F7;4;100;E04.2;20260518;01;;;;;;19771201;2;01;150130;49.74;0.00;0.00;0.00;0.00;0.00;0.00;128.40;0.00;42.37;0.00;0.00;25.80;178.14;295.93;2026-08-17 16:01:52;140113
D68FD8035E26A00787470F838D825A533FBE6A7F;FA000B14669AFA164CA94DE1EF8D776F1539484F;01;DD3D40EAED8B12F98A4198A1CCB42599F565E374;1;1;1;73EB3A01110A8F217F6F7C4101892C229452A43B;4;123;H52.1;20260514;01;;;;;;20141016;2;03;150130;792.15;0.00;0.00;0.00;0.00;125.20;0.00;0.00;0.00;16.95;0.00;130.14;0.00;917.35;198.16;2026-08-17 16:01:52;140126
D68FD8035E26A00787470F838D825A533FBE6A7F;FA000B14669AFA164CA94DE1EF8D776F1539484F;01;B3D767C7FF52C8C2A62CDFC00AE4A97D32844E5D;1;1;1;5539E5C77C7A093523A90C9D12A43B322D5C106A;4;100;N64.4;20260521;01;;;;;;19570225;2;02;150130;49.74;0.00;0.00;0.00;0.00;88.31;0.00;0.00;0.00;46.61;0.00;17.66;0.00;138.05;295.89;2026-08-17 16:01:52;140140
D68FD8035E26A00787470F838D825A533FBE6A7F;FA000B14669AFA164CA94DE1EF8D776F1539484F;01;CF20F8E1F78C20AF845616A0CD71442404AA2416;1;1;1;8EFE306374169F182C9F8B28F5C246076718A7CA;4;100;N76.1;20260506;01;;;;;;19731107;2;02;150130;85.70;0.00;65.22;0.00;0.00;13.69;0.00;0.00;0.00;38.14;0.00;22.98;0.00;164.61;299.60;2026-08-17 16:01:52;140101
D68FD8035E26A00787470F838D825A533FBE6A7F;FA000B14669AFA164CA94DE1EF8D776F1539484F;01;B3EF88A7651563A3CB60F08CE18C5BABC6825C43;1;1;1;F86EB688CFCC4524B34575466FDE545314ABC596;4;100;N76.2;20260511;01;;;;;;20190926;2;03;150130;49.74;0.00;0.00;0.00;0.00;84.76;0.00;0.00;0.00;50.85;0.00;25.43;0.00;134.50;281.71;2026-08-17 16:01:52;140140
D68FD8035E26A00787470F838D825A533FBE6A7F;FA000B14669AFA164CA94DE1EF8D776F1539484F;01;18D5B01A64A4670146D6601A638CC9BA7F1B18B4;1;1;1;74D684DFC4762B83BDA87A0621DC653947F57E2F;4;123;H52.7;20260506;01;;;;;;19730601;1;01;150130;49.74;0.00;0.00;0.00;0.00;191.36;0.00;0.00;0.00;21.19;0.00;28.71;0.00;241.10;312.84;2026-08-17 16:01:52;140106
D68FD8035E26A00787470F838D825A533FBE6A7F;FA000B14669AFA164CA94DE1EF8D776F1539484F;01;5344E9BEB6BF2461A2BB7FEFE2BA49A06E5B293F;1;1;1;11EF013284C2EF6208413BABABA5D4A4F9A1BD14;4;100;S46.0;20260511;01;;;;;;19751201;1;02;150130;49.74;0.00;0.00;0.00;0.00;0.00;0.00;0.00;0.00;50.85;0.00;0.00;0.00;49.74;311.72;2026-08-17 16:01:52;140111
D68FD8035E26A00787470F838D825A533FBE6A7F;FA000B14669AFA164CA94DE1EF8D776F1539484F;01;0BDB1A09648B17E06F141595E01381ED426E296F;1;1;1;13FADC2AEC34704937FBE4C4A28C287EC1332B37;4;100;H65.0;20260506;01;;;;;;19941105;2;02;150130;49.74;0.00;0.00;0.00;0.00;44.31;0.00;0.00;0.00;42.37;0.00;8.89;0.00;94.05;311.24;2026-08-17 16:01:52;120107
D68FD8035E26A00787470F838D825A533FBE6A7F;FA000B14669AFA164CA94DE1EF8D776F1539484F;01;71C3C14455A8C9746D81A29BA252F2EFEEACC756;1;1;1;29579F3502C62C52B59B65C72E609DBBEA169BEB;4;100;N28.1;20260515;01;;;;;;20101022;2;03;150130;49.74;0.00;0.00;0.00;0.00;0.00;0.00;0.00;0.00;46.61;0.00;0.00;0.00;49.74;316.72;2026-08-17 16:01:52;140130
D68FD8035E26A00787470F838D825A533FBE6A7F;FA000B14669AFA164CA94DE1EF8D776F1539484F;01;AE9B5DCBF7F08CB9922822B6A1294A3CB5C209A7;1;1;1;927007A299C27FCF8C7D09F9710332CC1559A617;4;100;M79.7;20260511;01;;;;;;19901105;2;01;150130;49.74;0.00;0.00;0.00;0.00;95.20;0.00;0.00;0.00;55.08;0.00;28.40;0.00;144.94;273.22;2026-08-17 16:01:52;140137
D68FD8035E26A00787470F838D825A533FBE6A7F;FA000B14669AFA164CA94DE1EF8D776F1539484F;01;BA5DF0E55520D9AF37D0CEFCFABC8121018DFAC1;1;1;1;E8DA6BAF02F8C954AF3391EFD08AB224141C22B4;4;100;J02.9;20260506;01;;;;;;19700412;1;01;150130;49.74;0.00;0.00;0.00;0.00;123.01;0.00;0.00;0.00;38.14;0.00;18.48;0.00;172.75;304.91;2026-08-17 16:01:52;140103
D68FD8035E26A00787470F838D825A533FBE6A7F;FA000B14669AFA164CA94DE1EF8D776F1539484F;01;2116253F8447C82D22F8D72226D7BC716EDBAF4A;1;1;1;5E047461F57D1D600F48EE18ABBA256B60E95453;4;100;J06.0;20260508;01;;;;;;19780408;1;01;150130;49.74;0.00;0.00;0.00;0.00;28.32;0.00;0.00;0.00;55.08;0.00;7.10;0.00;78.06;298.35;2026-08-17 16:01:52;140140
D68FD8035E26A00787470F838D825A533FBE6A7F;FA000B14669AFA164CA94DE1EF8D776F1539484F;01;5E97E3B554DE4CFFE68C178EE7610B408755151B;1;1;1;7EBA44201EEFB8316F76424A5B145E90FA1CA273;4;100;M80.9;20260525;01;;;;;;19670205;2;01;150130;0.00;0.00;0.00;0.00;365.60;0.00;0.00;0.00;0.00;0.00;0.00;91.40;0.00;365.60;263.87;2026-08-17 16:01:52;140131
D68FD8035E26A00787470F838D825A533FBE6A7F;FA000B14669AFA164CA94DE1EF8D776F1539484F;01;16D870B70AB2F4329D700D36297D3530AC4005BB;1;1;1;8393E10EDE438D3D354CEEBEE73D5C2781109D6F;4;100;D35.2;20260505;01;;;;;;19850223;2;01;150130;49.74;0.00;0.00;0.00;0.00;0.00;0.00;0.00;0.00;38.14;0.00;0.00;0.00;49.74;326.72;2026-08-17 16:01:52;140103
D68FD8035E26A00787470F838D825A533FBE6A7F;FA000B14669AFA164CA94DE1EF8D776F1539484F;01;CDBCA2886DFE6EB2CD714A63BA8706875F06B031;1;1;1;1B90CBA4F463D8113E401633A75A471477351054;4;100;S93.4;20260511;01;;;;;;19860524;2;01;150130;49.74;0.00;0.00;0.00;0.00;0.00;0.00;0.00;0.00;46.61;0.00;0.00;0.00;49.74;316.72;2026-08-17 16:01:52;140114
D68FD8035E26A00787470F838D825A533FBE6A7F;FA000B14669AFA164CA94DE1EF8D776F1539484F;01;4F91E7D565425D32AA3D19CB1CF819118377592B;1;3;1;A13812640A843AAACE853881F070D0F23587E452;4;100;E07.9;20260511;01;;;;;;19860514;2;01;150130;49.74;0.00;0.00;0.00;0.00;0.00;0.00;0.00;0.00;46.61;0.00;0.00;0.00;49.74;316.72;2026-08-17 16:01:52;140115
D68FD8035E26A00787470F838D825A533FBE6A7F;FA000B14669AFA164CA94DE1EF8D776F1539484F;01;45BEBD69D09ADE41B59E52FDA76A6AE0B444288D;1;1;1;4D37EEB5B692288BAB5923B466380B94B0B48D25;4;100;M41.2;20260506;01;;;;;;19970202;2;01;150130;145.64;0.00;44.03;0.00;0.00;90.63;0.00;0.00;0.00;55.08;0.00;69.17;0.00;280.30;225.11;2026-08-17 16:01:52;140101
D68FD8035E26A00787470F838D825A533FBE6A7F;FA000B14669AFA164CA94DE1EF8D776F1539484F;01;ADAEEEF3782EC8EF67AC63821AA9662FE3C1C0AB;1;1;1;851F9DA69FB0F7E081793890ABF3157DCE2D4A9E;4;100;R10.4;20260519;01;;;;;;20091221;2;03;150130;49.74;0.00;0.00;0.00;0.00;0.00;0.00;0.00;0.00;46.61;0.00;0.00;0.00;49.74;316.72;2026-08-17 16:01:52;140901
D68FD8035E26A00787470F838D825A533FBE6A7F;FA000B14669AFA164CA94DE1EF8D776F1539484F;01;89D6B1259FFF7A0D27DE2FEC11E21C6A370F27F7;1;3;1;D2AC4F7639C53AEBE1B2A10BDD8849C8A7E02E9D;4;100;S52.5;20260515;01;;;;;;19560925;1;07;150130;49.74;0.00;0.00;0.00;0.00;0.00;0.00;0.00;0.00;46.61;0.00;0.00;0.00;49.74;316.72;2026-08-17 16:01:52;140143
D68FD8035E26A00787470F838D825A533FBE6A7F;FA000B14669AFA164CA94DE1EF8D776F1539484F;01;48A864F51AB20DFBA2EBAF36D68CD47AB2E253CB;1;1;1;8B9FE40DE69BB2C603F0731BD3A4308E1D8A05C9;4;100;J06.0;20260511;01;;;;;;19910817;2;01;150130;49.74;0.00;0.00;0.00;0.00;129.72;0.00;0.00;0.00;38.14;0.00;25.92;0.00;179.46;296.13;2026-08-17 16:01:52;140114
D68FD8035E26A00787470F838D825A533FBE6A7F;FA000B14669AFA164CA94DE1EF8D776F1539484F;01;4031E10BD9B237DB2432CE747C371A9FD1DE4031;1;1;1;E70716E39E66480CDF1890EF23665F26CC75D42A;4;100;N40.X;20260529;01;;;;;;19710308;1;01;150130;49.74;0.00;0.00;0.00;341.23;200.70;0.00;0.00;0.00;38.14;0.00;81.48;0.00;591.67;230.57;2026-08-17 16:01:52;140115
D68FD8035E26A00787470F838D825A533FBE6A7F;FA000B14669AFA164CA94DE1EF8D776F1539484F;01;BFBE0F33C9AB667D1B33F7ED9E2ED25C2FB77F43;1;1;1;26F0ED0EDC07B80F1492638408A3F20752ED45B8;4;100;J00.X;20260511;01;;;;;;20110822;1;03;150130;49.74;0.00;0.00;0.00;0.00;9.90;0.00;0.00;0.00;42.37;0.00;2.49;0.00;59.64;318.79;2026-08-17 16:01:52;140103
D68FD8035E26A00787470F838D825A533FBE6A7F;FA000B14669AFA164CA94DE1EF8D776F1539484F;01;321B0D22D2182B97848F8718C0D6170D13643A5B;1;1;1;B5B8DD1B045A44A4206BB801B4C9C49862D9309D;4;100;J00.X;20260519;01;;;;;;20230920;1;03;150130;49.74;0.00;0.00;0.00;0.00;67.60;0.00;0.00;0.00;38.14;0.00;13.52;0.00;117.34;310.76;2026-08-17 16:01:52;
D68FD8035E26A00787470F838D825A533FBE6A7F;FA000B14669AFA164CA94DE1EF8D776F1539484F;01;721D80346ECCE6BEA865DB79A16E3D6037100888;1;1;1;597F6EB168F75AA43824390543231C3DD6C27459;4;100;J00.X;20260511;01;;;;;;19770522;1;01;150130;49.74;0.00;0.00;0.00;0.00;39.27;0.00;0.00;0.00;38.14;0.00;5.94;0.00;89.01;319.71;2026-08-17 16:01:52;140140
D68FD8035E26A00787470F838D825A533FBE6A7F;FA000B14669AFA164CA94DE1EF8D776F1539484F;01;C7C796BD00B42C5DDD1E984AF5BD6EEA714BAD5D;1;1;1;9E53939A19287BD1D15A9980BF2415A851CFFFB1;4;100;R10.4;20260506;01;;;;;;19931215;1;01;150130;49.74;0.00;0.00;218.05;0.00;66.37;0.00;0.00;0.00;33.90;0.00;56.85;0.00;334.16;264.64;2026-08-17 16:01:52;140408
D68FD8035E26A00787470F838D825A533FBE6A7F;FA000B14669AFA164CA94DE1EF8D776F1539484F;01;71E699A0564166C3144DFD504B5B51D6AE13EE68;1;1;1;584D6D32961D07AC536CFAE175EEA6FE91F431D2;4;100;D48.1;20260506;01;;;;;;19921221;1;01;150130;49.74;0.00;0.00;0.00;0.00;176.01;0.00;0.00;0.00;46.61;0.00;26.35;0.00;225.75;285.63;2026-08-17 16:01:52;140130
D68FD8035E26A00787470F838D825A533FBE6A7F;FA000B14669AFA164CA94DE1EF8D776F1539484F;01;B879A3AFE8BD4E9DB6F370B106B3C63AF5CF2C11;1;1;1;A67FFDC30C782936D0B906D96DD0AF776E79A536;4;100;N63.X;20260504;01;;;;;;19880304;2;01;150130;0.00;0.00;0.00;0.00;162.49;0.00;0.00;0.00;0.00;0.00;0.00;40.62;0.00;162.49;323.79;2026-08-17 16:01:52;140141
D68FD8035E26A00787470F838D825A533FBE6A7F;FA000B14669AFA164CA94DE1EF8D776F1539484F;01;946270539F812487F3FE57F129B6CA98C8E8CB38;1;1;1;6DBCEDFE2CDF7FBB4A990C2799CB864ED82C9304;4;100;D46.9;20260520;01;;;;;;19380104;1;02;150130;49.74;0.00;0.00;0.00;0.00;0.00;0.00;0.00;0.00;76.27;0.00;0.00;0.00;49.74;281.73;2026-08-17 16:01:52;140115
D68FD8035E26A00787470F838D825A533FBE6A7F;FA000B14669AFA164CA94DE1EF8D776F1539484F;01;30354BC3112E7EC329195BB90EF096CA0A0A5F31;1;1;2;920A0EE750B460AAD28A3DD41DBEC01076ACFC5C;4;100;S82.6;20260513;01;;;;;;19790425;2;01;150130;49.74;0.00;0.00;0.00;73.12;0.00;0.00;0.00;0.00;38.14;0.00;18.28;0.00;122.86;305.15;2026-08-17 16:01:52;
D68FD8035E26A00787470F838D825A533FBE6A7F;FA000B14669AFA164CA94DE1EF8D776F1539484F;01;9AB018B2F4ECAC21846E4E230A0FBE196673E1A1;1;1;1;2638B42ACD3C59F449DF22101F0B72E41EC870E5;4;100;Z48.9;20260507;01;;;;;;19761108;1;01;150130;38.81;0.00;0.00;0.00;0.00;0.00;0.00;0.00;0.00;0.00;0.00;9.70;0.00;38.81;360.28;2026-08-17 16:01:52;140130
D68FD8035E26A00787470F838D825A533FBE6A7F;FA000B14669AFA164CA94DE1EF8D776F1539484F;01;CC7F73B286AB92CBE05A2987A86455FE819E4BC2;1;1;1;3A8A8D2271D9D479A4F8ECC3762E44D6D7610268;4;100;J45.0;20260506;01;;;;;;20230703;2;03;150130;49.74;0.00;0.00;0.00;0.00;76.84;0.00;0.00;0.00;42.37;0.00;19.21;0.00;126.58;299.06;2026-08-17 16:01:52;140101
D68FD8035E26A00787470F838D825A533FBE6A7F;FA000B14669AFA164CA94DE1EF8D776F1539484F;01;5E6C5D3828CF088C9068273404DB70FE1FDFC553;1;3;1;E2A34AE5ED6A463A1E42CB0C13835FC01DC6A500;4;100;N39.0;20260530;01;;;;;;20030127;2;03;150130;49.74;0.00;0.00;73.12;0.00;101.79;0.00;0.00;0.00;38.14;0.00;43.73;0.00;224.65;275.12;2026-08-17 16:01:52;120107
D68FD8035E26A00787470F838D825A533FBE6A7F;FA000B14669AFA164CA94DE1EF8D776F1539484F;01;48FDCCEA840CA501286D622D9F49EA54E70A7DFD;1;3;1;C98C45BA641483B887D39F1DD9AA9CA630CCE6FD;4;100;L70.1;20260505;01;;;;;;20070426;1;03;150130;49.74;0.00;0.00;0.00;0.00;64.20;0.00;0.00;0.00;33.90;0.00;12.60;0.00;113.94;316.85;2026-08-17 16:01:52;120101
D68FD8035E26A00787470F838D825A533FBE6A7F;FA000B14669AFA164CA94DE1EF8D776F1539484F;01;703E2C3C95BBA83375D07975448FBC3BAD10888E;1;1;1;2A7CED90525B4C6C90FA2B96F484B2801BA2D642;4;100;R52.9;20260506;01;;;;;;20240910;1;03;150130;49.74;0.00;0.00;0.00;0.00;0.00;0.00;0.00;0.00;76.27;0.00;0.00;0.00;49.74;281.73;2026-08-17 16:01:52;
D68FD8035E26A00787470F838D825A533FBE6A7F;FA000B14669AFA164CA94DE1EF8D776F1539484F;01;2B0AF9AE1155AF4DA51F74E491CE8EBDF3CAED41;1;1;2;4C29CF79ED4D4C4E01E825D16598E66B4A85BA9C;4;100;N20.1;20260508;01;;;;;;19890424;1;02;150130;49.74;0.00;0.00;0.00;0.00;18.50;0.00;0.00;0.00;38.14;0.00;3.70;0.00;68.24;322.35;2026-08-17 16:01:52;
D68FD8035E26A00787470F838D825A533FBE6A7F;FA000B14669AFA164CA94DE1EF8D776F1539484F;01;539DF9CA227845D419E338A455FB436A7B02A939;1;3;1;22A7283791A8ED5B570C3E23681317C5340F45F5;4;100;N61.X;20260518;01;;;;;;19490606;2;07;150130;49.74;0.00;0.00;0.00;0.00;0.00;0.00;0.00;0.00;55.08;0.00;0.00;0.00;49.74;176.74;2026-08-17 16:01:52;140108
D68FD8035E26A00787470F838D825A533FBE6A7F;FA000B14669AFA164CA94DE1EF8D776F1539484F;01;539DF9CA227845D419E338A455FB436A7B02A939;2;3;1;22A7283791A8ED5B570C3E23681317C5340F45F5;4;100;N61.X;20260518;01;;;;;;19490606;2;07;150130;49.74;0.00;0.00;0.00;0.00;0.00;0.00;0.00;0.00;55.08;0.00;0.00;0.00;49.74;176.74;2026-08-17 16:01:52;140108
D68FD8035E26A00787470F838D825A533FBE6A7F;FA000B14669AFA164CA94DE1EF8D776F1539484F;01;539DF9CA227845D419E338A455FB436A7B02A939;3;3;1;22A7283791A8ED5B570C3E23681317C5340F45F5;4;100;N61.X;20260529;01;;;;;;19490606;2;07;150130;49.74;0.00;0.00;0.00;0.00;0.00;0.00;0.00;0.00;55.08;0.00;0.00;0.00;49.74;176.74;2026-08-17 16:01:52;140108
D68FD8035E26A00787470F838D825A533FBE6A7F;FA000B14669AFA164CA94DE1EF8D776F1539484F;01;D0924BE750F3DCD61D002B883895DDB3160BDD78;1;1;1;02DB9F80A998B646C7E910E171023E5001400064;4;100;A08.4;20260529;01;;;;;;20250315;1;03;150130;49.74;0.00;0.00;0.00;0.00;54.30;0.00;0.00;0.00;50.85;0.00;13.60;0.00;104.04;295.67;2026-08-17 16:01:52;140136
D68FD8035E26A00787470F838D825A533FBE6A7F;FA000B14669AFA164CA94DE1EF8D776F1539484F;01;0CE1C032E17139D66C315C7E79C0EA04ED98838B;1;1;1;B329C286C45969113B184A8F8E04F43FE61CFDBD;4;100;N92.6;20260506;01;;;;;;19750802;2;02;150130;49.74;0.00;0.00;186.50;0.00;54.67;0.00;0.00;0.00;55.08;0.00;60.28;0.00;290.91;235.60;2026-08-17 16:01:52;140110
D68FD8035E26A00787470F838D825A533FBE6A7F;FA000B14669AFA164CA94DE1EF8D776F1539484F;01;07F60E329C0B936A118A4172DFB3F3888D90C967;1;1;1;BF64EF76196D79F9719D831ED28E2B4503F24BC4;4;100;J32.9;20260504;01;;;;;;19900328;1;01;150130;45.67;0.00;0.00;0.00;0.00;0.00;0.00;0.00;0.00;0.00;0.00;6.85;0.00;45.67;363.64;2026-08-17 16:01:52;140115
D68FD8035E26A00787470F838D825A533FBE6A7F;FA000B14669AFA164CA94DE1EF8D776F1539484F;01;5D989FEFAFF25BF8760D3CC77887BBDBAE91A242;1;1;1;26621F20839F0DAF9D484BA0B3253B306846FAE2;4;100;M54.5;20260528;01;;;;;;19890510;2;02;150130;49.74;0.00;0.00;0.00;0.00;0.00;0.00;0.00;0.00;42.37;0.00;0.00;0.00;49.74;321.73;2026-08-17 16:01:52;040107
D68FD8035E26A00787470F838D825A533FBE6A7F;FA000B14669AFA164CA94DE1EF8D776F1539484F;01;087485BD4FD57EA9725C52768E756F92593F628A;1;1;2;BC4A2C8A6F43EA27976AEAC0F11670889D874B33;4;100;Z51.4;20260520;01;;;;;;19811205;1;01;150130;74.61;0.00;0.00;0.00;0.00;0.00;0.00;0.00;0.00;0.00;0.00;0.00;0.00;74.61;371.72;2026-08-17 16:01:52;
D68FD8035E26A00787470F838D825A533FBE6A7F;FA000B14669AFA164CA94DE1EF8D776F1539484F;01;14176BE18AA82BB12078951F6E88A1126C68ED90;1;1;1;7DE7EA63B45CD6A951EF1D62A0F27C31EA5E34CE;4;100;Z13.6;20260515;01;;;;;;19980831;1;01;150130;49.74;0.00;0.00;0.00;0.00;0.00;0.00;0.00;0.00;55.08;0.00;0.00;0.00;49.74;306.73;2026-08-17 16:01:52;140109
D68FD8035E26A00787470F838D825A533FBE6A7F;FA000B14669AFA164CA94DE1EF8D776F1539484F;01;96AB9B73A1D7ABB507ED93B6DA663C9966D371D9;1;1;1;3C5A238361DF052778E514E7A7F51EAF976B9299;4;100;L20.0;20260504;01;;;;;;20230927;2;03;150130;49.74;0.00;0.00;0.00;0.00;18.31;0.00;0.00;0.00;33.90;0.00;2.75;0.00;68.05;328.48;2026-08-17 16:01:52;140130
D68FD8035E26A00787470F838D825A533FBE6A7F;FA000B14669AFA164CA94DE1EF8D776F1539484F;01;3A870B5C275011AA4D0D0C79E5158510C8849BE0;1;1;1;A2060AB4164F5F3EA830AF1B3680CAAAE8489AB6;4;100;S93.4;20260506;01;;;;;;20160718;2;03;150130;49.74;0.00;0.00;0.00;0.00;0.00;0.00;0.00;0.00;38.14;0.00;0.00;0.00;49.74;326.72;2026-08-17 16:01:52;140110
D68FD8035E26A00787470F838D825A533FBE6A7F;FA000B14669AFA164CA94DE1EF8D776F1539484F;01;AB24796D8E19243FDCB2269203FFA7CEB331296F;1;1;1;4C6B35B3D0841362DD1A5C94B078BB532049BAE2;4;100;K59.0;20260527;01;;;;;;20150108;2;03;150130;49.74;0.00;0.00;436.28;389.97;74.30;0.00;0.00;0.00;59.32;0.00;225.18;0.00;950.29;36.01;2026-08-17 16:01:52;100408
D68FD8035E26A00787470F838D825A533FBE6A7F;FA000B14669AFA164CA94DE1EF8D776F1539484F;01;E4BE14143B7CFE82B9CE75CA4F510AC795546F02;1;1;1;BDB81218D033C50524E46321090F6C1F0F4C30D5;4;100;M76.3;20260511;01;;;;;;19870510;2;01;150130;49.74;0.00;0.00;0.00;0.00;76.60;0.00;0.00;0.00;59.32;0.00;23.00;0.00;126.34;274.59;2026-08-17 16:01:52;140117
D68FD8035E26A00787470F838D825A533FBE6A7F;FA000B14669AFA164CA94DE1EF8D776F1539484F;01;BC73E04DE39A7F8B6BA2EFD6B1BF345CC28DA1A9;1;1;1;EA35198F455D78217F6C4FB0869D818FB012BE72;4;100;K21.0;20260506;01;;;;;;19640912;2;01;150130;49.74;0.00;0.00;0.00;0.00;121.85;0.00;0.00;0.00;55.08;0.00;30.55;0.00;171.59;270.68;2026-08-17 16:01:52;140130
D68FD8035E26A00787470F838D825A533FBE6A7F;FA000B14669AFA164CA94DE1EF8D776F1539484F;01;73B24645DAF55B33FFC0AE204DF689CA70CD36F9;1;1;1;094A04958F5D407E664DC11FCA6A72DE25C36153;4;100;J01.8;20260506;01;;;;;;20190525;1;03;150130;49.74;0.00;0.00;0.00;0.00;240.56;0.00;0.00;0.00;38.14;0.00;48.11;0.00;290.30;269.95;2026-08-17 16:01:52;140111
D68FD8035E26A00787470F838D825A533FBE6A7F;FA000B14669AFA164CA94DE1EF8D776F1539484F;01;B96516E43156E4ABB37087D738C93D666DDD83A3;1;3;1;EF4F6E1C2D1E5AE3EA3FD1B6E00912CFF261114F;4;100;M81.0;20260506;01;;;;;;19540901;2;07;150130;49.74;0.00;0.00;15.48;0.00;0.00;0.00;0.00;0.00;42.37;0.00;2.32;0.00;65.22;318.99;2026-08-17 16:01:52;140127
D68FD8035E26A00787470F838D825A533FBE6A7F;FA000B14669AFA164CA94DE1EF8D776F1539484F;01;5A439ACA2E083E2D729A99C86381B5FC6B285181;1;1;1;299C4F8B20E011438519AD1C0726D471932293A3;4;100;J30.4;20260512;01;;;;;;19810718;1;01;150130;49.74;0.00;0.00;0.00;0.00;70.07;0.00;0.00;0.00;105.93;0.00;0.00;0.00;119.81;121.73;2026-08-17 16:01:52;140109
D68FD8035E26A00787470F838D825A533FBE6A7F;FA000B14669AFA164CA94DE1EF8D776F1539484F;01;5A439ACA2E083E2D729A99C86381B5FC6B285181;2;1;1;299C4F8B20E011438519AD1C0726D471932293A3;6;100;N23.X;20260517;01;;;;;;19810718;1;01;150130;59.69;0.00;0.00;14.62;0.00;86.90;0.00;0.00;0.00;0.00;0.00;0.00;0.00;161.21;121.73;2026-08-17 16:01:52;140109
D68FD8035E26A00787470F838D825A533FBE6A7F;FA000B14669AFA164CA94DE1EF8D776F1539484F;01;5A439ACA2E083E2D729A99C86381B5FC6B285181;3;1;1;299C4F8B20E011438519AD1C0726D471932293A3;4;100;N20.9;20260518;01;;;;;;19810718;1;01;150130;49.74;0.00;0.00;0.00;0.00;0.00;0.00;0.00;0.00;105.93;0.00;0.00;0.00;49.74;121.73;2026-08-17 16:01:52;140109
D68FD8035E26A00787470F838D825A533FBE6A7F;FA000B14669AFA164CA94DE1EF8D776F1539484F;01;D9DF574EC3C97EAED432E380C36698EBDA2F559C;1;1;1;3DDFD9A9E713147363B20EA199EF4003C4004968;4;100;M72.5;20260529;01;;;;;;19680308;2;02;150130;49.74;0.00;0.00;0.00;105.70;82.09;0.00;0.00;0.00;46.61;0.00;37.61;0.00;237.53;272.34;2026-08-17 16:01:52;140101
D68FD8035E26A00787470F838D825A533FBE6A7F;FA000B14669AFA164CA94DE1EF8D776F1539484F;01;5A439ACA2E083E2D729A99C86381B5FC6B285181;4;1;1;299C4F8B20E011438519AD1C0726D471932293A3;4;100;Z51.4;20260526;01;;;;;;19810718;1;01;150130;74.61;0.00;0.00;0.00;0.00;0.00;0.00;0.00;0.00;0.00;0.00;0.00;0.00;74.61;121.73;2026-08-17 16:01:52;140109
D68FD8035E26A00787470F838D825A533FBE6A7F;FA000B14669AFA164CA94DE1EF8D776F1539484F;01;EE566632EDCF456CB815FFD8B026B906906E6BC2;1;1;1;A630EAFCA76A6AB41F5F5A6260FCCB2142D39A3D;4;100;J30.4;20260515;01;;;;;;20150716;2;03;150130;49.74;0.00;0.00;0.00;0.00;82.40;0.00;0.00;0.00;33.90;0.00;16.60;0.00;132.14;312.13;2026-08-17 16:01:52;140131
D68FD8035E26A00787470F838D825A533FBE6A7F;FA000B14669AFA164CA94DE1EF8D776F1539484F;01;356FA8AA44A1C9EA8382D2B2CB5604073F5BE244;1;1;1;99B858BA108E5DAF2F3CD844C9AC0B1943100620;4;100;J30.4;20260515;01;;;;;;20210501;1;03;150130;49.74;0.00;0.00;0.00;0.00;64.42;0.00;0.00;0.00;29.66;0.00;12.89;0.00;114.16;321.51;2026-08-17 16:01:52;140108
D68FD8035E26A00787470F838D825A533FBE6A7F;FA000B14669AFA164CA94DE1EF8D776F1539484F;01;41290A13581FEA60C29900E38CF4420684DE78A5;1;1;1;B3F6A559EE685B47798748F0EFD2D2C542390B31;4;100;D50.8;20260509;01;;;;;;19880817;2;01;150130;49.74;0.00;116.94;0.00;0.00;385.76;0.00;0.00;0.00;46.61;0.00;125.68;0.00;552.44;82.94;2026-08-17 16:01:52;140143
D68FD8035E26A00787470F838D825A533FBE6A7F;FA000B14669AFA164CA94DE1EF8D776F1539484F;01;41290A13581FEA60C29900E38CF4420684DE78A5;2;1;1;B3F6A559EE685B47798748F0EFD2D2C542390B31;4;305;O26.9;20260530;01;;;;;;19880817;2;01;150130;96.78;0.00;0.00;194.45;0.00;0.00;0.00;0.00;0.00;0.00;0.00;72.44;0.00;291.23;82.94;2026-08-17 16:01:52;140143
D68FD8035E26A00787470F838D825A533FBE6A7F;FA000B14669AFA164CA94DE1EF8D776F1539484F;01;DE084D086BB760A47ED879F4FA924C472B011E25;1;1;1;16979AF45409C15E5DE41F606F034E7BEA2A66AF;4;100;H68.1;20260502;01;;;;;;19790704;1;02;150130;49.74;0.00;0.00;0.00;0.00;196.33;0.00;0.00;0.00;38.14;0.00;39.30;0.00;246.07;280.34;2026-08-17 16:01:52;140133
D68FD8035E26A00787470F838D825A533FBE6A7F;FA000B14669AFA164CA94DE1EF8D776F1539484F;01;7800CA5C01136A2C97DE1A41D0CC40AC30062AA0;1;1;1;3CC5898E48E6561E5BDC94425A19679E2E40DDD5;4;100;N64.5;20260527;01;;;;;;19851105;2;01;150130;0.00;0.00;0.00;0.00;193.44;0.00;0.00;0.00;0.00;0.00;0.00;48.36;0.00;193.44;314.66;2026-08-17 16:01:52;140130
D68FD8035E26A00787470F838D825A533FBE6A7F;FA000B14669AFA164CA94DE1EF8D776F1539484F;01;BF86C23E3981F89361616BB267BA4991B87300DD;1;1;1;FD0D572444365AA24B8F6E414985396B77EDFFFE;4;100;N87.2;20260529;01;;;;;;19810406;2;01;150130;49.74;0.00;0.00;0.00;85.34;0.00;0.00;0.00;0.00;76.27;0.00;29.87;0.00;135.08;246.48;2026-08-17 16:01:52;140101
D68FD8035E26A00787470F838D825A533FBE6A7F;FA000B14669AFA164CA94DE1EF8D776F1539484F;01;A2A8D49575730F3BF7543C22E84427B1C6D0EBDE;1;1;1;85D81F811CACEDE3D7FEF1CF4E1AEE366B739CD2;4;100;K30.X;20260511;01;;;;;;19750609;2;01;150130;49.74;0.00;0.00;0.00;0.00;134.24;0.00;0.00;0.00;42.37;0.00;33.54;0.00;183.98;282.15;2026-08-17 16:01:52;140111
D68FD8035E26A00787470F838D825A533FBE6A7F;FA000B14669AFA164CA94DE1EF8D776F1539484F;01;2C2EF209F8281050DBAC9EB9C8717B906D7B2148;1;1;1;C6F50C3DF27399B3E1669A2749AA45AC4B2ED372;4;100;B08.4;20260511;01;;;;;;20240105;1;03;150130;49.74;0.00;0.00;0.00;0.00;70.32;0.00;0.00;0.00;42.37;0.00;14.07;0.00;120.06;305.12;2026-08-17 16:01:52;140132
D68FD8035E26A00787470F838D825A533FBE6A7F;FA000B14669AFA164CA94DE1EF8D776F1539484F;01;12B07358ED27FDDFBB859AD62A036CEBA48D998F;1;1;1;758466B9EC12D45FCFABCDBD7216AB20B8378F9C;4;100;Z12.4;20260523;01;;;;;;19910408;2;01;150130;49.74;0.00;0.00;63.45;0.00;2.30;0.00;0.00;0.00;38.14;0.00;16.44;0.00;115.49;307.32;2026-08-17 16:01:52;140130
D68FD8035E26A00787470F838D825A533FBE6A7F;FA000B14669AFA164CA94DE1EF8D776F1539484F;01;B5FDF89BE1C7E75D18E22B2991B136509444A2F7;1;1;1;44CEBC66333B3A7261B71D5EFEBC46769BA617B4;4;305;O26.9;20260529;01;;;;;;19921012;2;02;150130;49.74;0.00;0.00;88.59;526.15;0.00;0.00;0.00;0.00;0.00;0.00;0.00;0.00;664.48;371.72;2026-08-17 16:01:52;140142
D68FD8035E26A00787470F838D825A533FBE6A7F;FA000B14669AFA164CA94DE1EF8D776F1539484F;01;4003C882F3D625B3C06B443BE32EBED13009D95A;1;1;1;654C5DDA046CF784BF686BA381D791F351C2F344;4;100;N40.X;20260508;01;;;;;;19760102;1;01;150130;49.74;0.00;0.00;0.00;0.00;183.30;0.00;0.00;0.00;42.37;0.00;27.60;0.00;233.04;289.16;2026-08-17 16:01:52;240102
D68FD8035E26A00787470F838D825A533FBE6A7F;FA000B14669AFA164CA94DE1EF8D776F1539484F;01;C1BF7C307738E716576B6DC7F81132D7A1459D19;1;1;1;E76D3A66EF581E85D5551A33B62654D8CE8352E6;4;100;M65.9;20260522;01;;;;;;19800827;1;01;150130;49.74;0.00;0.00;0.00;0.00;0.00;0.00;0.00;0.00;46.61;0.00;0.00;0.00;49.74;316.72;2026-08-17 16:01:52;140801
D68FD8035E26A00787470F838D825A533FBE6A7F;FA000B14669AFA164CA94DE1EF8D776F1539484F;01;716FF80564961F8FCE8B70EEC1B17F5A1B1F7D37;1;1;1;EE224FBA4084131EF746DCC3C3C4F3AB02158431;4;100;N40.X;20260505;01;;;;;;19790920;1;01;150130;49.74;0.00;0.00;153.97;0.00;0.00;0.00;0.00;0.00;33.90;0.00;30.80;0.00;203.71;295.38;2026-08-17 16:01:52;140108
D68FD8035E26A00787470F838D825A533FBE6A7F;FA000B14669AFA164CA94DE1EF8D776F1539484F;01;B0716F0052E228A1490F5E6E332E9E43D405DD43;1;1;1;147CF1DF1DF7A6209E823D771121D1588EDCD548;4;100;N20.9;20260518;01;;;;;;20111024;2;03;150130;49.74;0.00;0.00;0.00;389.97;13.90;0.00;0.00;0.00;55.08;0.00;0.00;0.00;453.61;306.73;2026-08-17 16:01:52;140131
D68FD8035E26A00787470F838D825A533FBE6A7F;FA000B14669AFA164CA94DE1EF8D776F1539484F;01;9B15E403B14256E65B6E2337FCE98EB9590EB83F;1;1;1;A488F87F3F4FC3C72063D02B51C2C4672A50277C;4;100;K30.X;20260506;01;;;;;;19530408;1;02;150130;49.74;0.00;0.00;156.94;0.00;54.04;0.00;0.00;0.00;55.08;0.00;52.82;0.00;260.72;244.40;2026-08-17 16:01:52;140130
D68FD8035E26A00787470F838D825A533FBE6A7F;FA000B14669AFA164CA94DE1EF8D776F1539484F;01;9AAEA92AE58048001FF6A4CF435FC2D7D3089745;1;1;1;3ED014F0C8BF26139997C49819191D320D2F15F8;4;100;I10.X;20260511;01;;;;;;19810413;1;01;150130;119.88;0.00;0.00;0.00;487.47;34.42;0.00;0.00;0.00;0.00;0.00;192.52;0.00;641.77;9.99;2026-08-17 16:01:52;140138
D68FD8035E26A00787470F838D825A533FBE6A7F;FA000B14669AFA164CA94DE1EF8D776F1539484F;01;9AAEA92AE58048001FF6A4CF435FC2D7D3089745;2;1;1;3ED014F0C8BF26139997C49819191D320D2F15F8;4;100;R07.4;20260520;01;;;;;;19810413;1;01;150130;49.74;0.00;0.00;0.00;0.00;140.40;0.00;0.00;0.00;72.03;0.00;42.00;0.00;190.14;9.99;2026-08-17 16:01:52;140138
D68FD8035E26A00787470F838D825A533FBE6A7F;FA000B14669AFA164CA94DE1EF8D776F1539484F;01;C050C0C1A081991569CB201C6A1B39A84AAA63CE;1;1;1;A99592B9DD3E98359226B98DFAF8B94E4B2CE2F3;4;100;K76.0;20260505;01;;;;;;19890303;2;01;150130;49.74;0.00;0.00;379.79;0.00;0.00;0.00;0.00;0.00;42.37;0.00;56.97;0.00;429.53;204.51;2026-08-17 16:01:52;140108
D68FD8035E26A00787470F838D825A533FBE6A7F;FA000B14669AFA164CA94DE1EF8D776F1539484F;01;C050C0C1A081991569CB201C6A1B39A84AAA63CE;2;1;1;A99592B9DD3E98359226B98DFAF8B94E4B2CE2F3;4;100;K76.0;20260526;01;;;;;;19890303;2;01;150130;49.74;0.00;0.00;0.00;0.00;0.00;0.00;0.00;0.00;42.37;0.00;0.00;0.00;49.74;204.51;2026-08-17 16:01:52;140108
D68FD8035E26A00787470F838D825A533FBE6A7F;FA000B14669AFA164CA94DE1EF8D776F1539484F;01;25DF4A3D5269C146F4ABE3838EB7BE42FB68D126;1;1;1;F670257F45EDBA9E29E1072FFB8D9D4DF44E9C8C;4;100;L02.9;20260512;01;;;;;;19920202;2;01;150130;49.74;0.00;0.00;0.00;0.00;0.00;0.00;0.00;0.00;76.27;0.00;0.00;0.00;49.74;281.73;2026-08-17 16:01:52;140110
D68FD8035E26A00787470F838D825A533FBE6A7F;FA000B14669AFA164CA94DE1EF8D776F1539484F;01;6869D0D11C2457FCA6DC6F4C993F4FCD21440507;1;1;1;B298679459849A29D0B02BC7805008722638C0D2;4;123;H04.8;20260515;01;;;;;;19690115;1;02;150130;322.62;0.00;0.00;0.00;0.00;412.33;0.00;0.00;0.00;33.90;0.00;137.06;0.00;734.95;169.99;2026-08-17 16:01:52;140140
D68FD8035E26A00787470F838D825A533FBE6A7F;FA000B14669AFA164CA94DE1EF8D776F1539484F;01;AC915DA682B3AF0E38B9A6840FC51958F457D210;1;1;1;55FD9C2D3A64AAC66C7D3BB522E82D2A191E0704;4;100;J35.1;20260515;01;;;;;;20081120;2;03;150130;211.58;0.00;0.00;0.00;0.00;0.00;0.00;0.00;0.00;42.37;0.00;32.37;0.00;211.58;283.53;2026-08-17 16:01:52;140115
D68FD8035E26A00787470F838D825A533FBE6A7F;FA000B14669AFA164CA94DE1EF8D776F1539484F;01;E8E5BBAC88F81C35F8D8DE9E34D2E3E0DF048416;1;1;1;C1EE0B9E10CF76D80A3E96796A986E9E46D1AC05;4;100;N40.X;20260506;01;;;;;;19711014;1;01;150130;49.74;0.00;0.00;0.00;0.00;17.40;0.00;0.00;0.00;42.37;0.00;5.10;0.00;67.14;315.71;2026-08-17 16:01:52;140127
D68FD8035E26A00787470F838D825A533FBE6A7F;FA000B14669AFA164CA94DE1EF8D776F1539484F;01;87DFB82B7B8715126BDEB37A7288736ED4C6CDD5;1;1;1;3D9493A6DFE5FA00A13E4BCAFBB81BE01F9B73BB;4;123;H10.1;20260514;01;;;;;;19730428;2;02;150130;49.74;0.00;0.00;0.00;0.00;126.89;0.00;0.00;0.00;25.42;0.00;12.69;0.00;176.63;326.75;2026-08-17 16:01:52;140103
D68FD8035E26A00787470F838D825A533FBE6A7F;FA000B14669AFA164CA94DE1EF8D776F1539484F;01;7DCC7C20C7501F12504C4A3D37B614DD3EDF9E87;1;1;1;805B387173960C753ACB1CA3EA9A2FBDF1E1D323;4;100;E03.8;20260511;01;;;;;;19981108;2;01;150130;49.74;0.00;0.00;0.00;0.00;0.00;0.00;0.00;0.00;38.14;0.00;0.00;0.00;49.74;326.72;2026-08-17 16:01:52;180110
D68FD8035E26A00787470F838D825A533FBE6A7F;FA000B14669AFA164CA94DE1EF8D776F1539484F;01;7154D35FDBC83A5FD8F5CAD6575582EEFAA2B43F;1;1;1;F646A7AAD5724B958BCD2D8DE239875367AD19D6;4;100;S46.0;20260506;01;;;;;;19651216;1;01;150130;49.74;0.00;0.00;0.00;0.00;61.20;0.00;0.00;0.00;29.66;0.00;9.20;0.00;110.94;325.87;2026-08-17 16:01:52;140130
D68FD8035E26A00787470F838D825A533FBE6A7F;FA000B14669AFA164CA94DE1EF8D776F1539484F;01;72F34642167AB7775949A4C14847B05127AC5266;1;1;1;4EE9F4020D0E034F079F5727AE05BD9914E773F5;4;100;N40.X;20260515;01;;;;;;19630103;1;01;150130;49.74;0.00;0.00;0.00;0.00;366.60;0.00;0.00;0.00;38.14;0.00;55.20;0.00;416.34;261.58;2026-08-17 16:01:52;140125
D68FD8035E26A00787470F838D825A533FBE6A7F;FA000B14669AFA164CA94DE1EF8D776F1539484F;01;FEBAEF3DF6A0F44007F1763AC8C0A839A1BAC262;1;1;1;4F73107362C4468326AF6CF286D288A0BAD66F44;4;100;N64.9;20260504;01;;;;;;19851210;2;01;150130;0.00;0.00;0.00;0.00;162.49;0.00;0.00;0.00;0.00;0.00;0.00;48.75;0.00;162.49;314.20;2026-08-17 16:01:52;140140
D68FD8035E26A00787470F838D825A533FBE6A7F;FA000B14669AFA164CA94DE1EF8D776F1539484F;01;45F5C7A0822974516990807E122F97EA96813A37;1;1;1;CC63A68C0D3FDC6272CA4D606D48CF45475B5203;4;100;N39.3;20260506;01;;;;;;19691009;2;01;150130;49.74;0.00;0.00;0.00;0.00;0.00;0.00;0.00;0.00;55.08;0.00;0.00;0.00;49.74;306.73;2026-08-17 16:01:52;110113
D68FD8035E26A00787470F838D825A533FBE6A7F;FA000B14669AFA164CA94DE1EF8D776F1539484F;01;7C130B4A0E787A1E92B84833F355B9F07F0A0DD5;1;1;1;1D7C83FEEF6B284BE2BE440608D48705184D90A3;4;100;G43.1;20260520;01;;;;;;19891005;2;02;150130;49.74;0.00;0.00;0.00;0.00;85.80;0.00;0.00;0.00;42.37;0.00;25.70;0.00;135.54;291.40;2026-08-17 16:01:52;140105
D68FD8035E26A00787470F838D825A533FBE6A7F;FA000B14669AFA164CA94DE1EF8D776F1539484F;01;420FFEC9B84B635208FC1FA00194DB7D63E0A0D5;1;1;1;A6F1908EDF36D2FF5A5BB6A34C94F510893F9699;4;100;R03.0;20260506;01;;;;;;19780110;2;01;150130;359.64;0.00;0.00;0.00;0.00;25.93;0.00;0.00;0.00;0.00;0.00;77.10;0.00;385.57;185.70;2026-08-17 16:01:52;140115
D68FD8035E26A00787470F838D825A533FBE6A7F;FA000B14669AFA164CA94DE1EF8D776F1539484F;01;420FFEC9B84B635208FC1FA00194DB7D63E0A0D5;2;1;1;A6F1908EDF36D2FF5A5BB6A34C94F510893F9699;4;100;E78.0;20260521;01;;;;;;19780110;2;01;150130;49.74;0.00;0.00;0.00;0.00;147.90;0.00;0.00;0.00;50.85;0.00;29.70;0.00;197.64;185.70;2026-08-17 16:01:52;140115
D68FD8035E26A00787470F838D825A533FBE6A7F;FA000B14669AFA164CA94DE1EF8D776F1539484F;01;4F2189C0D49F99CEC2725BCDEEEF98BD26023C19;1;1;1;F03729BB035BDCF631CFF4AAF970BD1D9F4411BA;4;100;K80.2;20260508;01;;;;;;19690810;1;01;150130;49.74;0.00;0.00;0.00;0.00;0.00;0.00;0.00;0.00;55.08;0.00;0.00;0.00;49.74;306.73;2026-08-17 16:01:52;140115
D68FD8035E26A00787470F838D825A533FBE6A7F;FA000B14669AFA164CA94DE1EF8D776F1539484F;01;4AC38383C0EEA59F9A05C836950CB64634A88821;1;1;1;3712F10C92E4CA257FB98FA96B4B92184FBF9B27;4;100;L91.0;20260528;01;;;;;;19980307;1;01;150130;169.62;0.00;44.03;0.00;0.00;92.73;0.00;0.00;0.00;55.08;0.00;64.24;0.00;306.38;230.93;2026-08-17 16:01:52;240101
D68FD8035E26A00787470F838D825A533FBE6A7F;FA000B14669AFA164CA94DE1EF8D776F1539484F;01;6A7C321628D4C16AD25F2F0988465DC59A4B5E3A;1;1;1;E876CD8BEFDEE7AA0623D1DE483CD7D57010F063;4;305;O26.9;20260610;01;;;;;;20031014;2;01;150130;96.78;0.00;0.00;0.00;0.00;0.00;0.00;0.00;0.00;0.00;0.00;14.11;0.00;96.78;337.47;2026-08-17 16:01:52;140141
D68FD8035E26A00787470F838D825A533FBE6A7F;FA000B14669AFA164CA94DE1EF8D776F1539484F;01;6A7C321628D4C16AD25F2F0988465DC59A4B5E3A;2;1;1;E876CD8BEFDEE7AA0623D1DE483CD7D57010F063;4;100;Z51.4;20260626;01;;;;;;20031014;2;01;150130;74.61;0.00;0.00;0.00;0.00;0.00;0.00;0.00;0.00;0.00;0.00;14.92;0.00;74.61;337.47;2026-08-17 16:01:52;140141
D68FD8035E26A00787470F838D825A533FBE6A7F;FA000B14669AFA164CA94DE1EF8D776F1539484F;01;16B2DA9BCA64BC2733039E3954B41C4E196E10E0;1;1;1;D78FAA53958BAFA39FDD6FA84592CA36D928DA70;4;305;O26.9;20260610;01;;;;;;19880829;2;01;150130;96.78;0.00;0.00;73.11;0.00;0.00;0.00;0.00;0.00;0.00;0.00;18.02;0.00;169.89;320.71;2026-08-17 16:01:52;140111
D68FD8035E26A00787470F838D825A533FBE6A7F;FA000B14669AFA164CA94DE1EF8D776F1539484F;01;16B2DA9BCA64BC2733039E3954B41C4E196E10E0;2;1;1;D78FAA53958BAFA39FDD6FA84592CA36D928DA70;4;305;O26.9;20260620;01;;;;;;19880829;2;01;150130;96.78;0.00;15.48;0.00;0.00;0.00;0.00;0.00;0.00;0.00;0.00;9.38;0.00;112.26;320.71;2026-08-17 16:01:52;140111
D68FD8035E26A00787470F838D825A533FBE6A7F;FA000B14669AFA164CA94DE1EF8D776F1539484F;01;16B2DA9BCA64BC2733039E3954B41C4E196E10E0;3;1;1;D78FAA53958BAFA39FDD6FA84592CA36D928DA70;4;305;O47.0;20260622;01;;;;;;19880829;2;01;150130;96.78;0.00;0.00;0.00;0.00;0.00;0.00;0.00;0.00;0.00;0.00;7.06;0.00;96.78;320.71;2026-08-17 16:01:52;140111
D68FD8035E26A00787470F838D825A533FBE6A7F;FA000B14669AFA164CA94DE1EF8D776F1539484F;01;16B2DA9BCA64BC2733039E3954B41C4E196E10E0;4;1;1;D78FAA53958BAFA39FDD6FA84592CA36D928DA70;4;305;O26.9;20260628;01;;;;;;19880829;2;01;150130;0.00;0.00;0.00;58.49;0.00;0.00;0.00;0.00;0.00;0.00;0.00;8.77;0.00;58.49;320.71;2026-08-17 16:01:52;140111
D68FD8035E26A00787470F838D825A533FBE6A7F;FA000B14669AFA164CA94DE1EF8D776F1539484F;01;0075A2339C1741DE56BAE1DC41EBB803EC27D7D7;1;1;1;F382DB20827BCD622710039A2CEAE3DE102EDA82;4;100;D50.8;20260602;01;;;;;;19920309;2;01;150130;0.00;0.00;0.00;97.49;0.00;0.00;0.00;0.00;0.00;0.00;0.00;9.75;0.00;97.49;309.24;2026-08-17 16:01:52;140110
D68FD8035E26A00787470F838D825A533FBE6A7F;FA000B14669AFA164CA94DE1EF8D776F1539484F;01;0075A2339C1741DE56BAE1DC41EBB803EC27D7D7;2;1;1;F382DB20827BCD622710039A2CEAE3DE102EDA82;4;100;D50.8;20260610;01;;;;;;19920309;2;01;150130;49.74;0.00;0.00;0.00;0.00;93.90;0.00;0.00;0.00;33.90;0.00;9.30;0.00;143.64;309.24;2026-08-17 16:01:52;140110
D68FD8035E26A00787470F838D825A533FBE6A7F;FA000B14669AFA164CA94DE1EF8D776F1539484F;01;8B2E50659A3E8C5B3A7AF7866B76A7855992763A;4;1;1;28472A40243F2DCAB0D8C789E35AABF3E89E1787;4;100;L21.9;20260623;01;;;;;;19911231;2;01;150130;49.74;0.00;0.00;0.00;0.00;125.47;0.00;0.00;0.00;50.85;0.00;31.37;0.00;175.21;30.43;2026-08-17 16:01:52;140103
D68FD8035E26A00787470F838D825A533FBE6A7F;FA000B14669AFA164CA94DE1EF8D776F1539484F;01;8B2E50659A3E8C5B3A7AF7866B76A7855992763A;1;1;1;28472A40243F2DCAB0D8C789E35AABF3E89E1787;4;305;O26.9;20260602;01;;;;;;19911231;2;01;150130;96.78;0.00;0.00;116.98;0.00;349.20;0.00;0.00;0.00;0.00;0.00;153.91;0.00;562.96;30.43;2026-08-17 16:01:52;140103
D68FD8035E26A00787470F838D825A533FBE6A7F;FA000B14669AFA164CA94DE1EF8D776F1539484F;01;8B2E50659A3E8C5B3A7AF7866B76A7855992763A;2;1;1;28472A40243F2DCAB0D8C789E35AABF3E89E1787;4;305;O26.9;20260609;01;;;;;;19911231;2;01;150130;96.78;0.00;0.00;0.00;0.00;0.00;0.00;0.00;0.00;0.00;0.00;14.11;0.00;96.78;30.43;2026-08-17 16:01:52;140103
D68FD8035E26A00787470F838D825A533FBE6A7F;FA000B14669AFA164CA94DE1EF8D776F1539484F;01;8B2E50659A3E8C5B3A7AF7866B76A7855992763A;3;1;1;28472A40243F2DCAB0D8C789E35AABF3E89E1787;4;305;O26.9;20260613;01;;;;;;19911231;2;01;150130;106.73;0.00;0.00;0.00;0.00;82.97;0.00;0.00;0.00;0.00;0.00;38.99;0.00;189.70;30.43;2026-08-17 16:01:52;140103
D68FD8035E26A00787470F838D825A533FBE6A7F;FA000B14669AFA164CA94DE1EF8D776F1539484F;01;48B4BF50176390AA51D9318BB935A2420DB24C4D;1;1;1;165C05714A499867ED75675CA952AF11CE28764C;4;100;E78.2;20260623;01;;;;;;19820202;1;01;150130;49.74;0.00;0.00;0.00;0.00;367.50;0.00;0.00;0.00;46.61;0.00;92.10;0.00;417.24;208.05;2026-08-17 16:01:52;140140
D68FD8035E26A00787470F838D825A533FBE6A7F;FA000B14669AFA164CA94DE1EF8D776F1539484F;01;C26858D774797201ABD1A83C7643EB9B01E0866F;1;1;1;A88B0AD10DA66B8615B9B35D22E9921770F445A8;4;100;N60.8;20260606;01;;;;;;19810830;2;02;150130;49.74;0.00;0.00;186.50;162.49;0.00;0.00;0.00;0.00;38.14;0.00;87.25;0.00;398.73;223.76;2026-08-17 16:01:52;140131
D68FD8035E26A00787470F838D825A533FBE6A7F;FA000B14669AFA164CA94DE1EF8D776F1539484F;01;131B5CA94CB29C57367FB4F0D19B8C7328F824BA;1;1;1;2A1D7B659F4C5BEB1247F5FCE7CBFDBBAD1FC01E;4;100;L20.8;20260616;01;;;;;;19940401;2;01;150130;49.74;0.00;0.00;0.00;0.00;19.90;0.00;0.00;0.00;50.85;0.00;5.97;0.00;69.64;304.68;2026-08-17 16:01:52;140104
D68FD8035E26A00787470F838D825A533FBE6A7F;FA000B14669AFA164CA94DE1EF8D776F1539484F;01;C277DCDFEB942C69CF229F907B4A955EA73B5FDA;1;1;1;E65A56F2AAF5C44579E333F431A598A0602675AB;4;100;D17.1;20260606;01;;;;;;19891213;2;01;150130;99.48;0.00;0.00;0.00;232.13;0.00;0.00;0.00;0.00;93.22;0.00;58.03;0.00;331.61;138.25;2026-08-17 16:01:52;140131
D68FD8035E26A00787470F838D825A533FBE6A7F;FA000B14669AFA164CA94DE1EF8D776F1539484F;01;C277DCDFEB942C69CF229F907B4A955EA73B5FDA;2;1;1;E65A56F2AAF5C44579E333F431A598A0602675AB;4;100;I87.8;20260626;01;;;;;;19891213;2;01;150130;49.74;0.00;0.00;0.00;0.00;0.00;0.00;0.00;0.00;46.61;0.00;0.00;0.00;49.74;138.25;2026-08-17 16:01:52;140131
D68FD8035E26A00787470F838D825A533FBE6A7F;FA000B14669AFA164CA94DE1EF8D776F1539484F;01;E71FF0768C547D1D332249FE95B9438DB451D64B;1;1;1;3057330FFE3093863151CD2D78B4E48455F03521;4;100;I10.X;20260610;01;;;;;;19650423;1;01;150130;0.00;0.00;0.00;0.00;428.15;0.00;0.00;0.00;0.00;0.00;0.00;107.04;0.00;428.15;156.23;2026-08-17 16:01:52;240106
D68FD8035E26A00787470F838D825A533FBE6A7F;FA000B14669AFA164CA94DE1EF8D776F1539484F;01;E71FF0768C547D1D332249FE95B9438DB451D64B;2;1;1;3057330FFE3093863151CD2D78B4E48455F03521;4;100;I10.X;20260612;01;;;;;;19650423;1;01;150130;0.00;0.00;0.00;115.84;0.00;0.00;0.00;0.00;0.00;0.00;0.00;28.97;0.00;115.84;156.23;2026-08-17 16:01:52;240106
D68FD8035E26A00787470F838D825A533FBE6A7F;FA000B14669AFA164CA94DE1EF8D776F1539484F;01;E71FF0768C547D1D332249FE95B9438DB451D64B;3;1;1;3057330FFE3093863151CD2D78B4E48455F03521;4;100;I10.X;20260620;01;;;;;;19650423;1;01;150130;49.74;0.00;0.00;0.00;0.00;0.00;0.00;0.00;0.00;46.61;0.00;0.00;0.00;49.74;156.23;2026-08-17 16:01:52;240106
D68FD8035E26A00787470F838D825A533FBE6A7F;FA000B14669AFA164CA94DE1EF8D776F1539484F;01;A74F0B9F234297D529F4188D149EA074EF110735;1;1;1;8EC47C6614FE81A37C0694E2F3C91CA84B0C4D36;4;100;Z51.4;20260608;01;;;;;;19820301;1;01;150130;74.61;0.00;0.00;0.00;0.00;0.00;0.00;0.00;0.00;0.00;0.00;11.19;0.00;74.61;358.52;2026-08-17 16:01:52;240103
D68FD8035E26A00787470F838D825A533FBE6A7F;FA000B14669AFA164CA94DE1EF8D776F1539484F;01;F239C377DC35922C37D097A152C3B5A3807F748D;1;1;1;E9989BAB23EDDC15931B266F2BE116A0F4A930B1;4;100;Z12.3;20260608;01;;;;;;19870401;2;02;150130;49.74;0.00;0.00;0.00;162.49;0.00;0.00;0.00;0.00;42.37;0.00;24.37;0.00;212.23;149.87;2026-08-17 16:01:52;120111
D68FD8035E26A00787470F838D825A533FBE6A7F;FA000B14669AFA164CA94DE1EF8D776F1539484F;01;F239C377DC35922C37D097A152C3B5A3807F748D;2;1;1;E9989BAB23EDDC15931B266F2BE116A0F4A930B1;4;100;E06.3;20260609;01;;;;;;19870401;2;02;150130;49.74;0.00;0.00;243.47;0.00;0.00;0.00;0.00;0.00;42.37;0.00;36.53;0.00;293.21;149.87;2026-08-17 16:01:52;120111
D68FD8035E26A00787470F838D825A533FBE6A7F;FA000B14669AFA164CA94DE1EF8D776F1539484F;01;F239C377DC35922C37D097A152C3B5A3807F748D;3;1;1;E9989BAB23EDDC15931B266F2BE116A0F4A930B1;4;100;E07.9;20260619;01;;;;;;19870401;2;02;150130;49.74;0.00;0.00;0.00;0.00;0.00;0.00;0.00;0.00;42.37;0.00;0.00;0.00;49.74;149.87;2026-08-17 16:01:52;120111
D68FD8035E26A00787470F838D825A533FBE6A7F;FA000B14669AFA164CA94DE1EF8D776F1539484F;01;2383AE1109B325F44F9A4B218D531E6F0EAA715A;1;1;1;8693EDA78F884C9A6E4E21531BB77133B1A7157A;4;305;O26.9;20260625;01;;;;;;19880208;2;02;150130;49.74;0.00;0.00;0.00;0.00;0.00;0.00;0.00;0.00;0.00;0.00;0.00;0.00;49.74;371.72;2026-08-17 16:01:52;140115
D68FD8035E26A00787470F838D825A533FBE6A7F;FA000B14669AFA164CA94DE1EF8D776F1539484F;01;51EE2D241DEFAFBCBCBFA5C2360A00F999C96CCF;1;1;1;7F97BDB6A87961631A72121860496F61059E5892;4;100;R56.8;20260620;01;;;;;;19850203;2;01;150130;365.44;0.00;44.03;0.00;0.00;0.00;0.00;0.00;0.00;0.00;0.00;143.31;0.00;409.47;202.62;2026-08-17 16:01:52;140138
D68FD8035E26A00787470F838D825A533FBE6A7F;FA000B14669AFA164CA94DE1EF8D776F1539484F;01;005BF66F0888CF64BFB82661B6019718F84FBE77;1;1;1;34193C9F42E6DCDAAB2E48A0B79297D5B2AF8BB1;4;100;E06.3;20260603;01;;;;;;19511216;1;01;150130;49.74;0.00;0.00;0.00;0.00;21.30;0.00;0.00;0.00;55.08;0.00;5.40;0.00;71.04;83.37;2026-08-17 16:01:52;140130
D68FD8035E26A00787470F838D825A533FBE6A7F;FA000B14669AFA164CA94DE1EF8D776F1539484F;01;005BF66F0888CF64BFB82661B6019718F84FBE77;2;1;1;34193C9F42E6DCDAAB2E48A0B79297D5B2AF8BB1;4;100;K80.2;20260608;01;;;;;;19511216;1;01;150130;49.74;0.00;0.00;0.00;0.00;0.00;0.00;0.00;0.00;55.08;0.00;0.00;0.00;49.74;83.37;2026-08-17 16:01:52;140130
D68FD8035E26A00787470F838D825A533FBE6A7F;FA000B14669AFA164CA94DE1EF8D776F1539484F;01;005BF66F0888CF64BFB82661B6019718F84FBE77;3;1;1;34193C9F42E6DCDAAB2E48A0B79297D5B2AF8BB1;4;100;G44.8;20260609;01;;;;;;19511216;1;01;150130;49.74;0.00;0.00;0.00;0.00;0.00;0.00;0.00;0.00;55.08;0.00;0.00;0.00;49.74;83.37;2026-08-17 16:01:52;140130
D68FD8035E26A00787470F838D825A533FBE6A7F;FA000B14669AFA164CA94DE1EF8D776F1539484F;01;005BF66F0888CF64BFB82661B6019718F84FBE77;4;1;1;34193C9F42E6DCDAAB2E48A0B79297D5B2AF8BB1;4;100;K80.2;20260610;01;;;;;;19511216;1;01;150130;49.74;0.00;0.00;0.00;0.00;0.00;0.00;0.00;0.00;55.08;0.00;0.00;0.00;49.74;83.37;2026-08-17 16:01:52;140130
D68FD8035E26A00787470F838D825A533FBE6A7F;FA000B14669AFA164CA94DE1EF8D776F1539484F;01;005BF66F0888CF64BFB82661B6019718F84FBE77;5;1;1;34193C9F42E6DCDAAB2E48A0B79297D5B2AF8BB1;4;100;Z51.4;20260613;01;;;;;;19511216;1;01;150130;74.61;0.00;0.00;0.00;0.00;0.00;0.00;0.00;0.00;0.00;0.00;18.65;0.00;74.61;83.37;2026-08-17 16:01:52;140130
D68FD8035E26A00787470F838D825A533FBE6A7F;FA000B14669AFA164CA94DE1EF8D776F1539484F;01;01B114FAC7B082C49FD6BE553E5AB47500C8AC2F;3;1;1;8C1A186F85C403CBE8B0E1642FE05CBE73C68CE4;4;100;K81.1;20260624;01;;;;;;19910607;2;01;150130;49.74;0.00;0.00;0.00;0.00;0.00;0.00;0.00;0.00;33.90;0.00;0.00;0.00;49.74;172.32;2026-08-17 16:01:52;070101
D68FD8035E26A00787470F838D825A533FBE6A7F;FA000B14669AFA164CA94DE1EF8D776F1539484F;01;2F935D65C089744248C4A5A6962E71893312094C;1;1;1;5DD8D58C10DD2AEA6042CAA80F6BCFE7ED9F4588;4;100;N76.0;20260615;01;;;;;;19981130;2;01;150130;49.74;0.00;0.00;0.00;355.93;56.37;0.00;0.00;0.00;46.61;0.00;82.41;0.00;462.04;219.48;2026-08-17 16:01:52;140140
D68FD8035E26A00787470F838D825A533FBE6A7F;FA000B14669AFA164CA94DE1EF8D776F1539484F;01;01B114FAC7B082C49FD6BE553E5AB47500C8AC2F;1;1;1;8C1A186F85C403CBE8B0E1642FE05CBE73C68CE4;4;100;N76.0;20260615;01;;;;;;19910607;2;01;150130;49.74;0.00;0.00;0.00;0.00;58.58;0.00;0.00;0.00;33.90;0.00;8.79;0.00;108.32;172.32;2026-08-17 16:01:52;070101
D68FD8035E26A00787470F838D825A533FBE6A7F;FA000B14669AFA164CA94DE1EF8D776F1539484F;01;01B114FAC7B082C49FD6BE553E5AB47500C8AC2F;2;1;1;8C1A186F85C403CBE8B0E1642FE05CBE73C68CE4;4;100;K81.1;20260617;01;;;;;;19910607;2;01;150130;49.74;0.00;0.00;0.00;389.97;0.00;0.00;0.00;0.00;33.90;0.00;58.50;0.00;439.71;172.32;2026-08-17 16:01:52;070101
D68FD8035E26A00787470F838D825A533FBE6A7F;FA000B14669AFA164CA94DE1EF8D776F1539484F;01;7742BE51AE21330C88DD1212832F0F4A15BCBF0D;1;1;1;86E674F333EC89CABE37133563166B22109F61AD;4;305;O26.9;20260625;01;;;;;;19910719;2;02;150130;49.74;0.00;0.00;0.00;0.00;0.00;0.00;0.00;0.00;0.00;0.00;0.00;0.00;49.74;371.72;2026-08-17 16:01:52;140140
D68FD8035E26A00787470F838D825A533FBE6A7F;FA000B14669AFA164CA94DE1EF8D776F1539484F;01;9F66C0BADA229493A521088984CF7DA84F922592;1;1;1;75050C4DF8B02DD7B9BF96118132DB74F5706D24;4;305;O26.9;20260623;01;;;;;;19940710;2;01;150130;49.74;0.00;0.00;0.00;0.00;0.00;0.00;0.00;0.00;0.00;0.00;0.00;0.00;49.74;371.72;2026-08-17 16:01:52;140123
D68FD8035E26A00787470F838D825A533FBE6A7F;FA000B14669AFA164CA94DE1EF8D776F1539484F;01;32445946003A5C12C169464651515ECEDAC960E6;1;1;1;F47A0A7EFB2C7E88EE3B51B4CBC0E3D3E7B6B69A;4;100;N63.X;20260626;01;;;;;;20250128;2;03;150130;49.74;0.00;0.00;0.00;0.00;0.00;0.00;0.00;0.00;50.85;0.00;0.00;0.00;49.74;311.72;2026-08-17 16:01:52;
D68FD8035E26A00787470F838D825A533FBE6A7F;FA000B14669AFA164CA94DE1EF8D776F1539484F;01;FF561BEF34F41088048808C7673EE565B9FB4BC3;1;1;1;0220A08EA984D0FED6C902BF6509502507A03566;4;100;N64.4;20260601;01;;;;;;19930703;2;01;150130;0.00;0.00;0.00;0.00;162.49;0.00;0.00;0.00;0.00;0.00;0.00;40.62;0.00;162.49;323.79;2026-08-17 16:01:52;140110
D68FD8035E26A00787470F838D825A533FBE6A7F;FA000B14669AFA164CA94DE1EF8D776F1539484F;01;6742B6BB1ED1EBD5158F07F8F2CF42A0723C6649;1;1;1;654F8C57EC9327F3F22575B6C166FE975E5A84A6;4;401;S52.5;20260627;01;;;;;;19630829;2;01;150130;49.74;0.00;0.00;0.00;0.00;190.66;0.00;0.00;0.00;0.00;0.00;0.00;0.00;240.40;371.72;2026-08-17 16:01:52;140130
D68FD8035E26A00787470F838D825A533FBE6A7F;FA000B14669AFA164CA94DE1EF8D776F1539484F;01;C2B4D2EF3821CF88F6E97F1519C4EE19BA238398;1;1;1;7C1E5BF8E61E0DA4CE69C91260E1D56B304C6CE4;4;305;O26.9;20260604;01;;;;;;19920828;2;01;150130;96.78;0.00;0.00;0.00;0.00;207.60;0.00;0.00;0.00;0.00;0.00;0.00;0.00;304.38;371.72;2026-08-17 16:01:52;240106
D68FD8035E26A00787470F838D825A533FBE6A7F;FA000B14669AFA164CA94DE1EF8D776F1539484F;01;C2B4D2EF3821CF88F6E97F1519C4EE19BA238398;2;1;1;7C1E5BF8E61E0DA4CE69C91260E1D56B304C6CE4;4;305;O26.9;20260618;01;;;;;;19920828;2;01;150130;49.74;0.00;0.00;0.00;526.15;111.60;0.00;0.00;0.00;0.00;0.00;0.00;0.00;687.49;371.72;2026-08-17 16:01:52;240106
D68FD8035E26A00787470F838D825A533FBE6A7F;FA000B14669AFA164CA94DE1EF8D776F1539484F;01;68340E263B1A19D07C952A4DDB7897CFB4AAF714;1;1;1;F8E912D1BD7B7A73A09CCF195AE9DF3F954643AE;4;100;B35.1;20260613;01;;;;;;19670721;2;01;150130;729.02;0.00;44.03;0.00;0.00;104.03;0.00;0.00;0.00;38.14;0.00;124.07;0.00;877.08;180.07;2026-08-17 16:01:52;140127
D68FD8035E26A00787470F838D825A533FBE6A7F;FA000B14669AFA164CA94DE1EF8D776F1539484F;01;68340E263B1A19D07C952A4DDB7897CFB4AAF714;2;1;1;F8E912D1BD7B7A73A09CCF195AE9DF3F954643AE;4;100;B07.X;20260613;01;;;;;;19670721;2;01;150130;0.00;0.00;0.00;0.00;0.00;1.41;0.00;0.00;0.00;0.00;0.00;0.21;0.00;1.41;180.07;2026-08-17 16:01:52;140127
D68FD8035E26A00787470F838D825A533FBE6A7F;FA000B14669AFA164CA94DE1EF8D776F1539484F;01;EA9C016B9A86A77C3E3E663B00A770ADCE451593;1;1;1;BEEC1D7BCA24C0FF6CD21FED41BA559411630082;4;100;M17.0;20260617;01;;;;;;19600715;2;01;150130;49.74;0.00;0.00;0.00;203.20;0.00;0.00;0.00;0.00;46.61;0.00;60.96;0.00;252.94;81.83;2026-08-17 16:01:52;140140
D68FD8035E26A00787470F838D825A533FBE6A7F;FA000B14669AFA164CA94DE1EF8D776F1539484F;01;EA9C016B9A86A77C3E3E663B00A770ADCE451593;2;1;1;BEEC1D7BCA24C0FF6CD21FED41BA559411630082;4;100;J06.0;20260630;01;;;;;;19600715;2;01;150130;49.74;0.00;0.00;0.00;0.00;149.58;0.00;0.00;0.00;46.61;0.00;44.88;0.00;199.32;81.83;2026-08-17 16:01:52;140140
D68FD8035E26A00787470F838D825A533FBE6A7F;FA000B14669AFA164CA94DE1EF8D776F1539484F;01;EA9C016B9A86A77C3E3E663B00A770ADCE451593;3;1;1;BEEC1D7BCA24C0FF6CD21FED41BA559411630082;4;100;M17.0;20260630;01;;;;;;19600715;2;01;150130;49.74;0.00;0.00;0.00;0.00;0.00;0.00;0.00;0.00;46.61;0.00;0.00;0.00;49.74;81.83;2026-08-17 16:01:52;140140
D68FD8035E26A00787470F838D825A533FBE6A7F;FA000B14669AFA164CA94DE1EF8D776F1539484F;01;2C7B82992B3DDE5ED458F6A13C8EE14FE154DE02;1;1;3;6DD28EFDECA4660E60772A0D393B6D504F6E5C2F;4;100;M05.9;20260613;01;;;;;;19951010;2;01;150130;49.74;0.00;0.00;285.05;0.00;0.00;0.00;0.00;0.00;50.85;0.00;57.01;0.00;334.79;244.45;2026-08-17 16:01:52;
D68FD8035E26A00787470F838D825A533FBE6A7F;FA000B14669AFA164CA94DE1EF8D776F1539484F;01;D095424A8A7B74FC19E95475FAFEFF196EB5F960;1;1;1;075185902FF3EA5F1693949F83D493A645F817A2;4;100;J40.X;20260615;01;;;;;;19471230;1;01;150130;49.74;0.00;0.00;0.00;0.00;293.71;0.00;0.00;0.00;46.61;0.00;73.45;0.00;343.45;230.05;2026-08-17 16:01:52;140110
D68FD8035E26A00787470F838D825A533FBE6A7F;FA000B14669AFA164CA94DE1EF8D776F1539484F;01;9FBF8379BCBEC2AC4E90D8B04416F5D72D49800F;1;1;1;A99592B9DD3E98359226B98DFAF8B94E4B2CE2F3;4;100;R52.9;20260608;01;;;;;;19890303;2;01;150130;74.61;0.00;0.00;0.00;0.00;0.00;0.00;0.00;0.00;0.00;0.00;11.19;0.00;74.61;352.97;2026-08-17 16:01:52;140108
D68FD8035E26A00787470F838D825A533FBE6A7F;FA000B14669AFA164CA94DE1EF8D776F1539484F;01;9FBF8379BCBEC2AC4E90D8B04416F5D72D49800F;2;1;1;A99592B9DD3E98359226B98DFAF8B94E4B2CE2F3;4;305;O26.9;20260617;01;;;;;;19890303;2;01;150130;96.78;0.00;0.00;0.00;0.00;0.00;0.00;0.00;0.00;0.00;0.00;4.70;0.00;96.78;352.97;2026-08-17 16:01:52;140108
D68FD8035E26A00787470F838D825A533FBE6A7F;FA000B14669AFA164CA94DE1EF8D776F1539484F;01;0C593A39F793E05A797A469DD03B8F2C9131E83A;1;1;1;59147DB5EF24A5D442B33C09CC7722543E64CC1F;6;101;S90.3;20260414;01;;;;;;20101022;1;03;150130;59.69;0.00;0.00;0.00;52.85;142.27;0.00;0.00;0.00;0.00;0.00;0.00;0.00;254.81;371.72;2026-08-17 16:01:52;140127
D68FD8035E26A00787470F838D825A533FBE6A7F;FA000B14669AFA164CA94DE1EF8D776F1539484F;01;ED340217197BDB6DB463153FD83877DE51CEBE64;1;1;1;1C2687EFE1DB097395E2F1B6B528153D3D2D6DC9;6;100;R10.3;20260429;01;;;;;;19770718;1;01;150130;179.07;0.00;52.08;94.93;0.00;221.67;0.00;0.00;0.00;0.00;0.00;0.00;0.00;547.75;371.72;2026-08-17 16:01:52;140140
D68FD8035E26A00787470F838D825A533FBE6A7F;FA000B14669AFA164CA94DE1EF8D776F1539484F;01;A755BF70BE5B3791C513AB9F9718A689D2614B5D;1;1;1;8FCAA8629C27D9CD20B7548AC86743AB81F21F16;4;305;O47.9;20260621;01;;;;;;19950310;2;02;150130;106.73;0.00;0.00;0.00;0.00;0.00;0.00;0.00;0.00;0.00;0.00;7.06;0.00;106.73;330.54;2026-08-17 16:01:52;140103
D68FD8035E26A00787470F838D825A533FBE6A7F;FA000B14669AFA164CA94DE1EF8D776F1539484F;01;5C1D85DEECAB62494E433147D4202BB124B94815;1;1;1;928920C21897BF5569D8F92A77F2271F5B4ED298;4;305;O26.9;20260506;01;;;;;;19970904;2;02;150130;96.78;0.00;0.00;0.00;0.00;0.00;0.00;0.00;0.00;0.00;0.00;11.76;0.00;96.78;314.91;2026-08-17 16:01:52;140137
D68FD8035E26A00787470F838D825A533FBE6A7F;FA000B14669AFA164CA94DE1EF8D776F1539484F;01;5C1D85DEECAB62494E433147D4202BB124B94815;2;1;1;928920C21897BF5569D8F92A77F2271F5B4ED298;4;305;O26.9;20260525;01;;;;;;19970904;2;02;150130;106.73;0.00;52.08;0.00;0.00;46.43;0.00;0.00;0.00;0.00;0.00;36.39;0.00;205.24;314.91;2026-08-17 16:01:52;140137
D68FD8035E26A00787470F838D825A533FBE6A7F;FA000B14669AFA164CA94DE1EF8D776F1539484F;01;25AD46B4431EC18CC60BF54C5F199741D3EFE5C6;1;1;1;43870C971FBF628D1AF528AB7E86712271384D95;4;308;O03.9;20260521;01;;;;;;19741019;2;01;150130;82.27;0.00;44.27;62.14;0.00;191.52;0.00;0.00;0.00;0.00;0.00;50.65;0.00;380.20;311.96;2026-08-17 16:01:52;140122
D68FD8035E26A00787470F838D825A533FBE6A7F;FA000B14669AFA164CA94DE1EF8D776F1539484F;01;A755BF70BE5B3791C513AB9F9718A689D2614B5D;2;1;1;8FCAA8629C27D9CD20B7548AC86743AB81F21F16;4;305;O47.1;20260622;01;;;;;;19950310;2;02;150130;59.69;0.00;0.00;102.52;0.00;82.98;0.00;0.00;0.00;0.00;0.00;27.84;0.00;245.19;330.54;2026-08-17 16:01:52;140103
D68FD8035E26A00787470F838D825A533FBE6A7F;FA000B14669AFA164CA94DE1EF8D776F1539484F;01;2722927993BEE328257BB891F69971FFC98C2DF1;1;1;1;152DC6321B584B0C72C146A4BF2EC0D9828E0144;6;100;J45.9;20260608;01;;;;;;20230120;1;03;150130;104.79;0.00;52.08;0.00;0.00;138.85;0.00;0.00;0.00;0.00;0.00;0.00;0.00;295.72;305.37;2026-08-17 16:01:52;140130
D68FD8035E26A00787470F838D825A533FBE6A7F;FA000B14669AFA164CA94DE1EF8D776F1539484F;01;2722927993BEE328257BB891F69971FFC98C2DF1;2;1;1;152DC6321B584B0C72C146A4BF2EC0D9828E0144;4;100;A09.X;20260630;01;;;;;;20230120;1;03;150130;49.74;0.00;0.00;0.00;0.00;26.97;0.00;0.00;0.00;50.85;0.00;5.38;0.00;76.71;305.37;2026-08-17 16:01:52;140130
D68FD8035E26A00787470F838D825A533FBE6A7F;FA000B14669AFA164CA94DE1EF8D776F1539484F;01;11F2A378FD9CA83615CC99C2B29129388792EFA5;1;1;1;02BCDC95ECC42FC72710CA24ADF99D7634BBBCF8;4;305;O26.9;20260601;01;;;;;;19971216;2;01;150130;49.74;0.00;52.08;153.42;0.00;208.13;0.00;0.00;0.00;0.00;0.00;124.07;0.00;463.37;225.32;2026-08-17 16:01:52;140126
D68FD8035E26A00787470F838D825A533FBE6A7F;FA000B14669AFA164CA94DE1EF8D776F1539484F;01;D7D06928FBDF0BCD9EA2CFFF7EDDAF18B18E725E;1;1;1;0AD93BA5AAC0AA10CE066FABA37138AE98E8D4F9;6;100;N23.X;20260624;01;;;;;;19730116;2;02;150130;49.74;0.00;52.08;153.42;0.00;88.19;0.00;0.00;0.00;0.00;0.00;0.00;0.00;343.43;301.73;2026-08-17 16:01:52;140130
D68FD8035E26A00787470F838D825A533FBE6A7F;FA000B14669AFA164CA94DE1EF8D776F1539484F;01;D7D06928FBDF0BCD9EA2CFFF7EDDAF18B18E725E;2;1;1;0AD93BA5AAC0AA10CE066FABA37138AE98E8D4F9;4;100;N20.1;20260625;01;;;;;;19730116;2;02;150130;49.74;0.00;0.00;0.00;0.00;0.00;0.00;0.00;0.00;59.32;0.00;0.00;0.00;49.74;301.73;2026-08-17 16:01:52;140130
D68FD8035E26A00787470F838D825A533FBE6A7F;FA000B14669AFA164CA94DE1EF8D776F1539484F;01;D7D06928FBDF0BCD9EA2CFFF7EDDAF18B18E725E;3;1;1;0AD93BA5AAC0AA10CE066FABA37138AE98E8D4F9;6;100;N23.X;20260625;01;;;;;;19730116;2;02;150130;149.22;0.00;52.08;0.00;0.00;118.07;0.00;0.00;0.00;0.00;0.00;0.00;0.00;319.37;301.73;2026-08-17 16:01:52;140130
D68FD8035E26A00787470F838D825A533FBE6A7F;FA000B14669AFA164CA94DE1EF8D776F1539484F;01;2FF8EECDBFF4D66824F55AA3FE4BDFA515A8F2E7;1;1;1;F879414FEFFF82873CBB4A7AD355F354221F78AC;4;100;Z51.4;20260606;01;;;;;;19910505;2;01;150130;74.61;0.00;0.00;0.00;0.00;0.00;0.00;0.00;0.00;0.00;0.00;14.92;0.00;74.61;244.54;2026-08-17 16:01:52;140104
D68FD8035E26A00787470F838D825A533FBE6A7F;FA000B14669AFA164CA94DE1EF8D776F1539484F;01;2FF8EECDBFF4D66824F55AA3FE4BDFA515A8F2E7;2;1;1;F879414FEFFF82873CBB4A7AD355F354221F78AC;4;305;O26.9;20260612;01;;;;;;19910505;2;01;150130;96.78;0.00;0.00;0.00;0.00;0.00;0.00;0.00;0.00;0.00;0.00;0.00;0.00;96.78;244.54;2026-08-17 16:01:52;140104
D68FD8035E26A00787470F838D825A533FBE6A7F;FA000B14669AFA164CA94DE1EF8D776F1539484F;01;2FF8EECDBFF4D66824F55AA3FE4BDFA515A8F2E7;3;1;1;F879414FEFFF82873CBB4A7AD355F354221F78AC;4;100;N64.4;20260624;01;;;;;;19910505;2;01;150130;49.74;0.00;0.00;0.00;0.00;40.28;0.00;0.00;0.00;42.37;0.00;8.12;0.00;90.02;244.54;2026-08-17 16:01:52;140104
D68FD8035E26A00787470F838D825A533FBE6A7F;FA000B14669AFA164CA94DE1EF8D776F1539484F;01;2FF8EECDBFF4D66824F55AA3FE4BDFA515A8F2E7;4;1;1;F879414FEFFF82873CBB4A7AD355F354221F78AC;4;100;P92.5;20260624;01;;;;;;19910505;2;01;150130;49.74;0.00;0.00;0.00;0.00;0.00;0.00;0.00;0.00;42.37;0.00;0.00;0.00;49.74;244.54;2026-08-17 16:01:52;140104
D68FD8035E26A00787470F838D825A533FBE6A7F;FA000B14669AFA164CA94DE1EF8D776F1539484F;01;4C784084300AE66D78AAC478BD225EFE45A22A92;1;1;1;C66BD7A8C3049D6E5066E5E41801EA248F0E479D;6;100;R52.9;20260626;01;;;;;;20201203;1;03;150130;49.74;0.00;0.00;0.00;0.00;49.59;0.00;0.00;0.00;0.00;0.00;0.00;0.00;99.33;371.72;2026-08-17 16:01:52;140130
D68FD8035E26A00787470F838D825A533FBE6A7F;FA000B14669AFA164CA94DE1EF8D776F1539484F;01;D9D85E047CF3AB0371E69B6FC136A03F77415938;1;1;1;626A834C171D1AB8D5FEF26CA0054CADE20922A9;4;308;O03.9;20260630;01;;;;;;20000413;2;01;150130;49.74;0.00;52.08;97.50;0.00;14.54;0.00;0.00;0.00;0.00;0.00;24.62;0.00;213.86;342.67;2026-08-17 16:01:52;140109
D68FD8035E26A00787470F838D825A533FBE6A7F;FA000B14669AFA164CA94DE1EF8D776F1539484F;01;F3D9942B480FAC430771899D1329F4D006AC94BC;1;3;1;22939EBE294AB1389A347A3D8FCCA702C2E71EBE;4;100;J00.X;20260628;01;;;;;;19441009;2;07;150130;59.69;0.00;0.00;0.00;0.00;28.57;0.00;0.00;0.00;42.37;0.00;4.31;0.00;88.26;316.64;2026-08-17 16:01:52;140109
D68FD8035E26A00787470F838D825A533FBE6A7F;FA000B14669AFA164CA94DE1EF8D776F1539484F;01;02B31F315CFCF35482A62DA912EDC6430E01DC08;1;1;1;44CEBC66333B3A7261B71D5EFEBC46769BA617B4;4;305;O47.0;20260601;01;;;;;;19921012;2;02;150130;96.78;0.00;0.00;73.11;0.00;223.47;0.00;0.00;0.00;0.00;0.00;0.00;0.00;393.36;371.72;2026-08-17 16:01:52;140142
D68FD8035E26A00787470F838D825A533FBE6A7F;FA000B14669AFA164CA94DE1EF8D776F1539484F;01;02B31F315CFCF35482A62DA912EDC6430E01DC08;2;1;1;44CEBC66333B3A7261B71D5EFEBC46769BA617B4;4;305;O26.9;20260618;01;;;;;;19921012;2;02;150130;49.74;0.00;0.00;0.00;526.15;0.00;0.00;0.00;0.00;0.00;0.00;0.00;0.00;575.89;371.72;2026-08-17 16:01:52;140142
D68FD8035E26A00787470F838D825A533FBE6A7F;FA000B14669AFA164CA94DE1EF8D776F1539484F;01;02B31F315CFCF35482A62DA912EDC6430E01DC08;3;1;1;44CEBC66333B3A7261B71D5EFEBC46769BA617B4;4;305;O47.1;20260624;01;;;;;;19921012;2;02;150130;289.50;0.00;0.00;0.00;0.00;0.00;0.00;0.00;0.00;0.00;0.00;0.00;0.00;289.50;371.72;2026-08-17 16:01:52;140142
D68FD8035E26A00787470F838D825A533FBE6A7F;FA000B14669AFA164CA94DE1EF8D776F1539484F;01;77F5ACB08CCD4B793D02E9ABF04BCBC5CDD722F7;1;1;1;356911E1A384D39DF7E1A095EEF245FF2BD34FC6;4;100;Z51.4;20260610;01;;;;;;19940521;1;01;150130;74.61;0.00;0.00;0.00;0.00;0.00;0.00;0.00;0.00;0.00;0.00;0.00;0.00;74.61;371.72;2026-08-17 16:01:52;140103
D68FD8035E26A00787470F838D825A533FBE6A7F;FA000B14669AFA164CA94DE1EF8D776F1539484F;01;BBE38D2B16099A928B60B3A44DEAE85029BED50E;1;1;1;19505318BA450E354F904271FE2AED9F188C2193;4;100;E78.2;20260601;01;;;;;;19590109;2;02;150130;419.59;0.00;0.00;0.00;0.00;25.93;0.00;0.00;0.00;0.00;0.00;66.83;0.00;445.52;104.76;2026-08-17 16:01:52;140140
D68FD8035E26A00787470F838D825A533FBE6A7F;FA000B14669AFA164CA94DE1EF8D776F1539484F;01;F6A19B797BE79FC1C0ACFD08AA5A0A39D6D7EA20;1;1;1;12E8D2E23662E2DC7E2562E3EA465124754AF50F;4;305;O26.9;20260609;01;;;;;;19861106;2;02;150130;49.74;0.00;0.00;0.00;526.15;0.00;0.00;0.00;0.00;0.00;0.00;78.92;0.00;575.89;222.80;2026-08-17 16:01:52;140130
D68FD8035E26A00787470F838D825A533FBE6A7F;FA000B14669AFA164CA94DE1EF8D776F1539484F;01;45F750D01A52125416CD1BF0920D88E591FDDB7F;1;1;1;68634BDE61FCA85829B8C8DA585AF6CC59EFFFA0;4;100;R52.9;20260602;01;;;;;;19880310;2;02;150130;49.74;0.00;0.00;15.48;0.00;0.00;0.00;0.00;0.00;42.37;0.00;3.87;0.00;65.22;68.82;2026-08-17 16:01:52;240106
D68FD8035E26A00787470F838D825A533FBE6A7F;FA000B14669AFA164CA94DE1EF8D776F1539484F;01;45F750D01A52125416CD1BF0920D88E591FDDB7F;2;1;1;68634BDE61FCA85829B8C8DA585AF6CC59EFFFA0;4;305;O26.8;20260609;01;;;;;;19880310;2;02;150130;49.74;0.00;0.00;0.00;526.15;0.00;0.00;0.00;0.00;0.00;0.00;105.23;0.00;575.89;68.82;2026-08-17 16:01:52;240106
D68FD8035E26A00787470F838D825A533FBE6A7F;FA000B14669AFA164CA94DE1EF8D776F1539484F;01;45F750D01A52125416CD1BF0920D88E591FDDB7F;3;1;1;68634BDE61FCA85829B8C8DA585AF6CC59EFFFA0;4;305;O26.8;20260624;01;;;;;;19880310;2;02;150130;49.74;0.00;0.00;0.00;526.15;0.00;0.00;0.00;0.00;0.00;0.00;105.23;0.00;575.89;68.82;2026-08-17 16:01:52;240106
D68FD8035E26A00787470F838D825A533FBE6A7F;FA000B14669AFA164CA94DE1EF8D776F1539484F;01;BBE38D2B16099A928B60B3A44DEAE85029BED50E;2;1;1;19505318BA450E354F904271FE2AED9F188C2193;4;100;E78.2;20260630;01;;;;;;19590109;2;02;150130;49.74;0.00;0.00;0.00;0.00;751.20;0.00;0.00;0.00;46.61;0.00;112.80;0.00;800.94;104.76;2026-08-17 16:01:52;140140
D68FD8035E26A00787470F838D825A533FBE6A7F;FA000B14669AFA164CA94DE1EF8D776F1539484F;01;F6A19B797BE79FC1C0ACFD08AA5A0A39D6D7EA20;2;1;1;12E8D2E23662E2DC7E2562E3EA465124754AF50F;4;305;O26.9;20260616;01;;;;;;19861106;2;02;150130;96.78;0.00;0.00;0.00;0.00;0.00;0.00;0.00;0.00;0.00;0.00;7.06;0.00;96.78;222.80;2026-08-17 16:01:52;140130
D68FD8035E26A00787470F838D825A533FBE6A7F;FA000B14669AFA164CA94DE1EF8D776F1539484F;01;F6A19B797BE79FC1C0ACFD08AA5A0A39D6D7EA20;3;1;1;12E8D2E23662E2DC7E2562E3EA465124754AF50F;4;305;O26.9;20260623;01;;;;;;19861106;2;02;150130;96.78;0.00;0.00;0.00;0.00;0.00;0.00;0.00;0.00;0.00;0.00;7.06;0.00;96.78;222.80;2026-08-17 16:01:52;140130
D68FD8035E26A00787470F838D825A533FBE6A7F;FA000B14669AFA164CA94DE1EF8D776F1539484F;01;F6A19B797BE79FC1C0ACFD08AA5A0A39D6D7EA20;4;1;1;12E8D2E23662E2DC7E2562E3EA465124754AF50F;4;305;O26.9;20260630;01;;;;;;19861106;2;02;150130;96.78;0.00;0.00;0.00;0.00;0.00;0.00;0.00;0.00;0.00;0.00;7.06;0.00;96.78;222.80;2026-08-17 16:01:52;140130
D68FD8035E26A00787470F838D825A533FBE6A7F;FA000B14669AFA164CA94DE1EF8D776F1539484F;01;F6A19B797BE79FC1C0ACFD08AA5A0A39D6D7EA20;5;1;1;12E8D2E23662E2DC7E2562E3EA465124754AF50F;4;100;Z51.4;20260630;01;;;;;;19861106;2;02;150130;74.61;0.00;0.00;0.00;0.00;0.00;0.00;0.00;0.00;0.00;0.00;26.11;0.00;74.61;222.80;2026-08-17 16:01:52;140130
D68FD8035E26A00787470F838D825A533FBE6A7F;FA000B14669AFA164CA94DE1EF8D776F1539484F;01;F115EAA92B09EE1C6D1CDC054577E9C28440445F;1;1;1;C6272B392BFE721C106EEE387B1116876C886ACE;4;228;Z00.1;20260711;03;;;;;;20221020;1;03;150130;19.07;124.36;0.00;0.00;0.00;0.00;0.00;0.00;0.00;0.00;0.00;0.00;0.00;143.43;169.25;2026-08-17 16:01:52;110113
D68FD8035E26A00787470F838D825A533FBE6A7F;FA000B14669AFA164CA94DE1EF8D776F1539484F;01;B863D38585FBFBF0E3BC4B2FD36BD4E322D34BC8;1;1;1;C5CB6C896CCA413FEE910CE85B581773428346A2;4;116;K03.1;20260715;03;;;;;;19700101;2;01;150130;19.07;0.00;0.00;0.00;0.00;0.00;0.00;0.00;0.00;0.00;0.00;2.86;0.00;19.07;19.13;2026-08-17 16:01:52;140127
D68FD8035E26A00787470F838D825A533FBE6A7F;FA000B14669AFA164CA94DE1EF8D776F1539484F;01;9BAB1CDB4755EF7BAE306F0E6F4327235913F544;1;1;1;E0DF976EAE16BCF3807BB165DBE291F30A41A87F;4;116;K02.1;20260714;03;;;;;;19810702;2;01;150130;19.07;0.00;0.00;0.00;0.00;23.10;0.00;0.00;0.00;0.00;0.00;4.31;0.00;42.17;44.67;2026-08-17 16:01:52;140137
D68FD8035E26A00787470F838D825A533FBE6A7F;FA000B14669AFA164CA94DE1EF8D776F1539484F;01;8770138A1E314171A27976D0E07E4BA41231A718;1;1;1;64293928A66C64A8DD0C5C7B76088D99AA2EFE7C;4;116;K02.1;20260713;03;;;;;;19750224;1;02;150130;19.07;0.00;0.00;0.00;0.00;0.00;0.00;0.00;0.00;0.00;0.00;2.86;0.00;19.07;19.13;2026-08-17 16:01:52;140132
D68FD8035E26A00787470F838D825A533FBE6A7F;FA000B14669AFA164CA94DE1EF8D776F1539484F;01;23BED2411F17A8CF71E26D73E403134B716586BC;1;1;1;1CB48761658247C94D782FC1E3741898A2AD4E69;4;116;K02.1;20260714;03;;;;;;20030529;2;01;150130;19.07;0.00;0.00;0.00;65.57;0.00;0.00;0.00;0.00;0.00;0.00;12.70;0.00;84.64;84.89;2026-08-17 16:01:52;140141
D68FD8035E26A00787470F838D825A533FBE6A7F;FA000B14669AFA164CA94DE1EF8D776F1539484F;01;C4AF02ED11EFE3EF9EAA9B51043DC5F33D59176E;1;1;1;98CCE1283632FE951A2B6BF2DCE563B27DE2F97B;4;116;K05.0;20260715;03;;;;;;20230607;2;03;150130;19.07;0.00;0.00;0.00;0.00;0.00;0.00;0.00;0.00;0.00;0.00;1.91;0.00;19.07;20.25;2026-08-17 16:01:52;120103
D68FD8035E26A00787470F838D825A533FBE6A7F;FA000B14669AFA164CA94DE1EF8D776F1539484F;01;E549A41F58F7F772953481A85437CCEBF3F630F9;1;1;1;4E8DBC14EE56B0185C7CDAE26D8E0DBB4033CA8B;4;116;K05.0;20260715;03;;;;;;20250824;2;03;150130;19.07;60.80;0.00;0.00;0.00;0.00;0.00;0.00;0.00;0.00;0.00;7.99;0.00;79.87;84.82;2026-08-17 16:01:52;
D68FD8035E26A00787470F838D825A533FBE6A7F;FA000B14669AFA164CA94DE1EF8D776F1539484F;01;2A1C27B46DBA29C9CD2FC86D453E741CFDF6EF73;1;1;1;46C267700CB2898BABB940FE2A37542B9370CE7D;6;100;R56.0;20260629;01;;;;;;20240122;1;03;150130;49.74;0.00;0.00;14.62;0.00;48.07;0.00;0.00;0.00;0.00;0.00;0.00;0.00;112.43;371.72;2026-08-17 16:01:52;140103
D68FD8035E26A00787470F838D825A533FBE6A7F;FA000B14669AFA164CA94DE1EF8D776F1539484F;01;6BC7A92231F98323BBD77013E489F04D78F3059D;1;2;1;D4521DDC12A69010578241D34EF9BCAD92CE0AD6;6;500;S61.0;20260708;01;;;;;;19651110;1;01;150130;44.15;0.00;0.00;0.00;52.39;178.90;0.00;0.00;0.00;0.00;0.00;0.00;0.00;275.44;325.02;2026-08-17 16:01:52;140109
D68FD8035E26A00787470F838D825A533FBE6A7F;FA000B14669AFA164CA94DE1EF8D776F1539484F;01;5991F4957B07C0D70E696940F4D74DECFE719D59;1;1;1;FD39605C2D67C01BDE92EECDB5E0B533DD3361D9;4;116;K02.1;20260715;03;;;;;;20111030;1;03;150130;19.07;60.80;0.00;0.00;0.00;0.00;0.00;0.00;0.00;0.00;0.00;11.98;0.00;79.87;80.11;2026-08-17 16:01:52;140113
D68FD8035E26A00787470F838D825A533FBE6A7F;FA000B14669AFA164CA94DE1EF8D776F1539484F;01;5D4F95254AAC4B5B62C4A779F0BAA49C390D608A;1;1;1;A15F5C084DD864A1A37BE08D76CFFE8E9166C2E7;4;116;K02.9;20260715;03;;;;;;20200729;2;03;150130;19.07;0.00;0.00;0.00;0.00;0.00;0.00;0.00;0.00;0.00;0.00;2.86;0.00;19.07;19.13;2026-08-17 16:01:52;140133
D68FD8035E26A00787470F838D825A533FBE6A7F;FA000B14669AFA164CA94DE1EF8D776F1539484F;01;050E1C4F555AD349F66FE436F85CB9DE4F4A3E1B;1;1;1;F9AFF8E420269D1D491A69C1805BC0F1C1E73F98;4;228;Z00.1;20260715;03;;;;;;20190828;2;03;150130;19.07;124.36;0.00;0.00;0.00;0.00;0.00;0.00;0.00;0.00;0.00;0.00;0.00;143.43;169.25;2026-08-17 16:01:52;140137
D68FD8035E26A00787470F838D825A533FBE6A7F;FA000B14669AFA164CA94DE1EF8D776F1539484F;01;C10716ED59FBBDC95FDD6A276B45262876A4C3B1;1;1;1;9150DB9C23D761F21075C86A9C37D2208E1D2BFF;4;116;K02.0;20260715;03;;;;;;20211224;2;03;150130;19.07;60.80;0.00;0.00;0.00;0.00;0.00;0.00;0.00;0.00;0.00;11.98;0.00;79.87;80.11;2026-08-17 16:01:52;140136
D68FD8035E26A00787470F838D825A533FBE6A7F;FA000B14669AFA164CA94DE1EF8D776F1539484F;01;F431A93E8EA86B5678DAE4C2CF0E460B3414E932;1;1;1;16994F890F41512C6E31BA801D94AF6590DB5463;4;116;K02.1;20260715;03;;;;;;19940204;1;01;150130;0.00;60.80;0.00;0.00;0.00;0.00;0.00;0.00;0.00;0.00;0.00;9.12;0.00;60.80;60.98;2026-08-17 16:01:52;130301
D68FD8035E26A00787470F838D825A533FBE6A7F;FA000B14669AFA164CA94DE1EF8D776F1539484F;01;123EE2B23B25E1B0308470878788AAF3E685A763;1;1;1;1AA572D65158F538B94CDECE6EE06494DA37794B;4;116;K02.1;20260715;03;;;;;;20230515;2;03;150130;19.07;60.80;0.00;0.00;0.00;0.00;0.00;0.00;0.00;0.00;0.00;11.98;0.00;79.87;80.11;2026-08-17 16:01:52;140115
D68FD8035E26A00787470F838D825A533FBE6A7F;FA000B14669AFA164CA94DE1EF8D776F1539484F;01;4E096A945F893112D09E5A1C7F6C5D269E56B280;1;3;1;8340BF1460BA29EBBF9CBFB1523BE6F76D278352;4;116;K03.3;20260716;03;;;;;;19600108;2;07;150130;19.07;0.00;0.00;0.00;0.00;0.00;0.00;0.00;0.00;0.00;0.00;3.81;0.00;19.07;18.01;2026-08-17 16:01:52;140109
D68FD8035E26A00787470F838D825A533FBE6A7F;FA000B14669AFA164CA94DE1EF8D776F1539484F;01;876245B4B28041610E5D0003B67077148C4F1F28;1;1;1;55A32AB150D4740C96A4DC5D6613E3C8D6B332DB;4;116;K02.1;20260716;03;;;;;;19860824;2;02;150130;19.07;60.80;0.00;0.00;0.00;0.00;0.00;0.00;0.00;0.00;0.00;7.99;0.00;79.87;84.82;2026-08-17 16:01:52;140121
D68FD8035E26A00787470F838D825A533FBE6A7F;FA000B14669AFA164CA94DE1EF8D776F1539484F;01;ABDBA98BCF7E84B54D23059A224D0D7C5D10329D;1;3;1;17CE6BD1EE1B6348ACD28E339C0857AEEEA7C284;4;116;K02.1;20260716;03;;;;;;19630514;2;02;150130;19.07;0.00;0.00;0.00;65.57;0.00;0.00;0.00;0.00;0.00;0.00;0.00;0.00;84.64;99.88;2026-08-17 16:01:52;140114
D68FD8035E26A00787470F838D825A533FBE6A7F;FA000B14669AFA164CA94DE1EF8D776F1539484F;01;0800440D48A986CC3479B5A5CA563BADD7C3EB10;1;1;1;7C45B1323F82CFBD3D15B635EE2883FA8FF1C0AE;4;116;K02.1;20260716;03;;;;;;19810911;2;01;150130;19.07;0.00;0.00;0.00;65.57;0.00;0.00;0.00;0.00;0.00;0.00;8.47;0.00;84.64;89.88;2026-08-17 16:01:52;140132
D68FD8035E26A00787470F838D825A533FBE6A7F;FA000B14669AFA164CA94DE1EF8D776F1539484F;01;C40A8EEA577162214606E1D33DB114157359D0EC;1;1;1;23D69236BB906D0BA6EE0A3FB5BA2293B9BB5C71;4;116;K02.1;20260716;03;;;;;;19730327;1;01;150130;0.00;0.00;0.00;0.00;0.00;34.62;0.00;0.00;0.00;0.00;0.00;3.48;0.00;34.62;36.75;2026-08-17 16:01:52;140115
D68FD8035E26A00787470F838D825A533FBE6A7F;FA000B14669AFA164CA94DE1EF8D776F1539484F;01;6ECE7B39878B924EB9CDF251D5F5FDF8CA2894E0;1;1;1;B34305B4D697E77D51AFACE93F4FA2AC02424121;4;116;K05.1;20260716;03;;;;;;19980221;2;01;150130;19.07;60.80;0.00;0.00;0.00;0.00;0.00;0.00;0.00;0.00;0.00;7.99;0.00;79.87;84.82;2026-08-17 16:01:52;140103
D68FD8035E26A00787470F838D825A533FBE6A7F;FA000B14669AFA164CA94DE1EF8D776F1539484F;01;BBA52ECC92E03E4933C1BFF3D6C2A07F883A853E;1;1;1;9D98AC60A8D6805C235A0E997DB8FA7FCE2C149E;4;116;K01.1;20260716;03;;;;;;19721111;2;01;150130;19.07;0.00;0.00;0.00;0.00;0.00;0.00;0.00;0.00;0.00;0.00;1.91;0.00;19.07;20.25;2026-08-17 16:01:52;140103
D68FD8035E26A00787470F838D825A533FBE6A7F;FA000B14669AFA164CA94DE1EF8D776F1539484F;01;1B573CB238D9AEC46FF12ED88F21EACBBF9D253E;1;1;1;A51670088B825F0DD422C2BD9F4071695C7042F4;4;116;K08.1;20260716;03;;;;;;19561101;1;02;150130;19.07;0.00;0.00;0.00;0.00;0.00;0.00;0.00;0.00;0.00;0.00;2.86;0.00;19.07;19.13;2026-08-17 16:01:52;140130
D68FD8035E26A00787470F838D825A533FBE6A7F;FA000B14669AFA164CA94DE1EF8D776F1539484F;01;701E2BD081744D0018B1B073A06B1047B64AB539;1;1;1;47AF707CC3A4269A61A0098C5727CEC8F51772F6;4;116;K02.1;20260716;03;;;;;;19530806;1;01;150130;19.07;0.00;0.00;0.00;0.00;0.00;0.00;0.00;0.00;0.00;0.00;2.86;0.00;19.07;19.13;2026-08-17 16:01:52;140140
D68FD8035E26A00787470F838D825A533FBE6A7F;FA000B14669AFA164CA94DE1EF8D776F1539484F;01;4C2414279CDAFBF920BCE26C2F2D28DF90FED464;1;1;1;4C68EB98991DC853C3CC192110492F41AF0093DC;4;409;C34.0;20260612;01;;;;;;19550903;1;01;150130;59.69;0.00;52.08;161.27;0.00;82.52;0.00;0.00;0.00;0.00;0.00;0.00;0.00;355.56;419.56;2026-08-17 16:01:52;140125
D68FD8035E26A00787470F838D825A533FBE6A7F;FA000B14669AFA164CA94DE1EF8D776F1539484F;01;D0F660557B78B767EF33EE9FB9965AC96E8BE24D;1;1;1;D7925C7DE009056C2813E59F797F22023EC02204;6;100;R50.9;20260717;01;;;;;;20000605;2;01;150130;0.00;0.00;484.76;0.00;635.56;0.00;0.00;0.00;0.00;0.00;0.00;0.00;0.00;1120.32;1321.98;2026-08-17 16:01:52;060301
D68FD8035E26A00787470F838D825A533FBE6A7F;FA000B14669AFA164CA94DE1EF8D776F1539484F;01;817BD77E1C12FFBC6FDBD43832E424AB4654B315;1;1;1;465399516CDF1F04975A3641661695243E2EFB7F;4;305;O47.0;20260717;01;;;;;;19970919;2;01;150130;0.00;0.00;0.00;27.00;341.23;0.00;0.00;0.00;0.00;0.00;0.00;55.23;0.00;368.23;369.34;2026-08-17 16:01:52;060408
D68FD8035E26A00787470F838D825A533FBE6A7F;FA000B14669AFA164CA94DE1EF8D776F1539484F;01;5771E3B2F608381CD7AE2745605FB6CF400557CF;1;1;1;5D3C73E885F2DE8A2D2F7A014FD647B6D24CCE60;6;100;J06.8;20260611;01;;;;;;19870127;2;02;150130;0.00;0.00;484.76;0.00;381.34;0.00;0.00;0.00;0.00;0.00;0.00;0.00;0.00;866.10;1022.00;2026-08-17 16:01:52;140111
D68FD8035E26A00787470F838D825A533FBE6A7F;FA000B14669AFA164CA94DE1EF8D776F1539484F;01;3820C3C38A87969893A3D03E8B5C29A06D286CE1;1;1;1;54D0A0C1C3D5BD162ABA2D80C7884A61C1470CC1;4;228;Z00.1;20260713;01;;;;;;20260328;1;03;150130;49.74;0.00;0.00;0.00;0.00;0.00;0.00;0.00;0.00;0.00;0.00;0.00;0.00;49.74;58.69;2026-08-17 16:01:52;140137
D68FD8035E26A00787470F838D825A533FBE6A7F;FA000B14669AFA164CA94DE1EF8D776F1539484F;01;70FDFAB584D6BF1E854AD1CD666E101E291C3C7D;1;1;1;744BAFFD32A6EB4C74621DF90E3BC917B730F143;4;502;F90.0;20260713;08;;;;;;20131022;1;03;150130;77.38;0.00;0.00;0.00;0.00;0.00;0.00;0.00;0.00;59.32;0.00;0.00;0.00;77.38;21.31;2026-08-17 16:01:52;140140
D68FD8035E26A00787470F838D825A533FBE6A7F;FA000B14669AFA164CA94DE1EF8D776F1539484F;01;70B4A366D5547779B0EE71686B4304D84B06000C;1;1;1;9A8B68DB0686A66F78869E8A53FE358629267993;4;100;K21.9;20260710;01;;;;;;19690322;2;02;150130;0.00;0.00;0.00;525.74;0.00;0.00;0.00;0.00;0.00;0.00;0.00;131.44;0.00;525.74;465.27;2026-08-17 16:01:52;020102
D68FD8035E26A00787470F838D825A533FBE6A7F;FA000B14669AFA164CA94DE1EF8D776F1539484F;01;63A6CCF16FB88B1CD40B055AFC3A8D4FE62BB87A;1;1;1;691CD6DEEE5BBB25376CFB488383A729831BCFD0;4;228;Z00.1;20260713;01;;;;;;20250709;1;03;150130;49.74;0.00;0.00;0.00;0.00;0.00;0.00;0.00;0.00;0.00;0.00;0.00;0.00;49.74;58.69;2026-08-17 16:01:52;140103
D68FD8035E26A00787470F838D825A533FBE6A7F;FA000B14669AFA164CA94DE1EF8D776F1539484F;01;5E797680BA96937A4070E90A21FEA2CA676442B4;1;1;1;8E998D2C9ADE6A96AB5183857CBFAEDF32386E45;4;501;F42.1;20260713;01;;;;;;19960613;2;01;150130;77.38;0.00;0.00;0.00;0.00;178.24;0.00;0.00;0.00;67.80;0.00;71.36;0.00;255.62;137.42;2026-08-17 16:01:52;140137
D68FD8035E26A00787470F838D825A533FBE6A7F;FA000B14669AFA164CA94DE1EF8D776F1539484F;01;187A710FB0DAD9D31AAA6B9653B8BE24984157D8;1;1;1;D3076AEBFC60067B3AB357CAEB4F8AC038615916;4;101;T04.4;20260701;01;;;;;;19801002;1;01;150130;0.00;0.00;0.00;0.00;1161.02;0.00;0.00;0.00;0.00;0.00;0.00;0.00;0.00;1161.02;1370.00;2026-08-17 16:01:52;140408
D68FD8035E26A00787470F838D825A533FBE6A7F;FA000B14669AFA164CA94DE1EF8D776F1539484F;01;111A326005C4AC7C01DFA44AA91DADEB96F3F0B4;1;1;1;E876CD8BEFDEE7AA0623D1DE483CD7D57010F063;4;307;Z39.0;20260713;01;;;;;;20031014;2;01;150130;95.41;0.00;15.48;0.00;0.00;0.00;0.00;0.00;0.00;0.00;0.00;6.12;0.00;110.89;123.63;2026-08-17 16:01:52;140141
D68FD8035E26A00787470F838D825A533FBE6A7F;FA000B14669AFA164CA94DE1EF8D776F1539484F;01;1767655B057E022AD0EC89A4D7C7E47A21DD9D53;1;1;1;A77DFBB00C4D812FF90A03B3A0843605C1BC3282;4;228;Z00.1;20260713;01;;;;;;20260129;2;03;150130;49.74;0.00;0.00;0.00;0.00;0.00;0.00;0.00;0.00;0.00;0.00;0.00;0.00;49.74;58.69;2026-08-17 16:01:52;140130
D68FD8035E26A00787470F838D825A533FBE6A7F;FA000B14669AFA164CA94DE1EF8D776F1539484F;01;91E325D88CCAC4D675B36403DD9423F40881064F;1;1;1;DAF8E9FDF14BA8DE7D65329984F1B7C49F2274F4;4;228;Z00.1;20260713;01;;;;;;20260413;1;03;150130;49.74;0.00;0.00;0.00;0.00;0.00;0.00;0.00;0.00;0.00;0.00;0.00;0.00;49.74;58.69;2026-08-17 16:01:52;140130
D68FD8035E26A00787470F838D825A533FBE6A7F;FA000B14669AFA164CA94DE1EF8D776F1539484F;01;5373FC4D743898CCB7E99EB6746FE448D82E3A6E;1;1;1;6826C44131BF549C1FE53E54435A3125045F9C21;4;228;Z00.1;20260713;01;;;;;;20241116;2;03;150130;49.74;0.00;0.00;0.00;0.00;41.22;0.00;0.00;0.00;0.00;0.00;0.00;0.00;90.96;107.33;2026-08-17 16:01:52;200901
D68FD8035E26A00787470F838D825A533FBE6A7F;FA000B14669AFA164CA94DE1EF8D776F1539484F;01;9162501E7C6A9C8D72473737D78363253303C15E;1;1;1;43870C971FBF628D1AF528AB7E86712271384D95;4;306;Z35.9;20260713;01;;;;;;19741019;2;01;150130;42.28;0.00;0.00;0.00;0.00;0.00;0.00;0.00;0.00;0.00;0.00;0.00;0.00;42.28;49.89;2026-08-17 16:01:52;140122
D68FD8035E26A00787470F838D825A533FBE6A7F;FA000B14669AFA164CA94DE1EF8D776F1539484F;01;B43159D31753BC5E708F3E253AA1CCC561824FC5;1;1;1;C9BD11D8F835636E0746F3AEA3A7CBF11A0DF2D4;4;501;F41.1;20260713;01;;;;;;19931027;1;01;150130;69.65;0.00;0.00;0.00;0.00;80.10;0.00;0.00;0.00;67.80;0.00;31.95;0.00;149.75;59.00;2026-08-17 16:01:52;140115
D68FD8035E26A00787470F838D825A533FBE6A7F;FA000B14669AFA164CA94DE1EF8D776F1539484F;01;B6D74B12BD717FAB4C3AD5CF6E2DD74312832EA5;1;1;1;E6225D099BBEF7C7D1E87A5AB9219D58113EA4DB;4;228;Z00.1;20260713;01;;;;;;20260208;2;03;150130;49.74;0.00;0.00;0.00;0.00;41.22;0.00;0.00;0.00;0.00;0.00;0.00;0.00;90.96;107.33;2026-08-17 16:01:52;140143
D68FD8035E26A00787470F838D825A533FBE6A7F;FA000B14669AFA164CA94DE1EF8D776F1539484F;01;840C66E1EA92995D563F991AE449DEA49932EDBF;1;1;1;D956E0612E78968DC129811740824E040020D2EF;4;205;L90.5;20260713;01;;;;;;19851009;2;01;150130;236.52;0.00;44.03;0.00;0.00;6.51;0.00;0.00;0.00;0.00;0.00;57.41;0.00;287.06;270.99;2026-08-17 16:01:52;140105
D68FD8035E26A00787470F838D825A533FBE6A7F;FA000B14669AFA164CA94DE1EF8D776F1539484F;01;C3A81DADB3B4EA0CBC8BDC42FFDA2D8F52A3E595;1;1;1;156229ED1B9CFE9FA3BEF378CE6D389ED977F58B;4;228;Z00.1;20260713;01;;;;;;20260310;2;03;150130;49.74;0.00;0.00;0.00;0.00;0.00;0.00;0.00;0.00;0.00;0.00;0.00;0.00;49.74;58.69;2026-08-17 16:01:52;
D68FD8035E26A00787470F838D825A533FBE6A7F;FA000B14669AFA164CA94DE1EF8D776F1539484F;01;6CF7986B2A402A118BB54C1EE5D9800E679FF141;1;1;1;A2269738617BD90C1771630AEB0D2028A69E8181;4;409;C73.X;20260713;01;;;;;;19540830;2;01;150130;0.00;0.00;0.00;0.00;162.49;0.00;0.00;0.00;0.00;0.00;0.00;0.00;0.00;162.49;191.74;2026-08-17 16:01:52;140130
D68FD8035E26A00787470F838D825A533FBE6A7F;FA000B14669AFA164CA94DE1EF8D776F1539484F;01;4E7A1F6CABADAF98314760263E3F625CC3481795;1;1;1;FE2EC6F340FE16B5831050FBF2140E952A31CEE7;4;228;Z00.1;20260713;01;;;;;;20250912;2;03;150130;49.74;0.00;0.00;0.00;0.00;0.00;0.00;0.00;0.00;0.00;0.00;0.00;0.00;49.74;58.69;2026-08-17 16:01:52;060107
D68FD8035E26A00787470F838D825A533FBE6A7F;FA000B14669AFA164CA94DE1EF8D776F1539484F;01;61D8DA9087BBE1A7C7FE16BCC21434399BF34E9E;1;1;1;0908A134EB6C6C5287F8B239A9E996310996D782;4;228;Z00.1;20260713;01;;;;;;20260413;2;03;150130;49.74;0.00;0.00;0.00;0.00;0.00;0.00;0.00;0.00;0.00;0.00;0.00;0.00;49.74;58.69;2026-08-17 16:01:52;140101
D68FD8035E26A00787470F838D825A533FBE6A7F;FA000B14669AFA164CA94DE1EF8D776F1539484F;01;30D873541EC1C11D7167BEC73FC41BBB4058B10A;1;1;1;8D08C0463884B9AED8CB680053E55DDD706B32D2;4;100;N95.1;20260713;01;;;;;;19840320;2;02;150130;49.74;0.00;0.00;0.00;0.00;124.32;0.00;0.00;0.00;38.14;0.00;31.08;0.00;174.06;123.71;2026-08-17 16:01:52;210501
D68FD8035E26A00787470F838D825A533FBE6A7F;FA000B14669AFA164CA94DE1EF8D776F1539484F;01;1A72FD3348248F13C69AC882EE8F7E7858941B89;1;1;1;AE36A573C2C86AF490811B2C1052C50D97E12812;4;307;Z39.0;20260713;01;;;;;;19910912;2;02;150130;49.74;0.00;0.00;0.00;0.00;0.00;0.00;0.00;0.00;0.00;0.00;0.00;0.00;49.74;58.69;2026-08-17 16:01:52;140135
D68FD8035E26A00787470F838D825A533FBE6A7F;FA000B14669AFA164CA94DE1EF8D776F1539484F;01;D918EE7E1DB0D1BC05ED689006CFD84586BCE6DD;1;1;1;9072D37A91419A13CD99D59BD4CE16E7D29E7F45;4;205;K60.5;20260713;01;;;;;;19910407;1;01;150130;49.74;0.00;0.00;0.00;0.00;280.04;0.00;0.00;0.00;0.00;0.00;83.96;0.00;329.78;290.07;2026-08-17 16:01:52;140136
D68FD8035E26A00787470F838D825A533FBE6A7F;FA000B14669AFA164CA94DE1EF8D776F1539484F;01;5E0973F1182CAC12AEAE4A9DE9829A788215F16F;1;3;1;8B2CEA1A6FF5745E695B9C6BAE5D2B501A631124;4;205;D27.X;20260713;01;;;;;;20070922;2;03;150130;95.41;0.00;15.48;0.00;0.00;0.00;0.00;0.00;0.00;0.00;0.00;12.23;0.00;110.89;116.42;2026-08-17 16:01:52;140116
D68FD8035E26A00787470F838D825A533FBE6A7F;FA000B14669AFA164CA94DE1EF8D776F1539484F;01;3105FA60D57D3D10DCA0D5AC83ABAD09CB207518;1;1;1;2DB4718269ABD1EF2C00D6401451357612AA51BD;4;306;Z35.8;20260713;01;;;;;;19921010;2;02;150130;49.74;0.00;0.00;89.44;0.00;59.99;0.00;0.00;0.00;0.00;0.00;22.42;0.00;199.17;208.57;2026-08-17 16:01:52;140130
D68FD8035E26A00787470F838D825A533FBE6A7F;FA000B14669AFA164CA94DE1EF8D776F1539484F;01;DF7B65587E8104DF8C0E5DC877C520C2A680A861;1;1;1;4E7E923EE37B5D895ED97C4D6771E90A3F525093;4;205;Z96.1;20260713;01;;;;;;19610527;1;01;150130;49.74;0.00;0.00;0.00;0.00;0.00;0.00;0.00;0.00;0.00;0.00;0.00;0.00;49.74;58.69;2026-08-17 16:01:52;240102
D68FD8035E26A00787470F838D825A533FBE6A7F;FA000B14669AFA164CA94DE1EF8D776F1539484F;01;C1EAADE0494BDE1EBF0C465F3E6FD0EE9BFF339E;1;3;1;79075C1F8BCE03D36624DA193C61F58B298E1493;4;205;Z48.9;20260713;01;;;;;;19790821;1;01;150130;49.74;0.00;0.00;0.00;0.00;76.29;0.00;0.00;0.00;0.00;0.00;7.61;0.00;126.03;139.74;2026-08-17 16:01:52;140124
D68FD8035E26A00787470F838D825A533FBE6A7F;FA000B14669AFA164CA94DE1EF8D776F1539484F;01;83350728DA6EF6661D8AB045820705110A711B6E;1;1;1;D04E5DFC4782BC856791462221D9B758287F98F8;4;228;Z00.1;20260713;01;;;;;;20250103;2;03;150130;49.74;0.00;0.00;0.00;0.00;41.22;0.00;0.00;0.00;0.00;0.00;0.00;0.00;90.96;107.33;2026-08-17 16:01:52;
D68FD8035E26A00787470F838D825A533FBE6A7F;FA000B14669AFA164CA94DE1EF8D776F1539484F;01;B7CAA275AF3D274A85E1FD349C1BF1A634BC1DBF;1;1;1;A342CC2EA51599C1B1BCF7E1CA990A5E99701578;4;306;Z35.9;20260713;01;;;;;;19980401;2;01;150130;49.74;0.00;0.00;0.00;0.00;0.00;0.00;0.00;0.00;0.00;0.00;0.00;0.00;49.74;58.69;2026-08-17 16:01:52;140125
D68FD8035E26A00787470F838D825A533FBE6A7F;FA000B14669AFA164CA94DE1EF8D776F1539484F;01;263301B6F97D16FA61A8D6F49AA4B6352A7D5D02;1;1;1;27DB07B00ECF7F683AA08E79F26D0DA26F8C1044;4;306;Z35.9;20260713;01;;;;;;19960517;2;01;150130;49.74;0.00;0.00;0.00;0.00;100.79;0.00;0.00;0.00;0.00;0.00;20.10;0.00;150.53;153.91;2026-08-17 16:01:52;130101
D68FD8035E26A00787470F838D825A533FBE6A7F;FA000B14669AFA164CA94DE1EF8D776F1539484F;01;72550C58DD79C43842BCECB90493CD7ABAD14289;1;1;1;EF68393324E568073E7094439674E8490C60AFF9;4;228;Z00.1;20260713;01;;;;;;20250625;1;03;150130;49.74;0.00;0.00;0.00;0.00;0.00;0.00;0.00;0.00;0.00;0.00;0.00;0.00;49.74;58.69;2026-08-17 16:01:52;
D68FD8035E26A00787470F838D825A533FBE6A7F;FA000B14669AFA164CA94DE1EF8D776F1539484F;01;AF562408CF89BD87575EC1C2752361ED471BEB6F;1;1;1;1725901B983B3DC74B5866265F6A8F224530A73F;9;301;Z29.9;20260713;01;;;;;;19980816;2;01;150130;0.00;0.00;27.64;0.00;0.00;0.00;0.00;0.00;0.00;0.00;0.00;0.00;0.00;27.64;32.62;2026-08-17 16:01:52;140130
D68FD8035E26A00787470F838D825A533FBE6A7F;FA000B14669AFA164CA94DE1EF8D776F1539484F;01;0B75613D6B9CE3E4F901A0A095045971BAB7E2FB;1;3;1;816541EF46CD60E8F793513ADB48083BDF2F8BEA;4;205;Z48.9;20260713;01;;;;;;19430523;2;07;150130;95.41;0.00;44.03;0.00;0.00;97.16;0.00;0.00;0.00;0.00;0.00;46.65;0.00;236.60;224.14;2026-08-17 16:01:52;140130
D68FD8035E26A00787470F838D825A533FBE6A7F;FA000B14669AFA164CA94DE1EF8D776F1539484F;01;7D234EFEAF8AD61FD17D793F691162BDECFBA9CB;1;1;1;5B98EC16B6A6A417863EEC89EAC3FBFE89507D5D;4;205;Z98.8;20260713;01;;;;;;19540926;2;01;150130;49.74;0.00;0.00;0.00;0.00;190.24;0.00;0.00;0.00;0.00;0.00;66.58;0.00;239.98;204.61;2026-08-17 16:01:52;140110
D68FD8035E26A00787470F838D825A533FBE6A7F;FA000B14669AFA164CA94DE1EF8D776F1539484F;01;1F89DA448DAA240C727B47910BA9D83735054E09;1;1;1;1E51B3C84C854F1D5524A33757C94BB8FA8E5A67;4;205;H04.1;20260713;01;;;;;;19650917;2;02;150130;49.74;0.00;0.00;0.00;0.00;190.24;0.00;0.00;0.00;0.00;0.00;19.02;0.00;239.98;260.73;2026-08-17 16:01:52;170106
D68FD8035E26A00787470F838D825A533FBE6A7F;FA000B14669AFA164CA94DE1EF8D776F1539484F;01;8C97AE0166B4963D16C87FC74DE7184C8C4C70DB;1;1;1;46A452A8D95E3C5FB93E75FA1659F87CFE76D142;4;205;D35.2;20260713;01;;;;;;19831206;2;01;150130;95.41;0.00;44.03;0.00;0.00;8.40;0.00;0.00;0.00;0.00;0.00;24.53;0.00;147.84;145.51;2026-08-17 16:01:52;140103
D68FD8035E26A00787470F838D825A533FBE6A7F;FA000B14669AFA164CA94DE1EF8D776F1539484F;01;DFE2DB77EC7D78B61B76EE25FE54E2687C19230C;1;1;1;46A452A8D95E3C5FB93E75FA1659F87CFE76D142;4;205;Z48.9;20260713;01;;;;;;19831206;2;01;150130;49.74;0.00;0.00;0.00;0.00;47.81;0.00;0.00;0.00;0.00;0.00;11.96;0.00;97.55;101.00;2026-08-17 16:01:52;140103
D68FD8035E26A00787470F838D825A533FBE6A7F;FA000B14669AFA164CA94DE1EF8D776F1539484F;01;9D4DE1E2FA220D9DCB9DCB5A73582ED6FCCF1E6C;1;1;1;A92E966778D4FBBAEBEBA5586D17D1D0F9966601;4;228;Z00.1;20260713;01;;;;;;20250413;1;03;150130;49.74;0.00;0.00;0.00;0.00;0.00;0.00;0.00;0.00;0.00;0.00;0.00;0.00;49.74;58.69;2026-08-17 16:01:52;140141
D68FD8035E26A00787470F838D825A533FBE6A7F;FA000B14669AFA164CA94DE1EF8D776F1539484F;01;7B1C5D84A43FBDC94C2F9C291F6E9D720EC6DB02;1;1;1;AC78B3448875539523ACC6C8B1DFEAB6D5A7B3E2;4;502;F41.1;20260713;08;;;;;;19970317;1;01;150130;77.38;0.00;0.00;0.00;0.00;0.00;0.00;0.00;0.00;59.32;0.00;0.00;0.00;77.38;21.31;2026-08-17 16:01:52;100101
D68FD8035E26A00787470F838D825A533FBE6A7F;FA000B14669AFA164CA94DE1EF8D776F1539484F;01;3DD3B24D0132204A60EB8E953F6630BDF509C9B0;1;1;1;AC78B3448875539523ACC6C8B1DFEAB6D5A7B3E2;4;501;F41.9;20260713;01;;;;;;19970317;1;01;150130;77.38;0.00;0.00;0.00;0.00;80.70;0.00;0.00;0.00;67.80;0.00;32.40;0.00;158.08;68.30;2026-08-17 16:01:52;100101
D68FD8035E26A00787470F838D825A533FBE6A7F;FA000B14669AFA164CA94DE1EF8D776F1539484F;01;F96669860CC3C7EAAB9229F2E907FD9E0F5550D6;1;1;1;24EFD52E24D52B09A60521AFEC2E316F03917DEB;4;205;K42.9;20260713;01;;;;;;19931019;1;01;150130;49.74;0.00;0.00;0.00;0.00;0.00;0.00;0.00;0.00;0.00;0.00;0.00;0.00;49.74;58.69;2026-08-17 16:01:52;140115
D68FD8035E26A00787470F838D825A533FBE6A7F;FA000B14669AFA164CA94DE1EF8D776F1539484F;01;67D3B38C6F5153F26B4723419411AE6546748C0F;1;1;1;724FCB8106441F74AAF7F75BB176B6E5C44EE1CD;4;306;Z35.9;20260713;01;;;;;;19931010;2;02;150130;49.74;0.00;0.00;0.00;0.00;63.60;0.00;0.00;0.00;0.00;0.00;6.60;0.00;113.34;125.95;2026-08-17 16:01:52;140131
D68FD8035E26A00787470F838D825A533FBE6A7F;FA000B14669AFA164CA94DE1EF8D776F1539484F;01;488D8FC0AF35139E460BE0EE7999E91178702025;1;1;1;B8D647E10396F5FDC9A5D462551E2522A857B3E7;4;205;N20.1;20260713;01;;;;;;19920216;1;01;150130;49.74;0.00;0.00;0.00;0.00;46.46;0.00;0.00;0.00;0.00;0.00;9.32;0.00;96.20;102.52;2026-08-17 16:01:52;140101
D68FD8035E26A00787470F838D825A533FBE6A7F;FA000B14669AFA164CA94DE1EF8D776F1539484F;01;58127717A5AEA79951B355FEC7CDF2F3919E9FDC;1;1;1;FE3F29715449294D414B40ADDC759085FF4CB46B;4;409;C56.X;20260713;01;;;;;;19670814;2;01;150130;74.61;0.00;0.00;0.00;0.00;0.00;0.00;0.00;0.00;0.00;0.00;0.00;0.00;74.61;88.04;2026-08-17 16:01:52;140130
D68FD8035E26A00787470F838D825A533FBE6A7F;FA000B14669AFA164CA94DE1EF8D776F1539484F;01;0151811B8D6101E5B3962B4B673B84DCB224254D;1;1;1;A84F6EDCEE149A7E07B63C8B743F1CDFB5ACDE1E;4;205;Z96.1;20260713;01;;;;;;19640907;2;02;150130;49.74;0.00;0.00;0.00;0.00;0.00;0.00;0.00;0.00;0.00;0.00;0.00;0.00;49.74;58.69;2026-08-17 16:01:52;140140
D68FD8035E26A00787470F838D825A533FBE6A7F;FA000B14669AFA164CA94DE1EF8D776F1539484F;01;C7E4D60A15AB923D35771B8C4A5E7002935E0A1F;1;1;1;DE713320AA0ED653A99CB76DB304F8430E49A46F;4;205;S83.2;20260713;01;;;;;;20040227;1;01;150130;49.74;0.00;0.00;0.00;0.00;190.27;0.00;0.00;0.00;0.00;0.00;19.10;0.00;240.01;260.67;2026-08-17 16:01:52;230101
D68FD8035E26A00787470F838D825A533FBE6A7F;FA000B14669AFA164CA94DE1EF8D776F1539484F;01;6555BE76F0F0AF30ADD6C725F60DE1783CBECFA8;1;1;1;A70D798B3867DF01AEC4A33211F2583C553792B6;4;501;F41.2;20260713;01;;;;;;19761214;2;01;150130;77.38;0.00;0.00;0.00;0.00;92.70;0.00;0.00;0.00;67.80;0.00;37.20;0.00;170.08;76.79;2026-08-17 16:01:52;140131
D68FD8035E26A00787470F838D825A533FBE6A7F;FA000B14669AFA164CA94DE1EF8D776F1539484F;01;FE516076C67085AE80AF1F6E4D59F709E5DC32E1;1;1;1;806C3A6655E6A41C1031E93100E31FF29C1BA95E;4;228;Z00.1;20260713;01;;;;;;20231209;1;03;150130;49.74;0.00;0.00;0.00;0.00;0.00;0.00;0.00;0.00;0.00;0.00;0.00;0.00;49.74;58.69;2026-08-17 16:01:52;140106
D68FD8035E26A00787470F838D825A533FBE6A7F;FA000B14669AFA164CA94DE1EF8D776F1539484F;01;22B0F4129BFAA21A860D9F6B78D9F1D8B925E432;1;1;1;9C71D6CEC4030B98FA97F8ADAD9B11E8EB84F718;4;409;C50.9;20260713;01;;;;;;19561231;1;01;150130;49.74;0.00;0.00;0.00;0.00;986.67;0.00;0.00;0.00;0.00;0.00;0.00;0.00;1036.41;1222.96;2026-08-17 16:01:52;140140
D68FD8035E26A00787470F838D825A533FBE6A7F;FA000B14669AFA164CA94DE1EF8D776F1539484F;01;28A50222DE40364B80416D59EC7FF998DF04E3B2;1;1;1;9C71D6CEC4030B98FA97F8ADAD9B11E8EB84F718;4;409;C61.X;20260713;01;;;;;;19561231;1;01;150130;191.80;0.00;176.12;0.00;0.00;0.00;0.00;0.00;0.00;0.00;0.00;0.00;0.00;367.92;434.15;2026-08-17 16:01:52;140140
D68FD8035E26A00787470F838D825A533FBE6A7F;FA000B14669AFA164CA94DE1EF8D776F1539484F;01;E1E7E3EE5F1B782E0D0D8EA6CF848C4490F1C704;1;1;1;A437D39C6D8D403A9D59027FBC307EDF8FC94174;4;409;C07.X;20260713;01;;;;;;19730418;1;01;150130;74.61;0.00;0.00;0.00;0.00;0.00;0.00;0.00;0.00;0.00;0.00;0.00;0.00;74.61;88.04;2026-08-17 16:01:52;140112
D68FD8035E26A00787470F838D825A533FBE6A7F;FA000B14669AFA164CA94DE1EF8D776F1539484F;01;AEB70E8460DE7A0270EB53AE662511BF2CDFE533;1;1;1;66F2DEDDF7FF8D15B54CF29BE326F3C78A8783AD;4;306;Z34.8;20260713;01;;;;;;19871029;2;01;150130;49.74;0.00;0.00;0.00;0.00;0.00;0.00;0.00;0.00;0.00;0.00;0.00;0.00;49.74;58.69;2026-08-17 16:01:52;140111
D68FD8035E26A00787470F838D825A533FBE6A7F;FA000B14669AFA164CA94DE1EF8D776F1539484F;01;3D463A3778A24FB1857D82E4BFA485300650DA91;1;1;1;D5EFCC47FEEA49E22DEE4700FC68FD6082F321DB;4;228;Z00.1;20260713;01;;;;;;20250929;1;03;150130;49.74;0.00;0.00;0.00;0.00;0.00;0.00;0.00;0.00;0.00;0.00;0.00;0.00;49.74;58.69;2026-08-17 16:01:52;140137
D68FD8035E26A00787470F838D825A533FBE6A7F;FA000B14669AFA164CA94DE1EF8D776F1539484F;01;6FFDD506B9C3BE37688F782912DDA26E7E0AC425;1;1;1;6333E31E3BBF9680D846B6D51BB24471301BFA78;4;228;Z00.1;20260713;01;;;;;;20250910;1;03;150130;49.74;0.00;0.00;0.00;0.00;41.22;0.00;0.00;0.00;0.00;0.00;0.00;0.00;90.96;107.33;2026-08-17 16:01:52;140133
D68FD8035E26A00787470F838D825A533FBE6A7F;FA000B14669AFA164CA94DE1EF8D776F1539484F;01;828949AB8E9013DFA0F3B56D3E37EF42B2B01725;1;1;1;306023CAEC45F875093905F0DCDF2185D3FFCFD6;4;228;Z00.1;20260713;01;;;;;;20251104;2;03;150130;49.74;0.00;0.00;0.00;0.00;0.00;0.00;0.00;0.00;0.00;0.00;0.00;0.00;49.74;58.69;2026-08-17 16:01:52;140103
D68FD8035E26A00787470F838D825A533FBE6A7F;FA000B14669AFA164CA94DE1EF8D776F1539484F;01;56BE24C3CC003B881C5B4DE3A3E49F634BB80EF8;1;1;1;F0A75797474C7F7D9DD50C37DBCC534553472AC4;4;228;Z00.1;20260713;01;;;;;;20251212;1;03;150130;49.74;0.00;0.00;0.00;0.00;41.22;0.00;0.00;0.00;0.00;0.00;0.00;0.00;90.96;107.33;2026-08-17 16:01:52;
D68FD8035E26A00787470F838D825A533FBE6A7F;FA000B14669AFA164CA94DE1EF8D776F1539484F;01;3627B74A781682FC694DAAE754C48F702E7669C5;1;1;1;1E2D3D38A9AB1563F07420C16801E05D5664E86B;4;228;Z00.1;20260713;01;;;;;;20251210;2;03;150130;49.74;0.00;0.00;0.00;0.00;0.00;0.00;0.00;0.00;0.00;0.00;0.00;0.00;49.74;58.69;2026-08-17 16:01:52;140140
D68FD8035E26A00787470F838D825A533FBE6A7F;FA000B14669AFA164CA94DE1EF8D776F1539484F;01;600305F0E044C80EE3E5BF612C063B7C336E80C5;1;1;1;D546630F4627F4CAB1452DE3E7023C4723874ABD;4;100;E55.9;20260713;01;;;;;;19951030;1;02;150130;49.74;0.00;0.00;0.00;0.00;0.00;0.00;0.00;0.00;38.14;0.00;0.00;0.00;49.74;13.69;2026-08-17 16:01:52;140142
D68FD8035E26A00787470F838D825A533FBE6A7F;FA000B14669AFA164CA94DE1EF8D776F1539484F;01;C839CF2ED91FDF323C6FBFC7F1BE84679891D132;1;1;1;B9AC33DCED0BD1BDDF271A34AB205E958BDE751F;4;228;Z00.1;20260713;01;;;;;;20260312;2;03;150130;49.74;0.00;0.00;0.00;0.00;0.00;0.00;0.00;0.00;0.00;0.00;0.00;0.00;49.74;58.69;2026-08-17 16:01:52;140133
D68FD8035E26A00787470F838D825A533FBE6A7F;FA000B14669AFA164CA94DE1EF8D776F1539484F;01;4F3232868011DCBFF836B680322545430B87EE9D;1;1;1;E824EDE1E543C3235522AB0AB45C0DACB6EA4853;4;306;Z34.9;20260713;01;;;;;;19931020;2;02;150130;49.74;0.00;0.00;0.00;0.00;0.00;0.00;0.00;0.00;0.00;0.00;0.00;0.00;49.74;58.69;2026-08-17 16:01:52;140115
D68FD8035E26A00787470F838D825A533FBE6A7F;FA000B14669AFA164CA94DE1EF8D776F1539484F;01;8BF815EC1B0B0FCF0CE7EC6411C448CF428DDE1E;1;3;1;DB3608333998CE1BE043882E0060A561108F19EB;4;205;Z48.9;20260713;01;;;;;;20080627;1;03;150130;95.41;0.00;44.03;0.00;0.00;143.32;0.00;0.00;0.00;0.00;0.00;69.93;0.00;282.76;251.14;2026-08-17 16:01:52;140110
D68FD8035E26A00787470F838D825A533FBE6A7F;FA000B14669AFA164CA94DE1EF8D776F1539484F;01;FDD266F713C1A46E2B6BFC50C26ACC7AF7A34E37;1;1;1;D8DCC7AF0178AADEDDE4B2D68A30252382475FB6;4;306;Z34.8;20260713;01;;;;;;20011010;2;01;150130;49.74;0.00;0.00;0.00;0.00;63.60;0.00;0.00;0.00;0.00;0.00;6.60;0.00;113.34;125.95;2026-08-17 16:01:52;140109
D68FD8035E26A00787470F838D825A533FBE6A7F;FA000B14669AFA164CA94DE1EF8D776F1539484F;01;1812332E9468DA8935A86D85F1B4EFFE3C1B6F82;1;1;1;3FE7A2018AF64D71D78265A2A944A2564C126237;4;306;Z35.9;20260713;01;;;;;;19950827;2;01;150130;49.74;0.00;0.00;0.00;0.00;71.40;0.00;0.00;0.00;0.00;0.00;21.54;0.00;121.14;117.53;2026-08-17 16:01:52;120501
D68FD8035E26A00787470F838D825A533FBE6A7F;FA000B14669AFA164CA94DE1EF8D776F1539484F;01;B5B25000BC209229A65BC6B8FA944B3AA87CCA22;1;1;1;A3AD23E29697D11586351D9F8E3D2D4025F3EDCE;4;228;Z00.1;20260713;01;;;;;;20260611;1;03;150130;49.74;0.00;0.00;0.00;0.00;0.00;0.00;0.00;0.00;0.00;0.00;0.00;0.00;49.74;58.69;2026-08-17 16:01:52;
D68FD8035E26A00787470F838D825A533FBE6A7F;FA000B14669AFA164CA94DE1EF8D776F1539484F;01;C99E4299827B34A1D447E0F235795BB3C0FA9CAE;1;3;1;4D1DE5C3F3F48EE50569BF613752CC0650FFD946;4;306;Z34.9;20260713;01;;;;;;19981020;2;03;150130;49.74;0.00;0.00;0.00;0.00;100.79;0.00;0.00;0.00;0.00;0.00;15.00;0.00;150.53;159.93;2026-08-17 16:01:52;140130
D68FD8035E26A00787470F838D825A533FBE6A7F;FA000B14669AFA164CA94DE1EF8D776F1539484F;01;4374BE2AE2A0906145F8601C7F0AD7385033251D;1;1;1;6D6DF9B3D56359DAA59DD05490568F87F0BEC9A1;4;502;F41.8;20260713;08;;;;;;19900604;2;01;150130;77.38;0.00;0.00;0.00;0.00;0.00;0.00;0.00;0.00;59.32;0.00;0.00;0.00;77.38;21.31;2026-08-17 16:01:52;140138
D68FD8035E26A00787470F838D825A533FBE6A7F;FA000B14669AFA164CA94DE1EF8D776F1539484F;01;E047726F6FB18C2EBD1B9D1852B91974F89BE979;1;1;1;A8896FEF48F7005D4AA76CA4567AF6BC0E1E2241;4;205;J34.3;20260713;01;;;;;;19871219;2;01;150130;49.74;0.00;0.00;0.00;0.00;93.80;0.00;0.00;0.00;0.00;0.00;32.76;0.00;143.54;130.72;2026-08-17 16:01:52;140122
D68FD8035E26A00787470F838D825A533FBE6A7F;FA000B14669AFA164CA94DE1EF8D776F1539484F;01;E5041D4E6A31B90556384F6A4BF39CB0F019DAB7;1;1;1;C9D808EE4328AC1F8D97581D388A8EB629F66A40;4;228;Z00.1;20260713;01;;;;;;20250329;1;03;150130;49.74;0.00;0.00;0.00;0.00;41.22;0.00;0.00;0.00;0.00;0.00;0.00;0.00;90.96;107.33;2026-08-17 16:01:52;140115
D68FD8035E26A00787470F838D825A533FBE6A7F;FA000B14669AFA164CA94DE1EF8D776F1539484F;01;7DF54FB6B155C8CABE4200276C035D046EBCA59F;1;1;1;4F7DD1D2B0E2BE7ECC4A0D5F1D6C88B335EE33DD;4;228;Z00.1;20260713;01;;;;;;20231213;1;03;150130;49.74;0.00;0.00;0.00;0.00;0.00;0.00;0.00;0.00;0.00;0.00;0.00;0.00;49.74;58.69;2026-08-17 16:01:52;
D68FD8035E26A00787470F838D825A533FBE6A7F;FA000B14669AFA164CA94DE1EF8D776F1539484F;01;6321CC5F304D3C5A53F9E9B3694AE81870F83E04;1;1;1;9BB93DD0863B75AC6910519C14B88DF21D22AE11;4;228;Z00.1;20260713;01;;;;;;20260212;1;03;150130;49.74;0.00;0.00;0.00;0.00;0.00;0.00;0.00;0.00;0.00;0.00;0.00;0.00;49.74;58.69;2026-08-17 16:01:52;
D68FD8035E26A00787470F838D825A533FBE6A7F;FA000B14669AFA164CA94DE1EF8D776F1539484F;01;8691FF94D442AC72920C124F19584635403FD142;1;1;1;CA8086BCF52696D9814469B996C8C55348B5B6E4;4;409;C73.X;20260713;01;;;;;;19810721;2;01;150130;49.74;0.00;0.00;0.00;0.00;162.30;0.00;0.00;0.00;0.00;0.00;0.00;0.00;212.04;250.21;2026-08-17 16:01:52;140127
D68FD8035E26A00787470F838D825A533FBE6A7F;FA000B14669AFA164CA94DE1EF8D776F1539484F;01;7C88221393375D3C9B8F3F8344560EEBCFC5377F;1;1;1;BDAEAAB4F1B196D9B83AFB98A0FA881996965867;4;409;C50.9;20260713;01;;;;;;19420801;1;07;150130;49.74;0.00;0.00;0.00;0.00;0.00;0.00;0.00;0.00;0.00;0.00;0.00;0.00;49.74;58.69;2026-08-17 16:01:52;140140
D68FD8035E26A00787470F838D825A533FBE6A7F;FA000B14669AFA164CA94DE1EF8D776F1539484F;01;B7634AF307805AAE69069DC7E5001E1E7D6C427C;1;1;1;436AA1C530BE3FCBD4F1C6E4FD4FA58B06A36810;4;305;O26.9;20260713;01;;;;;;19870624;2;01;150130;49.74;0.00;0.00;0.00;0.00;40.62;0.00;0.00;0.00;0.00;0.00;12.20;0.00;90.36;92.23;2026-08-17 16:01:52;240104
D68FD8035E26A00787470F838D825A533FBE6A7F;FA000B14669AFA164CA94DE1EF8D776F1539484F;01;E70CEDF6A039DCAE366A04583291BCB2F810BC56;1;1;1;4640D298F630F95164F1A0372D436044111E0BF8;4;205;D34.X;20260713;01;;;;;;19770421;2;02;150130;49.74;0.00;0.00;0.00;0.00;0.00;0.00;0.00;0.00;0.00;0.00;0.00;0.00;49.74;58.69;2026-08-17 16:01:52;140140
D68FD8035E26A00787470F838D825A533FBE6A7F;FA000B14669AFA164CA94DE1EF8D776F1539484F;01;DCE08CE355421BB29C1318DAB1C55238841BAD15;1;3;1;F33A00CEC4EF7FCE1D3908D02BA6D8B98D76F8ED;4;205;Z48.9;20260713;01;;;;;;20070105;1;03;150130;95.41;0.00;44.03;0.00;0.00;12.00;0.00;0.00;0.00;0.00;0.00;30.51;0.00;151.44;142.70;2026-08-17 16:01:52;140104
D68FD8035E26A00787470F838D825A533FBE6A7F;FA000B14669AFA164CA94DE1EF8D776F1539484F;01;25149DE394B68640F90F844B3EF7AFBDE0E36DB7;1;1;1;6D25CD94274B12FC44AB74F9C35413E9BEB97FC4;4;306;Z34.9;20260713;01;;;;;;19960610;2;01;150130;49.74;0.00;0.00;0.00;0.00;63.60;0.00;0.00;0.00;0.00;0.00;3.30;0.00;113.34;129.85;2026-08-17 16:01:52;140137
D68FD8035E26A00787470F838D825A533FBE6A7F;FA000B14669AFA164CA94DE1EF8D776F1539484F;01;02D22BBF343FAB965B25CC9DF6ECB4C4BC596F8C;1;1;1;C3848BCDCA21934ED2E582411445F39D71D3C37E;4;228;Z00.1;20260713;01;;;;;;20260211;2;03;150130;49.74;0.00;0.00;0.00;0.00;41.22;0.00;0.00;0.00;0.00;0.00;0.00;0.00;90.96;107.33;2026-08-17 16:01:52;
D68FD8035E26A00787470F838D825A533FBE6A7F;FA000B14669AFA164CA94DE1EF8D776F1539484F;01;5A4EF2EE0167BCA1B164A894B3492C1F84DB8194;1;1;1;21A0D794CF8A58D23968490363C81329C6D99BF2;4;501;F41.2;20260713;01;;;;;;19890908;2;02;150130;77.38;0.00;0.00;0.00;0.00;29.10;0.00;0.00;0.00;67.80;0.00;11.70;0.00;106.48;31.84;2026-08-17 16:01:52;140103
D68FD8035E26A00787470F838D825A533FBE6A7F;FA000B14669AFA164CA94DE1EF8D776F1539484F;01;92721346C68726698B5EF26085B2E9E803DD3ECC;1;1;1;9556B294CE907472CF937BBD5171826978E9E566;4;501;F41.1;20260713;01;;;;;;19701220;2;01;150130;77.38;0.00;0.00;0.00;0.00;419.34;0.00;0.00;0.00;67.80;0.00;167.86;0.00;496.72;308.05;2026-08-17 16:01:52;140136
D68FD8035E26A00787470F838D825A533FBE6A7F;FA000B14669AFA164CA94DE1EF8D776F1539484F;01;73D7B95A0A69EF9FB5361C2D61452422F1FE5DD0;1;1;1;BFFFB6E36022CE8CD076C3CC9470905F3FF2AD3B;4;306;Z35.8;20260713;01;;;;;;19871111;2;01;150130;49.74;0.00;0.00;0.00;0.00;59.99;0.00;0.00;0.00;0.00;0.00;18.00;0.00;109.73;108.24;2026-08-17 16:01:52;140140
D68FD8035E26A00787470F838D825A533FBE6A7F;FA000B14669AFA164CA94DE1EF8D776F1539484F;01;10E3CF671CE343F65DBC33B56F053647B24C28F0;1;1;1;94B8890AEDB154C5F12895140BD19C32D75F1963;4;228;Z00.1;20260713;01;;;;;;20251012;1;03;150130;49.74;0.00;0.00;32.50;0.00;41.22;0.00;0.00;0.00;0.00;0.00;0.00;0.00;123.46;145.68;2026-08-17 16:01:52;
D68FD8035E26A00787470F838D825A533FBE6A7F;FA000B14669AFA164CA94DE1EF8D776F1539484F;01;B5602C30BF96665977F0F5DD220E04AAD0B847DE;1;1;1;B97AFA4EA5B98192C222FC8062D744AA7EEA2EFB;4;306;Z34.0;20260713;01;;;;;;19950409;2;01;150130;49.74;0.00;0.00;0.00;0.00;0.00;0.00;0.00;0.00;0.00;0.00;0.00;0.00;49.74;58.69;2026-08-17 16:01:52;240101
D68FD8035E26A00787470F838D825A533FBE6A7F;FA000B14669AFA164CA94DE1EF8D776F1539484F;01;3A582C8DA03B71910D9B097FBC9789AE1946EE39;1;1;1;E19B29014C91C76E2CCAF7D1B03F64ECFD0876ED;4;228;Z00.1;20260713;01;;;;;;20250304;1;03;150130;49.74;0.00;0.00;0.00;0.00;0.00;0.00;0.00;0.00;0.00;0.00;0.00;0.00;49.74;58.69;2026-08-17 16:01:52;
D68FD8035E26A00787470F838D825A533FBE6A7F;FA000B14669AFA164CA94DE1EF8D776F1539484F;01;7A2DC76C3B9E6BE7630FB6EF282565F679D9AFF6;1;1;1;846DF0369621C4C08B871635E962DCC9F3AD5D1C;4;306;Z35.9;20260713;01;;;;;;19900216;2;01;150130;49.74;0.00;0.00;0.00;0.00;100.79;0.00;0.00;0.00;0.00;0.00;15.00;0.00;150.53;159.93;2026-08-17 16:01:52;140130
D68FD8035E26A00787470F838D825A533FBE6A7F;FA000B14669AFA164CA94DE1EF8D776F1539484F;01;940A8C3E20833285F77D1144B52360689441D741;1;1;1;B7BBC5415F2E56B43FE552BEF305CDFDD05FF31F;4;502;F90.0;20260713;08;;;;;;20180523;2;03;150130;77.38;0.00;0.00;0.00;0.00;0.00;0.00;0.00;0.00;59.32;0.00;0.00;0.00;77.38;21.31;2026-08-17 16:01:52;140109
D68FD8035E26A00787470F838D825A533FBE6A7F;FA000B14669AFA164CA94DE1EF8D776F1539484F;01;1362BC7E2C0EBD7E75A62B2FA6FE982EB3FF85CC;1;1;1;1E9EC7AC15A54F896FDB2ADAE499904FDED553F1;4;228;Z00.1;20260713;01;;;;;;20240901;2;03;150130;49.74;0.00;0.00;0.00;0.00;0.00;0.00;0.00;0.00;0.00;0.00;0.00;0.00;49.74;58.69;2026-08-17 16:01:52;
D68FD8035E26A00787470F838D825A533FBE6A7F;FA000B14669AFA164CA94DE1EF8D776F1539484F;01;00C0F0F394E545E80F11DADC869FE6A260886277;1;1;1;088BA6E021E462D0592A9FDB56FBC5BA043DB6A1;4;100;U07.2;20260713;01;;;;;;19950111;2;01;150130;0.00;0.00;0.00;207.27;0.00;0.00;0.00;0.00;0.00;0.00;0.00;51.82;0.00;207.27;183.43;2026-08-17 16:01:52;140110
D68FD8035E26A00787470F838D825A533FBE6A7F;FA000B14669AFA164CA94DE1EF8D776F1539484F;01;7CA7915F57D7D7393CD239CFEAC074384ECA4E7E;1;1;1;D1518D60490E339D1B248A5EFF033E777823E24F;4;306;Z35.8;20260713;01;;;;;;19921229;2;02;150130;49.74;0.00;0.00;0.00;0.00;202.18;0.00;0.00;0.00;0.00;0.00;20.47;0.00;251.92;273.11;2026-08-17 16:01:52;140137
D68FD8035E26A00787470F838D825A533FBE6A7F;FA000B14669AFA164CA94DE1EF8D776F1539484F;01;B84EE021090934E9FF80ED440A71077D8E1F2241;1;1;1;2993D29245C49E2B1FDEB3C6CFF51A1A9883A427;4;501;F41.0;20260713;01;;;;;;19770225;2;02;150130;77.38;0.00;0.00;0.00;0.00;0.00;0.00;0.00;0.00;67.80;0.00;0.00;0.00;77.38;11.30;2026-08-17 16:01:52;140108
D68FD8035E26A00787470F838D825A533FBE6A7F;FA000B14669AFA164CA94DE1EF8D776F1539484F;01;C3B74B6F87B85D88043B904C8FA953FCA408C8E2;1;3;1;61CEF51F396CA95DA67DC5424711C1700C255D69;4;228;Z00.1;20260713;01;;;;;;20250610;2;03;150130;49.74;0.00;0.00;0.00;0.00;0.00;0.00;0.00;0.00;0.00;0.00;0.00;0.00;49.74;58.69;2026-08-17 16:01:52;
D68FD8035E26A00787470F838D825A533FBE6A7F;FA000B14669AFA164CA94DE1EF8D776F1539484F;01;2F45C241EE02D6633133EC5132E109A8B5653680;1;1;1;945B75C1CEA02A6D802151AAFAA385C698CF2BD8;4;228;Z00.1;20260713;01;;;;;;20240619;2;03;150130;49.74;0.00;0.00;0.00;0.00;41.22;0.00;0.00;0.00;0.00;0.00;0.00;0.00;90.96;107.33;2026-08-17 16:01:52;140103
D68FD8035E26A00787470F838D825A533FBE6A7F;FA000B14669AFA164CA94DE1EF8D776F1539484F;01;02F3970B1668167329D67D1A46BD3653031FE08B;1;1;1;305E802902B03F1F815E75277EDA0B5E52D2E1C5;4;228;Z00.1;20260713;01;;;;;;20260112;1;03;150130;49.74;0.00;0.00;0.00;0.00;41.22;0.00;0.00;0.00;0.00;0.00;0.00;0.00;90.96;107.33;2026-08-17 16:01:52;190104
D68FD8035E26A00787470F838D825A533FBE6A7F;FA000B14669AFA164CA94DE1EF8D776F1539484F;01;79AA8D2EC7C6F446158CEC0558F54CC9A8ACD577;1;1;1;B2482A8E7804632C38790257A3535FCEE82C9A09;9;301;Z29.9;20260713;01;;;;;;19920815;2;01;150130;0.00;0.00;1133.24;0.00;0.00;0.00;0.00;0.00;0.00;0.00;0.00;0.00;0.00;1133.24;1337.22;2026-08-17 16:01:52;140140
D68FD8035E26A00787470F838D825A533FBE6A7F;FA000B14669AFA164CA94DE1EF8D776F1539484F;01;98349247FE7BC8EC2313A5F1B9A20045C9CCA542;1;1;1;44CEBC66333B3A7261B71D5EFEBC46769BA617B4;4;307;Z39.0;20260713;01;;;;;;19921012;2;02;150130;95.41;0.00;44.03;0.00;0.00;100.79;0.00;0.00;0.00;0.00;0.00;0.00;0.00;240.23;283.47;2026-08-17 16:01:52;140142
D68FD8035E26A00787470F838D825A533FBE6A7F;FA000B14669AFA164CA94DE1EF8D776F1539484F;01;C66744D7962EC04520032978D4C5A5CE12C9C47B;1;1;1;A5B2D0409FD4B1901EA8D1C10B54563EED23492E;4;228;Z00.1;20260713;01;;;;;;20250901;1;03;150130;49.74;0.00;0.00;0.00;0.00;0.00;0.00;0.00;0.00;0.00;0.00;0.00;0.00;49.74;58.69;2026-08-17 16:01:52;
D68FD8035E26A00787470F838D825A533FBE6A7F;FA000B14669AFA164CA94DE1EF8D776F1539484F;01;D97885B1B9D5332D0E26F62E148F95120DBA88A5;1;1;1;A1CF5CAF413898EA1ABEF9FC032CAAB70E7C0B5A;4;501;F41.1;20260713;01;;;;;;19701102;1;02;150130;77.38;0.00;0.00;0.00;0.00;65.40;0.00;0.00;0.00;67.80;0.00;26.25;0.00;142.78;57.50;2026-08-17 16:01:52;140133
D68FD8035E26A00787470F838D825A533FBE6A7F;FA000B14669AFA164CA94DE1EF8D776F1539484F;01;804BEDE52E5D6685054F13EDBFD6F9C5409D8CEC;1;1;1;518D742A6B74F262C5F53E042F6C6B2288FA9AAA;4;228;Z00.1;20260713;01;;;;;;20260106;2;03;150130;49.74;0.00;0.00;0.00;0.00;0.00;0.00;0.00;0.00;0.00;0.00;0.00;0.00;49.74;58.69;2026-08-17 16:01:52;
D68FD8035E26A00787470F838D825A533FBE6A7F;FA000B14669AFA164CA94DE1EF8D776F1539484F;01;DC1E2E57E4F4EAD470119989CC7A769B51FADE37;1;1;1;50B1F93E488EB6A3C32AE4EF851B19FC57F471F5;4;306;Z35.9;20260713;01;;;;;;19840306;2;01;150130;49.74;0.00;0.00;0.00;0.00;0.00;0.00;0.00;0.00;0.00;0.00;0.00;0.00;49.74;58.69;2026-08-17 16:01:52;140133
D68FD8035E26A00787470F838D825A533FBE6A7F;FA000B14669AFA164CA94DE1EF8D776F1539484F;01;64D6A7342E359EF9DFEE5158860C09BA0DF4AC25;1;1;1;378CE7930C61719AA6E9185FB536EDD0784BCB93;4;228;Z00.1;20260713;01;;;;;;20260115;1;03;150130;49.74;0.00;0.00;0.00;0.00;0.00;0.00;0.00;0.00;0.00;0.00;0.00;0.00;49.74;58.69;2026-08-17 16:01:52;
D68FD8035E26A00787470F838D825A533FBE6A7F;FA000B14669AFA164CA94DE1EF8D776F1539484F;01;272B2D3FCA1E19DD3FC239829ED955E3C7B579B7;1;3;1;2AA484F971005C8A965E7F6FE5FCDC02D5A663A7;4;205;Z48.9;20260713;01;;;;;;19490903;1;07;150130;49.74;0.00;0.00;0.00;0.00;45.78;0.00;0.00;0.00;0.00;0.00;9.10;0.00;95.52;101.98;2026-08-17 16:01:52;090110
D68FD8035E26A00787470F838D825A533FBE6A7F;FA000B14669AFA164CA94DE1EF8D776F1539484F;01;47A33D432112E3593D630C8DFC6B4E0C7341152F;1;1;1;284A1B22BF755A78F9AA4F26104C4C54D7B6946A;4;306;Z35.9;20260713;01;;;;;;19880220;2;01;150130;49.74;0.00;0.00;0.00;0.00;0.00;0.00;0.00;0.00;0.00;0.00;0.00;0.00;49.74;58.69;2026-08-17 16:01:52;140108
D68FD8035E26A00787470F838D825A533FBE6A7F;FA000B14669AFA164CA94DE1EF8D776F1539484F;01;4977236B840A4930F93553F5819FBA5816F1FBEE;1;1;1;43ED1699AED700909FF356C8F80C5D8BA8F873B5;4;501;F41.2;20260713;01;;;;;;19820321;1;01;150130;77.38;0.00;0.00;0.00;0.00;30.90;0.00;0.00;0.00;67.80;0.00;12.30;0.00;108.28;33.25;2026-08-17 16:01:52;140141
D68FD8035E26A00787470F838D825A533FBE6A7F;FA000B14669AFA164CA94DE1EF8D776F1539484F;01;F91723E848B3EAA0E754F68E9A04028B29566960;1;1;1;ADD7399978F16B0A089394C70A85D57FFA9C5656;4;501;F41.1;20260713;01;;;;;;19781120;1;01;150130;65.78;0.00;0.00;0.00;0.00;203.10;0.00;0.00;0.00;67.80;0.00;81.18;0.00;268.88;141.48;2026-08-17 16:01:52;120101
D68FD8035E26A00787470F838D825A533FBE6A7F;FA000B14669AFA164CA94DE1EF8D776F1539484F;01;070390DA1C04ACCDB6EF879DF0E8E7D06369A753;1;1;1;C7606D868DAEA1A3A98F882677A32CE618D507C9;4;228;Z00.1;20260713;01;;;;;;20260311;1;03;150130;49.74;0.00;0.00;0.00;0.00;0.00;0.00;0.00;0.00;0.00;0.00;0.00;0.00;49.74;58.69;2026-08-17 16:01:52;140137
D68FD8035E26A00787470F838D825A533FBE6A7F;FA000B14669AFA164CA94DE1EF8D776F1539484F;01;81EA9F8BE081B6076C03928C1C7813156EABF0C1;1;1;1;3A519D8D551A47C533065952275CA8D589B7A05D;4;228;Z00.1;20260713;01;;;;;;20260111;1;03;150130;49.74;0.00;0.00;0.00;0.00;41.22;0.00;0.00;0.00;0.00;0.00;0.00;0.00;90.96;107.33;2026-08-17 16:01:52;120111
D68FD8035E26A00787470F838D825A533FBE6A7F;FA000B14669AFA164CA94DE1EF8D776F1539484F;01;69BCF9FD3CA19EBA42602B048869469CB17EB582;1;1;1;F89CE39C04D1906E961DC7B80BADCEFDD1A97EE3;4;306;Z34.9;20260713;01;;;;;;19890407;2;02;150130;49.74;0.00;0.00;0.00;0.00;63.60;0.00;0.00;0.00;0.00;0.00;12.60;0.00;113.34;118.87;2026-08-17 16:01:52;140136
D68FD8035E26A00787470F838D825A533FBE6A7F;FA000B14669AFA164CA94DE1EF8D776F1539484F;01;CE834F71D3CD8C099D2BD4999F437AA735041B70;1;1;1;54D51381F4479B227C4B4C248ABFD084FA477164;4;228;Z00.1;20260713;01;;;;;;20251014;2;03;150130;49.74;0.00;0.00;0.00;0.00;0.00;0.00;0.00;0.00;0.00;0.00;0.00;0.00;49.74;58.69;2026-08-17 16:01:52;140142
D68FD8035E26A00787470F838D825A533FBE6A7F;FA000B14669AFA164CA94DE1EF8D776F1539484F;01;D8595B5E19075C4D72D55B65B1BD8B75D206337C;1;3;1;FB610BEBF64BFB317EFC38ED4001B81D78A9C75D;4;501;F41.2;20260713;01;;;;;;20020919;1;03;150130;77.38;0.00;0.00;0.00;0.00;34.50;0.00;0.00;0.00;67.80;0.00;13.80;0.00;111.88;35.73;2026-08-17 16:01:52;140131
D68FD8035E26A00787470F838D825A533FBE6A7F;FA000B14669AFA164CA94DE1EF8D776F1539484F;01;0A702DD59F430826C6A0B0E3F0CE8D68AD5695F3;1;1;1;02079AB6C25D412EF5FBADE6CDC11EDD53772266;4;100;E06.3;20260713;01;;;;;;20130507;2;03;150130;49.74;0.00;0.00;0.00;0.00;23.70;0.00;0.00;0.00;38.14;0.00;6.00;0.00;73.44;34.57;2026-08-17 16:01:52;140140
D68FD8035E26A00787470F838D825A533FBE6A7F;FA000B14669AFA164CA94DE1EF8D776F1539484F;01;B1860B3103E6D41AE95BE523206AE0EFEF9188A0;1;1;1;A178CFC5E5BED19E30F36A65A5223BD96A37926D;4;228;Z00.1;20260713;01;;;;;;20260511;1;03;150130;49.74;0.00;0.00;0.00;0.00;0.00;0.00;0.00;0.00;0.00;0.00;0.00;0.00;49.74;58.69;2026-08-17 16:01:52;
D68FD8035E26A00787470F838D825A533FBE6A7F;FA000B14669AFA164CA94DE1EF8D776F1539484F;01;BD0380836A5A4D7AB0D3D6AB53D5E424C9D89FA6;1;1;1;DD958EF5459E4F2EA9DE37FC713C164A1FFB24B2;4;306;Z35.9;20260713;01;;;;;;19921003;2;02;150130;49.74;0.00;0.00;0.00;0.00;134.70;0.00;0.00;0.00;0.00;0.00;13.50;0.00;184.44;201.71;2026-08-17 16:01:52;130101
D68FD8035E26A00787470F838D825A533FBE6A7F;FA000B14669AFA164CA94DE1EF8D776F1539484F;01;25D7B456B0A77D410F48493D93AB98B9671422ED;1;1;1;23E749C27F6A0461950FFE1AB43532F56305D7C7;4;205;Z48.9;20260713;01;;;;;;19930401;2;01;150130;42.28;0.00;0.00;0.00;0.00;33.20;0.00;0.00;0.00;0.00;0.00;6.68;0.00;75.48;81.18;2026-08-17 16:01:52;250102
D68FD8035E26A00787470F838D825A533FBE6A7F;FA000B14669AFA164CA94DE1EF8D776F1539484F;01;8242580D11AF7CC8AADB010F0F45F8C487B0F676;1;1;1;D50151F5940468500E0FC2B1802A93F129BAC672;4;228;Z00.1;20260713;01;;;;;;20250219;2;03;150130;49.74;0.00;0.00;0.00;0.00;0.00;0.00;0.00;0.00;0.00;0.00;0.00;0.00;49.74;58.69;2026-08-17 16:01:52;
D68FD8035E26A00787470F838D825A533FBE6A7F;FA000B14669AFA164CA94DE1EF8D776F1539484F;01;E5926C871EAC8589996E754D381FEBB027F118DD;1;1;1;6DDD74F7C66AEA86ED25B3109DEAE63A212C6641;4;501;F43.0;20260713;01;;;;;;19710917;1;01;150130;77.38;0.00;0.00;0.00;0.00;0.00;0.00;0.00;0.00;67.80;0.00;0.00;0.00;77.38;11.30;2026-08-17 16:01:52;140111
D68FD8035E26A00787470F838D825A533FBE6A7F;FA000B14669AFA164CA94DE1EF8D776F1539484F;01;F49BAE93A89F9C1CFE8C355149CE4445B4AE2550;1;3;1;5EBC22903FA0347D73AF696AFB07936E890E7480;4;501;F41.2;20260713;01;;;;;;20060614;2;03;150130;77.38;0.00;0.00;0.00;0.00;75.90;0.00;0.00;0.00;67.80;0.00;30.30;0.00;153.28;65.11;2026-08-17 16:01:52;140140
D68FD8035E26A00787470F838D825A533FBE6A7F;FA000B14669AFA164CA94DE1EF8D776F1539484F;01;74963E866091664E25E6BDD4500A0F8933434406;1;1;1;08A8B7744D8BDB7137E8EF62D8DF42F963AEED45;4;100;U07.2;20260713;01;;;;;;19770320;2;01;150130;0.00;0.00;0.00;207.27;0.00;0.00;0.00;0.00;0.00;0.00;0.00;51.82;0.00;207.27;183.43;2026-08-17 16:01:52;240101
D68FD8035E26A00787470F838D825A533FBE6A7F;FA000B14669AFA164CA94DE1EF8D776F1539484F;01;B17CDA40F850C1D11DDDA07043765461498B2FDE;1;1;1;77197F69480A21EE5179CDC9B2795AA4748298BB;4;205;K80.2;20260713;01;;;;;;19590530;2;02;150130;49.74;0.00;0.00;0.00;0.00;65.24;0.00;0.00;0.00;0.00;0.00;22.78;0.00;114.98;108.80;2026-08-17 16:01:52;240102
D68FD8035E26A00787470F838D825A533FBE6A7F;FA000B14669AFA164CA94DE1EF8D776F1539484F;01;84A2857A381F0CE85D8E3085ECCDC86311939D4E;1;1;1;EB36A20CBCBE0FF9ED53EC2B296ADCE351A1BE0A;4;502;F93.9;20260713;08;;;;;;20161212;1;03;150130;77.38;0.00;0.00;0.00;0.00;0.00;0.00;0.00;0.00;59.32;0.00;0.00;0.00;77.38;21.31;2026-08-17 16:01:52;140137
D68FD8035E26A00787470F838D825A533FBE6A7F;FA000B14669AFA164CA94DE1EF8D776F1539484F;01;85F29322A9703A54B577CB5E69C13897F041F3EF;1;1;1;E619E84FA85A49974661C3B434264316562D9BF9;4;205;S83.2;20260713;01;;;;;;19640208;1;01;150130;49.74;0.00;0.00;0.00;0.00;21.90;0.00;0.00;0.00;0.00;0.00;5.49;0.00;71.64;78.06;2026-08-17 16:01:52;100305
D68FD8035E26A00787470F838D825A533FBE6A7F;FA000B14669AFA164CA94DE1EF8D776F1539484F;01;6BED652095B875F428943D599C45D92E7BB7FD6C;1;1;1;7AB240138423E405C7EAA8FB5BD98090031EC8BA;4;228;Z00.1;20260713;01;;;;;;20260411;1;03;150130;49.74;0.00;0.00;0.00;0.00;0.00;0.00;0.00;0.00;0.00;0.00;0.00;0.00;49.74;58.69;2026-08-17 16:01:52;140140
D68FD8035E26A00787470F838D825A533FBE6A7F;FA000B14669AFA164CA94DE1EF8D776F1539484F;01;0F01C8D4AC5CC97EE74D8FB726C676B9D8366241;1;1;1;EBB13BD8F8FAF9A2831F25F93AA8139BA02A301A;4;306;Z35.2;20260713;01;;;;;;19910312;2;01;150130;49.74;0.00;0.00;0.00;0.00;22.80;0.00;0.00;0.00;0.00;0.00;2.40;0.00;72.54;82.77;2026-08-17 16:01:52;140116
D68FD8035E26A00787470F838D825A533FBE6A7F;FA000B14669AFA164CA94DE1EF8D776F1539484F;01;3BEF39F94A18C46B6A02D50F91AD285535BB7DBC;1;1;1;E6F9992422487CF7977FA4C9F666AA180ABD297D;4;228;Z00.1;20260713;01;;;;;;20260210;1;03;150130;49.74;0.00;0.00;0.00;0.00;0.00;0.00;0.00;0.00;0.00;0.00;0.00;0.00;49.74;58.69;2026-08-17 16:01:52;140131
D68FD8035E26A00787470F838D825A533FBE6A7F;FA000B14669AFA164CA94DE1EF8D776F1539484F;01;04E8D6194C845F8E3E4F5E99D7AD8DABB9E8E360;1;1;1;E2F356C6E9BABB40FDDB9E1B4F6853412669899D;4;502;F41.2;20260713;08;;;;;;19750329;2;01;150130;65.77;0.00;0.00;0.00;0.00;0.00;0.00;0.00;0.00;59.32;0.00;0.00;0.00;65.77;7.61;2026-08-17 16:01:52;140108
D68FD8035E26A00787470F838D825A533FBE6A7F;FA000B14669AFA164CA94DE1EF8D776F1539484F;01;685B200A992A318700E4EF5A152F85DA0C0C5F33;1;1;1;F18A8DCD77A5D496118A0224332F2284572729D9;4;306;Z34.0;20260713;01;;;;;;19930725;2;01;150130;49.74;0.00;0.00;0.00;0.00;63.60;0.00;0.00;0.00;0.00;0.00;6.60;0.00;113.34;125.95;2026-08-17 16:01:52;190115
D68FD8035E26A00787470F838D825A533FBE6A7F;FA000B14669AFA164CA94DE1EF8D776F1539484F;01;76CB7ED6091FC815BC1BB889A9AF62EB539DF5DA;1;1;1;E0F702A6959AFE02099477CC34119057D41B9731;4;228;Z00.1;20260713;01;;;;;;20240206;2;03;150130;49.74;0.00;0.00;0.00;0.00;0.00;0.00;0.00;0.00;0.00;0.00;0.00;0.00;49.74;58.69;2026-08-17 16:01:52;140140
D68FD8035E26A00787470F838D825A533FBE6A7F;FA000B14669AFA164CA94DE1EF8D776F1539484F;01;93E1E8675CF9B850BAABA20BB1A86B71A1FB6750;1;1;1;7A7F3C928BA95ABDBF36A43456888193EB1296AB;4;100;M51.1;20260713;01;;;;;;19860809;2;01;150130;49.74;0.00;0.00;0.00;0.00;24.43;0.00;0.00;0.00;55.08;0.00;8.61;0.00;74.17;12.37;2026-08-17 16:01:52;140132
D68FD8035E26A00787470F838D825A533FBE6A7F;FA000B14669AFA164CA94DE1EF8D776F1539484F;01;D867555EF018C36C4563127C76E4B8D6E3F3B02D;1;3;1;97C2B9307C96D5C2B93660B39959D2A721BE75A9;4;501;F41.9;20260714;01;;;;;;20000726;2;03;150130;77.38;0.00;0.00;0.00;0.00;29.10;0.00;0.00;0.00;67.80;0.00;11.70;0.00;106.48;31.84;2026-08-17 16:01:52;140115
D68FD8035E26A00787470F838D825A533FBE6A7F;FA000B14669AFA164CA94DE1EF8D776F1539484F;01;0400D160129F09E5A92C77168B4853EB59D0DF1F;1;1;1;4440A5395EEA647C0A1E926799D1CD24CB8E36E4;4;306;Z35.9;20260714;01;;;;;;19890929;2;02;150130;49.74;0.00;0.00;0.00;0.00;63.60;0.00;0.00;0.00;0.00;0.00;6.60;0.00;113.34;125.95;2026-08-17 16:01:52;140141
D68FD8035E26A00787470F838D825A533FBE6A7F;FA000B14669AFA164CA94DE1EF8D776F1539484F;01;90401669F20D75AB0C46A7DD37056076C4E6E626;1;1;1;0F663A0CB21D8E0DBD961F47C724BA4BEF326697;4;501;F34.1;20260714;01;;;;;;19880217;2;01;150130;77.38;0.00;0.00;0.00;0.00;176.70;0.00;0.00;0.00;67.80;0.00;70.80;0.00;254.08;136.27;2026-08-17 16:01:52;140137
D68FD8035E26A00787470F838D825A533FBE6A7F;FA000B14669AFA164CA94DE1EF8D776F1539484F;01;EC8718207CFD0CBA0B3CDE7DD64EEA0F0833B514;1;1;1;8E2005CA4888FFFB850AA61C470F3FF7DA8E17C6;4;402;B24.X;20260714;01;;;;;;19690101;1;01;150130;49.74;0.00;0.00;0.00;0.00;231.30;0.00;0.00;0.00;46.61;0.00;92.40;0.00;281.04;167.60;2026-08-17 16:01:52;120101
D68FD8035E26A00787470F838D825A533FBE6A7F;FA000B14669AFA164CA94DE1EF8D776F1539484F;01;211A33DF5A287221B04F32603F6F3E62E36171E7;1;1;1;6C412C767FF8D89A4FD11A8E3FCD5CA5C29DFE97;4;306;Z35.8;20260714;01;;;;;;19890627;2;02;150130;49.74;0.00;0.00;0.00;0.00;118.27;0.00;0.00;0.00;0.00;0.00;6.03;0.00;168.01;191.14;2026-08-17 16:01:52;140103
D68FD8035E26A00787470F838D825A533FBE6A7F;FA000B14669AFA164CA94DE1EF8D776F1539484F;01;110A43477A0B7D9414AA1789221447B9300E7B62;1;3;1;3AAA5F433336D48F33CD46D6AB2F55ED5DB6980D;4;228;Z00.1;20260714;01;;;;;;20220920;1;03;150130;44.77;0.00;0.00;0.00;0.00;0.00;0.00;0.00;0.00;0.00;0.00;0.00;0.00;44.77;52.83;2026-08-17 16:01:52;140116
D68FD8035E26A00787470F838D825A533FBE6A7F;FA000B14669AFA164CA94DE1EF8D776F1539484F;01;20E87FF6EE86DDF4914D9BC97389EC9CD260B548;1;1;1;585C697589D280649F8137A742BFA5493D3465AD;4;501;F41.2;20260714;01;;;;;;19951224;2;02;150130;77.38;0.00;0.00;0.00;0.00;0.00;0.00;0.00;0.00;67.80;0.00;0.00;0.00;77.38;11.30;2026-08-17 16:01:52;140136
D68FD8035E26A00787470F838D825A533FBE6A7F;FA000B14669AFA164CA94DE1EF8D776F1539484F;01;CEEA5BCAE570281CE39B937ED3236F180C1F2A02;1;1;1;D2F00CD84CD5C0D33201D7DD63BD2DCBC445DEDD;4;501;F31.0;20260714;01;;;;;;19971217;1;01;150130;77.38;0.00;0.00;0.00;0.00;550.92;0.00;0.00;0.00;67.80;0.00;220.73;0.00;628.30;400.93;2026-08-17 16:01:52;140135
D68FD8035E26A00787470F838D825A533FBE6A7F;FA000B14669AFA164CA94DE1EF8D776F1539484F;01;540D9FBB52E1BE38D4597BA067045E4DDE9EA953;1;1;1;B0501AEF234CEA258C9080FABEF9BC312F48F400;4;205;S43.1;20260714;01;;;;;;19980315;1;01;150130;49.74;0.00;0.00;0.00;0.00;0.00;0.00;0.00;0.00;0.00;0.00;0.00;0.00;49.74;58.69;2026-08-17 16:01:52;140137
D68FD8035E26A00787470F838D825A533FBE6A7F;FA000B14669AFA164CA94DE1EF8D776F1539484F;01;4CDA6D816D14EF4733A0D86128A3B6C92F234791;1;1;1;CC4F6AFF2B21AF94994ACC7551A0B9AE46F589DA;4;205;M51.1;20260714;01;;;;;;19990313;1;01;150130;95.41;0.00;44.03;0.00;0.00;10.65;0.00;0.00;0.00;0.00;0.00;35.14;0.00;150.09;135.64;2026-08-17 16:01:52;130120
D68FD8035E26A00787470F838D825A533FBE6A7F;FA000B14669AFA164CA94DE1EF8D776F1539484F;01;483343BCB48B52CEFCB26BB0C839DFD9028E74DF;1;1;1;843F4447C14E41838364E2BB2CDCA7DF92A9EF6E;4;306;Z34.9;20260714;01;;;;;;19931130;2;01;150130;49.74;0.00;0.00;0.00;0.00;0.00;0.00;0.00;0.00;0.00;0.00;0.00;0.00;49.74;58.69;2026-08-17 16:01:52;140130
D68FD8035E26A00787470F838D825A533FBE6A7F;FA000B14669AFA164CA94DE1EF8D776F1539484F;01;BD9F070E1C015E611E42FE3957F4D629AAECF68B;1;1;1;88BB8564D0C130399D1F4567C5BE869697EDAE50;4;306;Z35.9;20260714;01;;;;;;19870717;2;01;150130;49.74;0.00;0.00;0.00;0.00;0.00;0.00;0.00;0.00;0.00;0.00;0.00;0.00;49.74;58.69;2026-08-17 16:01:52;140112
D68FD8035E26A00787470F838D825A533FBE6A7F;FA000B14669AFA164CA94DE1EF8D776F1539484F;01;83B43D54D4CA32EEFD8DA7423847869FA973D0D3;1;3;1;5BE7D1AA68C44ADBF9E75A4BB36973B9062D5BF4;4;502;F41.2;20260714;08;;;;;;20031204;2;03;150130;77.38;0.00;0.00;0.00;0.00;0.00;0.00;0.00;0.00;59.32;0.00;0.00;0.00;77.38;21.31;2026-08-17 16:01:52;140135
D68FD8035E26A00787470F838D825A533FBE6A7F;FA000B14669AFA164CA94DE1EF8D776F1539484F;01;95E91ADF00AC56FB5DB90C51B7B983B45ED19393;1;1;1;A00337A333A4278113DEC5032E2A38322FFE5E9D;4;228;Z00.1;20260714;01;;;;;;20260213;1;03;150130;49.74;0.00;0.00;0.00;0.00;0.00;0.00;0.00;0.00;0.00;0.00;0.00;0.00;49.74;58.69;2026-08-17 16:01:52;
D68FD8035E26A00787470F838D825A533FBE6A7F;FA000B14669AFA164CA94DE1EF8D776F1539484F;01;FCFBBA4D7A405E2F2C09434A311EF65714A58AE2;1;1;1;9244C1595062CB5B5EBAAF87E88B953BDD28340B;4;501;F41.2;20260714;01;;;;;;19980810;1;01;150130;77.38;0.00;0.00;0.00;0.00;0.00;0.00;0.00;0.00;67.80;0.00;0.00;0.00;77.38;11.30;2026-08-17 16:01:52;140140
D68FD8035E26A00787470F838D825A533FBE6A7F;FA000B14669AFA164CA94DE1EF8D776F1539484F;01;2A2EEE1EE3EF558BED6DC51F14F46828CC7F7419;1;1;1;35EBF46DCB15D15DCA0036707DFC01803289AF21;4;501;F60.3;20260714;01;;;;;;19871224;1;01;150130;77.38;0.00;0.00;0.00;0.00;334.20;0.00;0.00;0.00;67.80;0.00;133.80;0.00;411.58;247.78;2026-08-17 16:01:52;140115
D68FD8035E26A00787470F838D825A533FBE6A7F;FA000B14669AFA164CA94DE1EF8D776F1539484F;01;07EA98CE6ADF1224DB76EAE63661E93CF37549BD;1;1;1;387F0FE85F9711D85B264A3ED8C4658540CD633E;4;205;Z48.9;20260714;01;;;;;;19570501;1;01;150130;49.74;0.00;0.00;0.00;0.00;0.00;0.00;0.00;0.00;0.00;0.00;0.00;0.00;49.74;58.69;2026-08-17 16:01:52;140110
D68FD8035E26A00787470F838D825A533FBE6A7F;FA000B14669AFA164CA94DE1EF8D776F1539484F;01;315BA4B40A4CA613FE0EDB56223B15164B2128BA;1;1;1;64842CAA95A38C932AB8C7A4D444870E331315BE;4;502;F41.2;20260714;08;;;;;;19740416;1;01;150130;77.38;0.00;0.00;0.00;0.00;0.00;0.00;0.00;0.00;59.32;0.00;0.00;0.00;77.38;21.31;2026-08-17 16:01:52;140103
D68FD8035E26A00787470F838D825A533FBE6A7F;FA000B14669AFA164CA94DE1EF8D776F1539484F;01;8D69C1276474B6090F1B80414429DFD9CE88A2E0;1;1;1;F452B6E46622A4F656A408638BAAFDC8E75ACA4A;4;502;F93.8;20260714;08;;;;;;20220225;2;03;150130;77.38;0.00;0.00;0.00;0.00;0.00;0.00;0.00;0.00;59.32;0.00;0.00;0.00;77.38;21.31;2026-08-17 16:01:52;140133
D68FD8035E26A00787470F838D825A533FBE6A7F;FA000B14669AFA164CA94DE1EF8D776F1539484F;01;1EC5ED2D78A1A64F2CEFE49AC2BC0313BC923BB3;1;1;1;38EDB39C2201289424992FA5BF48713831B70AF6;4;409;C50.9;20260714;01;;;;;;19710923;2;01;150130;0.00;0.00;0.00;0.00;0.00;0.00;0.00;230.70;0.00;0.00;0.00;0.00;0.00;230.70;230.70;2026-08-17 16:01:52;140130
D68FD8035E26A00787470F838D825A533FBE6A7F;FA000B14669AFA164CA94DE1EF8D776F1539484F;01;B624ABA240B7793EBF28E83C4A1F87D3EB219CDE;1;1;1;38EDB39C2201289424992FA5BF48713831B70AF6;4;409;C50.9;20260714;01;;;;;;19710923;2;01;150130;111.64;0.00;0.00;0.00;0.00;47.72;0.00;0.00;0.00;0.00;0.00;0.00;0.00;159.36;188.04;2026-08-17 16:01:52;140130
D68FD8035E26A00787470F838D825A533FBE6A7F;FA000B14669AFA164CA94DE1EF8D776F1539484F;01;86C008D5CF0BBCB38035B2F993D50A7AC7336660;1;1;1;C0F42351E9AEBB42420DD2E93FCF836CEB8A208D;4;228;Z00.1;20260714;01;;;;;;20260613;1;03;150130;49.74;0.00;0.00;0.00;0.00;0.00;0.00;0.00;0.00;0.00;0.00;0.00;0.00;49.74;58.69;2026-08-17 16:01:52;
D68FD8035E26A00787470F838D825A533FBE6A7F;FA000B14669AFA164CA94DE1EF8D776F1539484F;01;A825F84DC909709F5DEECF35FBFE4B0F7DD1A354;1;1;1;D01069B3743B290BE18A2CEA1FA8EB9675097BFC;4;205;Z48.9;20260714;01;;;;;;19830724;1;01;150130;49.74;0.00;0.00;0.00;0.00;1.25;0.00;0.00;0.00;0.00;0.00;0.25;0.00;50.99;59.87;2026-08-17 16:01:52;020101
D68FD8035E26A00787470F838D825A533FBE6A7F;FA000B14669AFA164CA94DE1EF8D776F1539484F;01;B1970CEE28508917EEF78DE5E7315724CD8C250A;1;1;1;52C62CCB2051670E0051FE791A7AA32AE4BC5ACF;4;306;Z35.9;20260714;01;;;;;;19890322;2;01;150130;49.74;0.00;0.00;0.00;0.00;63.60;0.00;0.00;0.00;0.00;0.00;19.20;0.00;113.34;111.09;2026-08-17 16:01:52;100201
D68FD8035E26A00787470F838D825A533FBE6A7F;FA000B14669AFA164CA94DE1EF8D776F1539484F;01;BC156265536ADAEBFE50905D3A24D41D615A0A46;1;1;1;F2176068D830DE1905EE9429050A94E3E1C2D9E4;4;306;Z35.9;20260714;01;;;;;;19820417;2;02;150130;49.74;0.00;0.00;0.00;0.00;131.85;0.00;0.00;0.00;0.00;0.00;0.00;0.00;181.59;214.28;2026-08-17 16:01:52;140110
D68FD8035E26A00787470F838D825A533FBE6A7F;FA000B14669AFA164CA94DE1EF8D776F1539484F;01;B4435701E030421DE64EFF8A57DFC1132DAC569A;1;1;1;1B9D46478D5F38EA16C79DAB9061ECB392D1A790;4;228;Z00.1;20260714;01;;;;;;20251213;2;03;150130;49.74;0.00;0.00;0.00;0.00;0.00;0.00;0.00;0.00;0.00;0.00;0.00;0.00;49.74;58.69;2026-08-17 16:01:52;140140
D68FD8035E26A00787470F838D825A533FBE6A7F;FA000B14669AFA164CA94DE1EF8D776F1539484F;01;C8A6F12BAA913894A40F38B337C1A7D30429E9CF;1;1;1;3DF65EA90446E72C363B29CAF8E376604F4E479D;4;228;Z00.1;20260714;01;;;;;;20260212;2;03;150130;49.74;0.00;0.00;0.00;0.00;0.00;0.00;0.00;0.00;0.00;0.00;0.00;0.00;49.74;58.69;2026-08-17 16:01:52;
D68FD8035E26A00787470F838D825A533FBE6A7F;FA000B14669AFA164CA94DE1EF8D776F1539484F;01;73CBE2EB8814C94FAA2C7307C677098CA76DA41F;1;1;1;A88A6E3EFA12638863C2C1A354957EBAF90278B6;4;228;Z00.1;20260714;01;;;;;;20260412;1;03;150130;49.74;0.00;0.00;0.00;0.00;0.00;0.00;0.00;0.00;0.00;0.00;0.00;0.00;49.74;58.69;2026-08-17 16:01:52;140131
D68FD8035E26A00787470F838D825A533FBE6A7F;FA000B14669AFA164CA94DE1EF8D776F1539484F;01;637CC822DF40381CF6079BE0CB4DEC7C6D7A064E;1;1;1;DD633AFD6FC7B686790201C2AD07AEABD4980E9F;4;205;I25.5;20260714;01;;;;;;19740130;1;01;150130;49.74;0.00;0.00;0.00;0.00;25.20;0.00;0.00;0.00;0.00;0.00;5.10;0.00;74.94;82.41;2026-08-17 16:01:52;021309
D68FD8035E26A00787470F838D825A533FBE6A7F;FA000B14669AFA164CA94DE1EF8D776F1539484F;01;02A81FB2D638323353243E288150406D1A9A4629;1;1;1;39DE0344F5FF491812CF2CB0B4BC004E930229C6;4;409;C73.X;20260714;01;;;;;;19431106;1;01;150130;49.74;0.00;0.00;0.00;0.00;64.50;0.00;0.00;0.00;0.00;0.00;0.00;0.00;114.24;134.80;2026-08-17 16:01:52;140142
D68FD8035E26A00787470F838D825A533FBE6A7F;FA000B14669AFA164CA94DE1EF8D776F1539484F;01;7B45BE03F8158F39BA34F70C4BD3D7EA9C0CA083;1;1;1;D0616DB02B93FB8990C2D347C78061678D380FE4;4;205;Z48.9;20260714;01;;;;;;19841124;1;01;150130;49.74;0.00;0.00;0.00;0.00;27.44;0.00;0.00;0.00;0.00;0.00;4.13;0.00;77.18;86.20;2026-08-17 16:01:52;140110
D68FD8035E26A00787470F838D825A533FBE6A7F;FA000B14669AFA164CA94DE1EF8D776F1539484F;01;B75BAE02CE73253D5C0E7DD58C52543A4EF9573C;1;1;1;3E4B53A97FE0CCB25BFBCAC83A5901D2DA0B8778;4;501;F41.2;20260714;01;;;;;;19910701;2;01;150130;77.38;0.00;0.00;0.00;0.00;0.00;0.00;0.00;0.00;67.80;0.00;0.00;0.00;77.38;11.30;2026-08-17 16:01:52;140143
D68FD8035E26A00787470F838D825A533FBE6A7F;FA000B14669AFA164CA94DE1EF8D776F1539484F;01;C64770BF26C57FF2D6CE29F222F41665D93600B1;1;1;1;9A0B9FF90050B062AE8B5CA05F425717A06336EC;4;228;Z00.1;20260714;01;;;;;;20260107;2;03;150130;49.74;0.00;0.00;0.00;0.00;0.00;0.00;0.00;0.00;0.00;0.00;0.00;0.00;49.74;58.69;2026-08-17 16:01:52;140130
D68FD8035E26A00787470F838D825A533FBE6A7F;FA000B14669AFA164CA94DE1EF8D776F1539484F;01;1AE25478915439C289B7EEB8809391E10177C1FE;1;3;1;8C3D063F4D2A2D0E8F31B2F0AAC213326AC844F8;4;409;C50.9;20260714;01;;;;;;19720623;2;01;150130;111.64;0.00;0.00;0.00;0.00;0.00;0.00;0.00;0.00;0.00;0.00;0.00;0.00;111.64;131.74;2026-08-17 16:01:52;140127
D68FD8035E26A00787470F838D825A533FBE6A7F;FA000B14669AFA164CA94DE1EF8D776F1539484F;01;9778F3CA4B1EDC60A269D1CCEF7ED717936BA209;1;1;1;C2A0025A4D69DAEF3964A19906B161AE2D4AA001;4;502;F98.8;20260714;08;;;;;;20210928;2;03;150130;77.38;0.00;0.00;0.00;0.00;0.00;0.00;0.00;0.00;59.32;0.00;0.00;0.00;77.38;21.31;2026-08-17 16:01:52;140143
D68FD8035E26A00787470F838D825A533FBE6A7F;FA000B14669AFA164CA94DE1EF8D776F1539484F;01;B4C151D848BB084E6DF26BB269D72128CAF3E4AC;1;1;1;35D0C23A1B70E633F94CAD836F4520CCEB4F96A6;4;205;Z48.9;20260714;01;;;;;;19970128;2;01;150130;49.74;0.00;0.00;0.00;0.00;223.55;0.00;0.00;0.00;0.00;0.00;67.13;0.00;273.29;243.27;2026-08-17 16:01:52;140130
D68FD8035E26A00787470F838D825A533FBE6A7F;FA000B14669AFA164CA94DE1EF8D776F1539484F;01;D72AE18178ADE623AD656F22EBC2698A094A174B;1;1;1;CA174ED4267681BF7C77BA83663DD386E3CE81A8;4;502;F41.2;20260714;08;;;;;;19790105;2;02;150130;77.38;0.00;0.00;0.00;0.00;0.00;0.00;0.00;0.00;59.32;0.00;0.00;0.00;77.38;21.31;2026-08-17 16:01:52;140124
D68FD8035E26A00787470F838D825A533FBE6A7F;FA000B14669AFA164CA94DE1EF8D776F1539484F;01;E81D37ADD3AAE9816BA6CA128C8BB74C7B566E3F;1;1;1;29CD010674C2BFE6FD840882F799B156A25313E5;4;409;C53.1;20260714;01;;;;;;19890418;2;01;150130;111.64;0.00;0.00;222.41;0.00;0.00;0.00;0.00;0.00;0.00;0.00;0.00;0.00;334.05;394.18;2026-08-17 16:01:52;140109
D68FD8035E26A00787470F838D825A533FBE6A7F;FA000B14669AFA164CA94DE1EF8D776F1539484F;01;D8961780DC5A61B7AD46261191190B412040D4F2;1;1;1;473A49B66C2CF272CDBB3665109C84818F127DE4;4;306;Z35.9;20260714;01;;;;;;20000202;2;02;150130;49.74;0.00;0.00;0.00;0.00;0.00;0.00;0.00;0.00;0.00;0.00;0.00;0.00;49.74;58.69;2026-08-17 16:01:52;090110
D68FD8035E26A00787470F838D825A533FBE6A7F;FA000B14669AFA164CA94DE1EF8D776F1539484F;01;F384E6DF4341D74AE1AB681A9A4862FABD46E2F5;1;1;1;DAB46AB6D783BE510E3E15CBBD84759B2650D2C5;4;205;Z48.9;20260714;01;;;;;;19920827;2;01;150130;49.74;0.00;0.00;0.00;0.00;34.69;0.00;0.00;0.00;0.00;0.00;10.48;0.00;84.43;87.26;2026-08-17 16:01:52;140130
D68FD8035E26A00787470F838D825A533FBE6A7F;FA000B14669AFA164CA94DE1EF8D776F1539484F;01;E76CD4BD00E6E0AF0A5F3E80EE0783EAA796DE85;1;1;1;F15BCE77DED007E4EE3C09D101B379D2EA844754;4;502;F93.8;20260714;08;;;;;;20180601;1;03;150130;77.38;0.00;0.00;0.00;0.00;0.00;0.00;0.00;0.00;59.32;0.00;0.00;0.00;77.38;21.31;2026-08-17 16:01:52;140126
D68FD8035E26A00787470F838D825A533FBE6A7F;FA000B14669AFA164CA94DE1EF8D776F1539484F;01;E00A2AEE5F3944C133CA5F47B4F309450E4AA5C0;1;1;1;1A8A49000B7E25B057E00B1183E866195EE80B9E;4;228;Z00.1;20260714;01;;;;;;20260317;2;03;150130;49.74;0.00;0.00;0.00;0.00;0.00;0.00;0.00;0.00;0.00;0.00;0.00;0.00;49.74;58.69;2026-08-17 16:01:52;
D68FD8035E26A00787470F838D825A533FBE6A7F;FA000B14669AFA164CA94DE1EF8D776F1539484F;01;FCD63B019ED9E2D99D702D54E3B96BD5D5C0A826;1;1;1;16F5A0152BD284A67C948D8F35851EC70169C747;4;306;Z35.9;20260714;01;;;;;;19990606;2;02;150130;49.74;0.00;0.00;0.00;0.00;22.80;0.00;0.00;0.00;0.00;0.00;3.30;0.00;72.54;81.70;2026-08-17 16:01:52;140136
D68FD8035E26A00787470F838D825A533FBE6A7F;FA000B14669AFA164CA94DE1EF8D776F1539484F;01;2A30B1CB8ED0AF644CEA480D41C2BA90EEF0EF77;1;1;1;16F5A0152BD284A67C948D8F35851EC70169C747;4;306;Z35.9;20260714;01;;;;;;19990606;2;02;150130;0.00;0.00;0.00;0.00;311.71;0.00;0.00;0.00;0.00;0.00;0.00;46.76;0.00;311.71;312.64;2026-08-17 16:01:52;140136
D68FD8035E26A00787470F838D825A533FBE6A7F;FA000B14669AFA164CA94DE1EF8D776F1539484F;01;16F8336F704B835E4EC67A2E7796C0591BC44A20;1;1;1;16F5A0152BD284A67C948D8F35851EC70169C747;4;306;Z35.9;20260714;01;;;;;;19990606;2;02;150130;0.00;0.00;0.00;0.00;333.81;0.00;0.00;0.00;0.00;0.00;0.00;50.07;0.00;333.81;334.81;2026-08-17 16:01:52;140136
D68FD8035E26A00787470F838D825A533FBE6A7F;FA000B14669AFA164CA94DE1EF8D776F1539484F;01;277BBD4BC3A4F8129C900495DC2A95FC876EE383;1;1;1;53B919E52D219B35E5ABA9787B5DF695646735A5;4;409;C83.9;20260714;01;;;;;;19700319;1;01;150130;49.74;0.00;0.00;0.00;0.00;53.47;0.00;0.00;0.00;0.00;0.00;0.00;0.00;103.21;121.79;2026-08-17 16:01:52;140131
D68FD8035E26A00787470F838D825A533FBE6A7F;FA000B14669AFA164CA94DE1EF8D776F1539484F;01;40DE5C544869B6147FF94C77143FDF7126A01E5E;1;1;1;F2DF9B65652015A0CD61939849D95E3D8AE0031F;4;306;Z35.9;20260714;01;;;;;;19880128;2;01;150130;49.74;0.00;0.00;0.00;0.00;63.60;0.00;0.00;0.00;0.00;0.00;6.60;0.00;113.34;125.95;2026-08-17 16:01:52;140106
D68FD8035E26A00787470F838D825A533FBE6A7F;FA000B14669AFA164CA94DE1EF8D776F1539484F;01;1C392E2BD59D1AC20DEAC0016CD9A9BF5CB9B84D;1;1;1;F3E32A8E6056FC15220D89F27313442606BFD2BD;4;306;Z34.9;20260714;01;;;;;;20010528;2;02;150130;49.74;0.00;0.00;89.44;0.00;3.30;0.00;0.00;0.00;0.00;0.00;27.73;0.00;142.48;135.41;2026-08-17 16:01:52;210703
D68FD8035E26A00787470F838D825A533FBE6A7F;FA000B14669AFA164CA94DE1EF8D776F1539484F;01;73A78257D8D857158D6FC0EE932505AADE2BA655;1;1;1;05050C8A70C086AE053BA0ACEFE5DDE27600DC37;4;501;F41.2;20260714;01;;;;;;19831129;2;01;150130;77.38;0.00;0.00;0.00;0.00;167.10;0.00;0.00;0.00;67.80;0.00;66.90;0.00;244.48;129.54;2026-08-17 16:01:52;110113
D68FD8035E26A00787470F838D825A533FBE6A7F;FA000B14669AFA164CA94DE1EF8D776F1539484F;01;68E0D18A79C6605E060C1B7B1CCE948F877148E9;1;1;1;374A5257E043CA498E4051F394D94CD17CEC5F65;4;502;F41.2;20260714;08;;;;;;19970904;2;01;150130;77.38;0.00;0.00;0.00;0.00;0.00;0.00;0.00;0.00;59.32;0.00;0.00;0.00;77.38;21.31;2026-08-17 16:01:52;140140
D68FD8035E26A00787470F838D825A533FBE6A7F;FA000B14669AFA164CA94DE1EF8D776F1539484F;01;3F2CDB7829DB6162589E70BD5C236C0FA0E6CFB6;1;1;1;D3E042A4F10BAA3CA318698CE077CED4194ED5F6;4;501;F60.3;20260714;01;;;;;;19920409;2;02;150130;77.38;0.00;0.00;0.00;0.00;248.52;0.00;0.00;0.00;67.80;0.00;99.53;0.00;325.90;187.11;2026-08-17 16:01:52;140140
D68FD8035E26A00787470F838D825A533FBE6A7F;FA000B14669AFA164CA94DE1EF8D776F1539484F;01;15B1B7359D9A61DD8D28475AA7EA4DB07C0414DF;1;1;1;308D31A51FFA68AE2997B52B44D0B77F8539E524;4;205;I67.1;20260714;01;;;;;;19880325;2;01;150130;49.74;0.00;0.00;0.00;0.00;0.00;0.00;0.00;0.00;0.00;0.00;0.00;0.00;49.74;58.69;2026-08-17 16:01:52;140110
D68FD8035E26A00787470F838D825A533FBE6A7F;FA000B14669AFA164CA94DE1EF8D776F1539484F;01;D28097C92983768A7184074A90403006929CC803;1;1;1;4312966A8F2265F42EB8095CD2A98E46B3DCFAC6;4;401;S61.0;20260714;01;;;;;;20110714;1;03;150130;542.31;0.00;0.00;0.00;0.00;0.00;0.00;0.00;0.00;0.00;0.00;0.00;0.00;542.31;639.93;2026-08-17 16:01:52;140140
D68FD8035E26A00787470F838D825A533FBE6A7F;FA000B14669AFA164CA94DE1EF8D776F1539484F;01;64CE8277F9299F007A5E0FC228EF72C8A1048986;1;1;1;05A95251B21F4F73018A566EE44A5DB1FE7BF8F8;4;205;M93.9;20260714;01;;;;;;19841110;1;01;150130;49.74;0.00;0.00;0.00;0.00;0.00;0.00;0.00;0.00;0.00;0.00;0.00;0.00;49.74;58.69;2026-08-17 16:01:52;140140
D68FD8035E26A00787470F838D825A533FBE6A7F;FA000B14669AFA164CA94DE1EF8D776F1539484F;01;50B4982A693B14F634109A1923B13D266897DA44;1;1;1;225134A93A365E4EEB14706200632883D1BE419A;4;306;Z34.8;20260714;01;;;;;;19890718;2;02;150130;49.74;0.00;0.00;0.00;0.00;3.30;0.00;0.00;0.00;0.00;0.00;0.60;0.00;53.04;61.88;2026-08-17 16:01:52;140110
D68FD8035E26A00787470F838D825A533FBE6A7F;FA000B14669AFA164CA94DE1EF8D776F1539484F;01;194758CB54FE3B5DD5E4201FA35581F8187222FF;1;3;1;A8ADE04F14F4CEC94E3D9705983D08802DFF801D;4;409;C88.0;20260714;01;;;;;;19471215;1;07;150130;49.74;0.00;0.00;0.00;0.00;0.00;0.00;0.00;0.00;0.00;0.00;0.00;0.00;49.74;58.69;2026-08-17 16:01:52;140133
D68FD8035E26A00787470F838D825A533FBE6A7F;FA000B14669AFA164CA94DE1EF8D776F1539484F;01;D79940A1A8A455B1FA3384D85FBCB1663D1CA66E;1;1;1;58790241A05358AFA3E4DD83F045738343E05338;4;502;F84.0;20260714;08;;;;;;20090802;2;03;150130;77.38;0.00;0.00;0.00;0.00;0.00;0.00;0.00;0.00;59.32;0.00;0.00;0.00;77.38;21.31;2026-08-17 16:01:52;140114
D68FD8035E26A00787470F838D825A533FBE6A7F;FA000B14669AFA164CA94DE1EF8D776F1539484F;01;485F488BB9215707AE93B0C46AF6165537A24047;1;1;1;1EF1A0DAECD29907E471319A724160C3DE061D80;4;306;Z32.1;20260714;01;;;;;;19990325;2;01;150130;0.00;0.00;0.00;0.00;227.48;0.00;0.00;0.00;0.00;0.00;0.00;34.12;0.00;227.48;228.16;2026-08-17 16:01:52;140110
D68FD8035E26A00787470F838D825A533FBE6A7F;FA000B14669AFA164CA94DE1EF8D776F1539484F;01;140FE0F3BDDC890EEABCD2D35D97520AE8E3968F;1;1;1;C73D05B61FBE1D964674367B8CC0C3AF03DF9172;4;306;Z35.9;20260714;01;;;;;;19850812;2;01;150130;49.74;0.00;0.00;89.44;0.00;3.30;0.00;0.00;0.00;0.00;0.00;9.24;0.00;142.48;157.22;2026-08-17 16:01:52;240101
D68FD8035E26A00787470F838D825A533FBE6A7F;FA000B14669AFA164CA94DE1EF8D776F1539484F;01;EEE3CFBA10FB6E8D1BC374F14242E57821162F17;1;1;1;5D1FDA53DCAD5393E825C1A64569831FECE02347;4;502;F41.9;20260714;08;;;;;;20100908;2;03;150130;77.38;0.00;0.00;0.00;0.00;0.00;0.00;0.00;0.00;59.32;0.00;0.00;0.00;77.38;21.31;2026-08-17 16:01:52;140140
D68FD8035E26A00787470F838D825A533FBE6A7F;FA000B14669AFA164CA94DE1EF8D776F1539484F;01;E5E884E74E81F10286C491828650891B6363A644;1;1;1;DDDFB4748A517234AC1995B8251DB7BD2F9FC27E;4;228;Z00.1;20260714;01;;;;;;20260520;1;03;150130;49.74;0.00;0.00;0.00;0.00;0.00;0.00;0.00;0.00;0.00;0.00;0.00;0.00;49.74;58.69;2026-08-17 16:01:52;
D68FD8035E26A00787470F838D825A533FBE6A7F;FA000B14669AFA164CA94DE1EF8D776F1539484F;01;16723045F983B57846DAFEF822D00672F3E9E39E;1;1;1;9093E426BF8412598813046459C2474601922F21;4;228;Z00.1;20260714;01;;;;;;20260524;1;03;150130;49.74;0.00;0.00;0.00;0.00;0.00;0.00;0.00;0.00;0.00;0.00;0.00;0.00;49.74;58.69;2026-08-17 16:01:52;
D68FD8035E26A00787470F838D825A533FBE6A7F;FA000B14669AFA164CA94DE1EF8D776F1539484F;01;D213EEC126C4734173E1A2AB48EE21609615FF56;1;1;1;62349BC5519BC0E556A756869A462FEFB6FE0D73;4;502;F41.8;20260714;08;;;;;;19790209;1;01;150130;77.38;0.00;0.00;0.00;0.00;0.00;0.00;0.00;0.00;59.32;0.00;0.00;0.00;77.38;21.31;2026-08-17 16:01:52;140126
D68FD8035E26A00787470F838D825A533FBE6A7F;FA000B14669AFA164CA94DE1EF8D776F1539484F;01;4C2ACBC686C173C58E10DD2C9E09CC18975E4B89;1;1;1;E652A5A90AE022667C0CD080881B45EB4EEBE738;4;502;F41.2;20260714;08;;;;;;19900615;2;01;150130;77.38;0.00;0.00;0.00;0.00;0.00;0.00;0.00;0.00;59.32;0.00;0.00;0.00;77.38;21.31;2026-08-17 16:01:52;140130
D68FD8035E26A00787470F838D825A533FBE6A7F;FA000B14669AFA164CA94DE1EF8D776F1539484F;01;B24722AD1AC6622AB1DED0FABA85C4AE8B0F7A0B;1;1;1;0C008DC94AE3B156DD639DBE40985A13A05E1FA8;4;228;Z00.1;20260714;01;;;;;;20260507;1;03;150130;49.74;0.00;0.00;0.00;0.00;0.00;0.00;0.00;0.00;0.00;0.00;0.00;0.00;49.74;58.69;2026-08-17 16:01:52;
D68FD8035E26A00787470F838D825A533FBE6A7F;FA000B14669AFA164CA94DE1EF8D776F1539484F;01;08F0615D2461F8F27F9833F81073E76013EA08EB;1;1;1;6690E400C870B89EC10EB927626C627E90424BAB;4;228;Z00.1;20260714;01;;;;;;20250710;1;03;150130;49.74;0.00;0.00;0.00;0.00;41.22;0.00;0.00;0.00;0.00;0.00;0.00;0.00;90.96;107.33;2026-08-17 16:01:52;140117
D68FD8035E26A00787470F838D825A533FBE6A7F;FA000B14669AFA164CA94DE1EF8D776F1539484F;01;1BD1909DD2D0B7DAA9690215732225F3F5E5A28E;1;1;1;0F8C201EF69FE554625A57576149BDEBDDBD93A4;4;306;Z35.9;20260714;01;;;;;;19920115;2;02;150130;49.74;0.00;0.00;0.00;0.00;63.60;0.00;0.00;0.00;0.00;0.00;9.30;0.00;113.34;122.77;2026-08-17 16:01:52;140142
D68FD8035E26A00787470F838D825A533FBE6A7F;FA000B14669AFA164CA94DE1EF8D776F1539484F;01;E3077A265DE37EFECE31E9557CF96B2C0049D45B;1;1;1;4F9D61ADCCD2649EAC5456A6CE9FAABEB63A2032;4;409;C49.1;20260714;01;;;;;;19810714;1;01;150130;111.64;0.00;0.00;0.00;0.00;0.00;0.00;0.00;0.00;0.00;0.00;0.00;0.00;111.64;131.74;2026-08-17 16:01:52;140135
D68FD8035E26A00787470F838D825A533FBE6A7F;FA000B14669AFA164CA94DE1EF8D776F1539484F;01;976EF17DFE4C4F525ADEB445CE5E89EDC4598354;1;1;1;4E900E875C384EC935E01F02228B8A24E5F09012;4;228;Z00.1;20260714;01;;;;;;20230921;1;03;150130;49.74;0.00;0.00;0.00;0.00;0.00;0.00;0.00;0.00;0.00;0.00;0.00;0.00;49.74;58.69;2026-08-17 16:01:52;140101
D68FD8035E26A00787470F838D825A533FBE6A7F;FA000B14669AFA164CA94DE1EF8D776F1539484F;01;35EF3C972CE745E17B621218833775E49216F543;1;1;1;AF725EAD336088A78D8F949EA704E403CB63A867;4;409;C50.9;20260714;01;;;;;;19810506;2;01;150130;49.74;0.00;0.00;0.00;0.00;0.00;0.00;0.00;0.00;0.00;0.00;0.00;0.00;49.74;58.69;2026-08-17 16:01:52;140131
D68FD8035E26A00787470F838D825A533FBE6A7F;FA000B14669AFA164CA94DE1EF8D776F1539484F;01;2D8F91F157240D8DEB937310F5E01C9A72A09D19;1;1;1;5CD368D8B95996702E5935D7796879A70B94F1FF;4;501;F41.2;20260714;01;;;;;;19621229;1;02;150130;77.38;0.00;0.00;0.00;0.00;101.40;0.00;0.00;0.00;67.80;0.00;40.50;0.00;178.78;83.17;2026-08-17 16:01:52;140108
D68FD8035E26A00787470F838D825A533FBE6A7F;FA000B14669AFA164CA94DE1EF8D776F1539484F;01;5F1663D31EF9B1404AF2BFE4BD1F5A96DE731F37;1;1;1;576C7BCAEE9B3CB557010211999CCD4C6B3CE650;4;502;F41.2;20260714;08;;;;;;19980213;2;01;150130;77.38;0.00;0.00;0.00;0.00;0.00;0.00;0.00;0.00;59.32;0.00;0.00;0.00;77.38;21.31;2026-08-17 16:01:52;130301
D68FD8035E26A00787470F838D825A533FBE6A7F;FA000B14669AFA164CA94DE1EF8D776F1539484F;01;8A719B96585ED6EC678E6F89F48014BAC871EE62;1;1;1;1A93E756418CD467B299F675471A0C6AEA6F6CD9;4;100;T88.7;20260714;01;;;;;;19830115;2;01;150130;400.96;0.00;0.00;0.00;0.00;0.00;0.00;0.00;0.00;0.00;0.00;100.24;0.00;400.96;354.85;2026-08-17 16:01:52;140140
D68FD8035E26A00787470F838D825A533FBE6A7F;FA000B14669AFA164CA94DE1EF8D776F1539484F;01;61242F9E2FF4243DD006DA865E780D081AB27E05;1;1;1;28AA30C61DB498BCD36011901E4A4F98FF4CAD6E;4;401;S41.7;20260714;01;;;;;;20220307;1;03;150130;542.31;0.00;0.00;0.00;0.00;0.00;0.00;0.00;0.00;0.00;0.00;0.00;0.00;542.31;639.93;2026-08-17 16:01:52;140109
D68FD8035E26A00787470F838D825A533FBE6A7F;FA000B14669AFA164CA94DE1EF8D776F1539484F;01;CD9C2450858B0D2CA94245291103EB51734EB695;1;3;1;397B906AE58E9BF35075B5C415E7769027737533;4;502;F41.2;20260714;08;;;;;;20060221;2;03;150130;77.38;0.00;0.00;0.00;0.00;0.00;0.00;0.00;0.00;59.32;0.00;0.00;0.00;77.38;21.31;2026-08-17 16:01:52;190103
D68FD8035E26A00787470F838D825A533FBE6A7F;FA000B14669AFA164CA94DE1EF8D776F1539484F;01;D758699844EC91F8D064ADFF55A35514634CC53A;1;1;1;7E892D57F9F41796B738A24AA6E4990ADFF9F516;4;228;Z00.1;20260714;01;;;;;;20240321;2;03;150130;49.74;0.00;0.00;0.00;0.00;0.00;0.00;0.00;0.00;0.00;0.00;0.00;0.00;49.74;58.69;2026-08-17 16:01:52;
D68FD8035E26A00787470F838D825A533FBE6A7F;FA000B14669AFA164CA94DE1EF8D776F1539484F;01;4C67064A9AC3A97600F5017A6D74F5AE1A3534FF;1;1;1;ED705F9FFBAC2AA9716E096DCCB140AA21FE8DAC;4;228;Z00.1;20260714;01;;;;;;20221111;2;03;150130;49.74;0.00;0.00;0.00;0.00;0.00;0.00;0.00;0.00;0.00;0.00;0.00;0.00;49.74;58.69;2026-08-17 16:01:52;140133
D68FD8035E26A00787470F838D825A533FBE6A7F;FA000B14669AFA164CA94DE1EF8D776F1539484F;01;182964C67C506B03B17E4576680022E3AC2180BD;1;1;1;345E38B22F72522F61559085FFB40FBF9EDF9C44;4;205;J30.4;20260714;01;;;;;;19681206;1;01;150130;49.74;0.00;0.00;0.00;0.00;38.35;0.00;0.00;0.00;0.00;0.00;11.54;0.00;88.09;90.33;2026-08-17 16:01:52;120107
D68FD8035E26A00787470F838D825A533FBE6A7F;FA000B14669AFA164CA94DE1EF8D776F1539484F;01;BBD6ADFC6FC82B749FBF888FF6F7885032BE781A;1;1;1;82FB0CAE54B76B9B7714E37AC578F5A0EC7D0928;4;205;M16.2;20260714;01;;;;;;19590831;2;02;150130;95.41;0.00;44.03;0.00;0.00;193.72;0.00;0.00;0.00;0.00;0.00;85.15;0.00;333.16;292.65;2026-08-17 16:01:52;140108
D68FD8035E26A00787470F838D825A533FBE6A7F;FA000B14669AFA164CA94DE1EF8D776F1539484F;01;A2B3D7C7AC06BAE6BE20F84D6D1EFB92FE7D4142;1;1;1;1EFBE842CB6474EC234E95E947C92FE17D004E43;4;306;Z35.9;20260714;01;;;;;;19950425;2;02;150130;49.74;0.00;0.00;0.00;0.00;63.60;0.00;0.00;0.00;0.00;0.00;0.00;0.00;113.34;133.74;2026-08-17 16:01:52;140137
D68FD8035E26A00787470F838D825A533FBE6A7F;FA000B14669AFA164CA94DE1EF8D776F1539484F;01;B5CD0194D60C66EFD05C194CFD36F0A7DEE62240;1;1;1;18C92A7E72D3736BAB675ADB65857B24971BB7E0;4;228;Z00.1;20260714;01;;;;;;20241010;1;03;150130;49.74;0.00;0.00;0.00;0.00;41.22;0.00;0.00;0.00;0.00;0.00;0.00;0.00;90.96;107.33;2026-08-17 16:01:52;
D68FD8035E26A00787470F838D825A533FBE6A7F;FA000B14669AFA164CA94DE1EF8D776F1539484F;01;E289EC44E4637BFE259D79E6EF8B6F44AF8A722F;1;1;1;B05A6AF715C80DAA8BCD8F470E94E62243F86666;4;502;F41.2;20260714;08;;;;;;19920911;1;01;150130;77.38;0.00;0.00;0.00;0.00;0.00;0.00;0.00;0.00;59.32;0.00;0.00;0.00;77.38;21.31;2026-08-17 16:01:52;140137
D68FD8035E26A00787470F838D825A533FBE6A7F;FA000B14669AFA164CA94DE1EF8D776F1539484F;01;69FECCA9BF75E6DB96FE20FEF886810FF219D21C;1;1;1;A5C277CC17A8D9EA1D341EB89DBDF1444D136F3F;4;502;F93.8;20260714;08;;;;;;20130712;2;03;150130;77.38;0.00;0.00;0.00;0.00;0.00;0.00;0.00;0.00;59.32;0.00;0.00;0.00;77.38;21.31;2026-08-17 16:01:52;240105
D68FD8035E26A00787470F838D825A533FBE6A7F;FA000B14669AFA164CA94DE1EF8D776F1539484F;01;D70CC0F29FC89CCE6095C6932475B1FA2D8A2386;1;1;1;D0A3F953CE1FE2A767A38C0120AB5E3B6B299487;4;228;Z00.1;20260714;01;;;;;;20250328;1;03;150130;49.74;0.00;0.00;0.00;0.00;0.00;0.00;0.00;0.00;0.00;0.00;0.00;0.00;49.74;58.69;2026-08-17 16:01:52;110101
D68FD8035E26A00787470F838D825A533FBE6A7F;FA000B14669AFA164CA94DE1EF8D776F1539484F;01;E9FFE065B8485C82DFC7212E68948A09A6121F42;1;1;1;59A1E96803BE9D6630A6EE50C6B3B0EC2E86426C;4;501;F41.9;20260714;01;;;;;;19870920;2;01;150130;77.38;0.00;0.00;0.00;0.00;0.00;0.00;0.00;0.00;67.80;0.00;0.00;0.00;77.38;11.30;2026-08-17 16:01:52;140103
D68FD8035E26A00787470F838D825A533FBE6A7F;FA000B14669AFA164CA94DE1EF8D776F1539484F;01;35E780794B614C287C7773EA3AAB2033DB89AE51;1;1;1;425F8F378547AAFB7F16248EBD92DE401146676A;4;306;Z35.7;20260714;01;;;;;;19841007;2;01;150130;49.74;0.00;0.00;0.00;0.00;0.00;0.00;0.00;0.00;0.00;0.00;0.00;0.00;49.74;58.69;2026-08-17 16:01:52;140104
D68FD8035E26A00787470F838D825A533FBE6A7F;FA000B14669AFA164CA94DE1EF8D776F1539484F;01;71CF2B9D99D0298D4C2E2B7DB0199B1AFF91FA47;1;1;1;BDED1E49BC72B3AA8739906C15F03F0D0AF8DCF1;4;205;Z48.9;20260714;01;;;;;;19960202;2;01;150130;49.74;0.00;0.00;0.00;0.00;50.11;0.00;0.00;0.00;0.00;0.00;7.53;0.00;99.85;108.94;2026-08-17 16:01:52;140141
D68FD8035E26A00787470F838D825A533FBE6A7F;FA000B14669AFA164CA94DE1EF8D776F1539484F;01;769BEB18D8625C1066A546742F4306E47E9B6E0F;1;1;1;E68CEAA5AF5B200F11060D4C05C311F3937F15E6;4;502;F43.0;20260714;08;;;;;;19930811;1;01;150130;77.38;0.00;0.00;0.00;0.00;0.00;0.00;0.00;0.00;59.32;0.00;0.00;0.00;77.38;21.31;2026-08-17 16:01:52;140108
D68FD8035E26A00787470F838D825A533FBE6A7F;FA000B14669AFA164CA94DE1EF8D776F1539484F;01;2DD6E7177ED0F9F5FB84740A7F2AC2B25A8901F9;1;1;1;A3241F19F26B9AFC251CAA6C5977A1369F3992C0;4;306;Z35.8;20260714;01;;;;;;19920812;2;01;150130;49.74;0.00;0.00;0.00;0.00;0.00;0.00;0.00;0.00;0.00;0.00;0.00;0.00;49.74;58.69;2026-08-17 16:01:52;240102
D68FD8035E26A00787470F838D825A533FBE6A7F;FA000B14669AFA164CA94DE1EF8D776F1539484F;01;CE8C708F266610650120346755895D45305B9911;1;1;1;B6D9453E2B6819D31FA16A777AE513F27F72AFD8;4;306;Z35.9;20260714;01;;;;;;19870804;2;01;150130;0.00;0.00;0.00;0.00;276.33;0.00;0.00;0.00;0.00;0.00;0.00;82.90;0.00;276.33;228.25;2026-08-17 16:01:52;140109
D68FD8035E26A00787470F838D825A533FBE6A7F;FA000B14669AFA164CA94DE1EF8D776F1539484F;01;9D26E8EE32C9FA790748CED07D2D96E5F2A33852;1;1;1;2E9D5FA093279693666707E49C3241BA5921FBE9;4;228;Z00.1;20260714;01;;;;;;20240713;1;03;150130;49.74;0.00;0.00;0.00;0.00;0.00;0.00;0.00;0.00;0.00;0.00;0.00;0.00;49.74;58.69;2026-08-17 16:01:52;140109
D68FD8035E26A00787470F838D825A533FBE6A7F;FA000B14669AFA164CA94DE1EF8D776F1539484F;01;1F3AE303F82CA136E747A02A964B2B9B68765C7E;1;1;1;05FC385E93C722D46FA4811F0D8A96B22C204CD0;9;301;Z29.9;20260714;01;;;;;;19930320;2;01;150130;0.00;0.00;27.64;0.00;0.00;0.00;0.00;0.00;0.00;0.00;0.00;0.00;0.00;27.64;32.62;2026-08-17 16:01:52;140141
D68FD8035E26A00787470F838D825A533FBE6A7F;FA000B14669AFA164CA94DE1EF8D776F1539484F;01;443FA2930845F4EAF14E9F9E9F6FDFF2DE8CA3F7;1;1;1;898AA2BDDE7B048216E14AFEF87BB182FAFAE8DB;4;306;Z35.9;20260714;01;;;;;;19900411;2;02;150130;49.74;0.00;0.00;0.00;0.00;0.00;0.00;0.00;0.00;0.00;0.00;0.00;0.00;49.74;58.69;2026-08-17 16:01:52;140110
D68FD8035E26A00787470F838D825A533FBE6A7F;FA000B14669AFA164CA94DE1EF8D776F1539484F;01;04CB77529526089E707D99962274825D3B7B55D1;1;1;1;8C3E9EB62B568C5183A864DE973A0CC15582EDD6;4;100;N91.1;20260714;01;;;;;;19930920;2;01;150130;49.74;0.00;0.00;64.99;0.00;0.00;0.00;0.00;0.00;38.14;0.00;16.25;0.00;114.73;71.20;2026-08-17 16:01:52;140141
D68FD8035E26A00787470F838D825A533FBE6A7F;FA000B14669AFA164CA94DE1EF8D776F1539484F;01;8F60C10D6C7D4CCAC7EF98AE646B72132A1741AC;1;1;1;FB2F0D8558E471E82C65FDF5B83C9BC81E35A601;4;205;J34.2;20260714;01;;;;;;19871211;2;02;150130;49.74;0.00;0.00;0.00;0.00;19.46;0.00;0.00;0.00;0.00;0.00;5.88;0.00;69.20;74.72;2026-08-17 16:01:52;140109
D68FD8035E26A00787470F838D825A533FBE6A7F;FA000B14669AFA164CA94DE1EF8D776F1539484F;01;3358169BF226EA4F58144BF829929356C809CAFC;1;1;1;845DD6238960FE7D35D0504E337C98B053B972A2;4;402;B24.X;20260714;01;;;;;;20020402;2;01;150130;49.74;0.00;0.00;0.00;0.00;256.14;0.00;0.00;0.00;46.61;0.00;102.46;0.00;305.88;185.04;2026-08-17 16:01:52;140106
D68FD8035E26A00787470F838D825A533FBE6A7F;FA000B14669AFA164CA94DE1EF8D776F1539484F;01;F68F067009BF4D03F5D41BCC8D801B35771AEF4C;1;1;1;520EDC2E3C07D901FF6897460F13BF543EE4F975;4;306;Z35.9;20260714;01;;;;;;19930227;2;01;150130;49.74;0.00;0.00;0.00;0.00;40.80;0.00;0.00;0.00;0.00;0.00;4.20;0.00;90.54;101.88;2026-08-17 16:01:52;140126
D68FD8035E26A00787470F838D825A533FBE6A7F;FA000B14669AFA164CA94DE1EF8D776F1539484F;01;CBAF2059CB532CC72D7C9C5A46A3E76DD0C20588;1;1;1;382009DDB3C00C7B0E203BABC9D20ADA85F7BFD1;4;306;Z35.9;20260714;01;;;;;;19960417;2;02;150130;49.74;0.00;0.00;0.00;0.00;0.00;0.00;0.00;0.00;0.00;0.00;0.00;0.00;49.74;58.69;2026-08-17 16:01:52;100210
D68FD8035E26A00787470F838D825A533FBE6A7F;FA000B14669AFA164CA94DE1EF8D776F1539484F;01;E9B43F33A8F045290C6EB77F8AFEF0591E027050;1;1;1;242F0196E253FA2D6D4AC9BD9549FD2B834622D4;4;228;Z00.1;20260714;01;;;;;;20260113;1;03;150130;49.74;0.00;0.00;0.00;0.00;0.00;0.00;0.00;0.00;0.00;0.00;0.00;0.00;49.74;58.69;2026-08-17 16:01:52;
D68FD8035E26A00787470F838D825A533FBE6A7F;FA000B14669AFA164CA94DE1EF8D776F1539484F;01;5C00EBE73463278FAE61A78430AC0278FCBE823F;1;1;1;8DE6DAFB213662FC5083174EFD18B24785CDA3B1;4;228;Z00.1;20260714;01;;;;;;20250821;1;03;150130;49.74;0.00;0.00;0.00;0.00;0.00;0.00;0.00;0.00;0.00;0.00;0.00;0.00;49.74;58.69;2026-08-17 16:01:52;
D68FD8035E26A00787470F838D825A533FBE6A7F;FA000B14669AFA164CA94DE1EF8D776F1539484F;01;6FC2CA12913D9FAF3B5C1C11D9CDDB98A0035C9A;1;1;1;3A2950B83F15FB06DAA9F70A48EB593F1A8A0A9D;4;228;Z00.1;20260714;01;;;;;;20260410;2;03;150130;49.74;0.00;0.00;0.00;0.00;0.00;0.00;0.00;0.00;0.00;0.00;0.00;0.00;49.74;58.69;2026-08-17 16:01:52;140130
D68FD8035E26A00787470F838D825A533FBE6A7F;FA000B14669AFA164CA94DE1EF8D776F1539484F;01;3ECDFCBE847C8746E1021ACA5A853AAB08100A4C;1;1;1;8671FDB2F7492D3D6EA46B5A03BA7DF63B53D2B2;4;307;Z39.0;20260714;01;;;;;;19920707;2;01;150130;49.74;0.00;0.00;0.00;0.00;0.00;0.00;0.00;0.00;0.00;0.00;0.00;0.00;49.74;58.69;2026-08-17 16:01:52;
D68FD8035E26A00787470F838D825A533FBE6A7F;FA000B14669AFA164CA94DE1EF8D776F1539484F;01;83D0F24DDE639A2000970E152E931840BF3C8F67;1;1;1;86F95AD5D5AF13320413967E79C29DBF45AE54F2;4;306;Z34.9;20260714;01;;;;;;19920620;2;02;150130;49.74;0.00;0.00;0.00;0.00;61.53;0.00;0.00;0.00;0.00;0.00;12.39;0.00;111.27;116.68;2026-08-17 16:01:52;140109
D68FD8035E26A00787470F838D825A533FBE6A7F;FA000B14669AFA164CA94DE1EF8D776F1539484F;01;C260463A15D5C17862F2E440EA731114D87F076F;1;1;1;C11A7919C069B49C62B2BB47F87C1619FCCFD8B8;4;409;C50.9;20260714;01;;;;;;19731028;2;02;150130;95.41;0.00;44.03;0.00;0.00;18.09;0.00;0.00;0.00;0.00;0.00;0.00;0.00;157.53;185.89;2026-08-17 16:01:52;140106
D68FD8035E26A00787470F838D825A533FBE6A7F;FA000B14669AFA164CA94DE1EF8D776F1539484F;01;B8A708CE271A864831C51BA2B4AC579924483802;1;1;1;5AEA62F2BD3C7707C9048B193DD9CABE62DDCD2D;4;228;Z00.1;20260714;01;;;;;;20260212;2;03;150130;49.74;0.00;0.00;0.00;0.00;41.22;0.00;0.00;0.00;0.00;0.00;0.00;0.00;90.96;107.33;2026-08-17 16:01:52;
D68FD8035E26A00787470F838D825A533FBE6A7F;FA000B14669AFA164CA94DE1EF8D776F1539484F;01;E5F9E41AD82DFDEE8318D8841B92650E57CA7D52;1;1;1;B5FECA7F38CFD4F762CE75AA0683B054C0861EFA;4;228;Z00.1;20260714;01;;;;;;20251211;2;03;150130;49.74;0.00;0.00;0.00;0.00;41.22;0.00;0.00;0.00;0.00;0.00;0.00;0.00;90.96;107.33;2026-08-17 16:01:52;140125
D68FD8035E26A00787470F838D825A533FBE6A7F;FA000B14669AFA164CA94DE1EF8D776F1539484F;01;C284C317986F913B47FE9DAC3F27222D1EF9E585;1;1;1;2C522C4456F47D5174CDC5FF0555CC7727AF6E15;4;228;Z00.1;20260714;01;;;;;;20250727;1;03;150130;49.74;0.00;0.00;0.00;0.00;0.00;0.00;0.00;0.00;0.00;0.00;0.00;0.00;49.74;58.69;2026-08-17 16:01:52;
D68FD8035E26A00787470F838D825A533FBE6A7F;FA000B14669AFA164CA94DE1EF8D776F1539484F;01;CF50C05F9E96498AF16C2A48935E8384EDBD417D;1;1;1;4A0FF744CB24AFD4111DAC585EF8FD1F7A134237;4;502;F98.8;20260714;08;;;;;;20130925;2;03;150130;77.38;0.00;0.00;0.00;0.00;0.00;0.00;0.00;0.00;59.32;0.00;0.00;0.00;77.38;21.31;2026-08-17 16:01:52;140103
D68FD8035E26A00787470F838D825A533FBE6A7F;FA000B14669AFA164CA94DE1EF8D776F1539484F;01;5B25A704AE2E7D6B3DF928B873C48E1887B3DE71;1;1;1;D6F12BAF6CD774016FF6A530B6001EF001F35DE0;4;228;Z00.1;20260714;01;;;;;;20251101;1;03;150130;49.74;0.00;0.00;0.00;0.00;41.22;0.00;0.00;0.00;0.00;0.00;0.00;0.00;90.96;107.33;2026-08-17 16:01:52;
D68FD8035E26A00787470F838D825A533FBE6A7F;FA000B14669AFA164CA94DE1EF8D776F1539484F;01;9A56EECB3CB5EE2842F46218486F10CD3036C538;1;1;1;90F7FD97C23E594A48121DA3A502F5085D6DB599;4;307;Z39.2;20260714;01;;;;;;19840213;2;02;150130;49.74;0.00;0.00;0.00;0.00;0.00;0.00;0.00;0.00;0.00;0.00;0.00;0.00;49.74;58.69;2026-08-17 16:01:52;140142
D68FD8035E26A00787470F838D825A533FBE6A7F;FA000B14669AFA164CA94DE1EF8D776F1539484F;01;7D13DF0C30319CB916393EE6294537AFD2177D20;1;1;1;3B9720541D0C8FE084F3CE299A8484E3306235D9;4;228;Z00.1;20260714;01;;;;;;20260414;1;03;150130;49.74;0.00;0.00;0.00;0.00;0.00;0.00;0.00;0.00;0.00;0.00;0.00;0.00;49.74;58.69;2026-08-17 16:01:52;140112
D68FD8035E26A00787470F838D825A533FBE6A7F;FA000B14669AFA164CA94DE1EF8D776F1539484F;01;CD057958D91B0F633FFA875E0028711CD2254CAB;1;1;1;3EC06ADCCFFE2C783A38E868D75B591F8E6AFE12;4;401;S01.4;20260714;01;;;;;;20140407;1;03;150130;542.31;0.00;0.00;0.00;0.00;0.00;0.00;0.00;0.00;0.00;0.00;0.00;0.00;542.31;639.93;2026-08-17 16:01:52;120101
D68FD8035E26A00787470F838D825A533FBE6A7F;FA000B14669AFA164CA94DE1EF8D776F1539484F;01;27753F00BF057C6276320D054D55C25312553684;1;1;1;970E6C1537FC3810ACD3AE4BB54F25D3D32DA0C8;4;306;Z34.9;20260714;01;;;;;;19950812;2;02;150130;49.74;0.00;0.00;0.00;0.00;63.60;0.00;0.00;0.00;0.00;0.00;6.60;0.00;113.34;125.95;2026-08-17 16:01:52;140101
D68FD8035E26A00787470F838D825A533FBE6A7F;FA000B14669AFA164CA94DE1EF8D776F1539484F;01;740B45E3270486403BE6BCCFACF06D0EA8B00DBF;1;1;1;DE645783C6E2C41838AB92DC9993BB4E03CF90DD;4;306;Z35.9;20260714;01;;;;;;19910314;2;02;150130;49.74;0.00;0.00;0.00;0.00;40.80;0.00;0.00;0.00;0.00;0.00;4.20;0.00;90.54;101.88;2026-08-17 16:01:52;140124
D68FD8035E26A00787470F838D825A533FBE6A7F;FA000B14669AFA164CA94DE1EF8D776F1539484F;01;6428DD99DF6B4F7EFF26D713365FDD2BC39BF7CE;1;1;2;D2533AC768D5836D7E68783A662AED9C605B1C8F;9;301;Z29.9;20260714;01;;;;;;19910308;2;01;150130;0.00;0.00;27.64;0.00;0.00;0.00;0.00;0.00;0.00;0.00;0.00;0.00;0.00;27.64;32.62;2026-08-17 16:01:52;
D68FD8035E26A00787470F838D825A533FBE6A7F;FA000B14669AFA164CA94DE1EF8D776F1539484F;01;478FE1CBAFD45F1A6EC524FF1D51953D04BC0D7B;1;1;1;BD4E62F5C0FCF2A854687081274CFA47C241BAFA;4;205;Z48.9;20260714;01;;;;;;19900306;2;02;150130;49.74;0.00;0.00;0.00;0.00;0.00;0.00;0.00;0.00;0.00;0.00;0.00;0.00;49.74;58.69;2026-08-17 16:01:52;140132
D68FD8035E26A00787470F838D825A533FBE6A7F;FA000B14669AFA164CA94DE1EF8D776F1539484F;01;E84BFD3CBE8D3D87834D782AB4F3816AD82F4675;1;1;1;AA7C8C9EC951EAF4E9081EBC40D8357A66AA9B7E;4;306;Z34.8;20260714;01;;;;;;19880323;2;01;150130;49.74;0.00;0.00;0.00;0.00;0.00;0.00;0.00;0.00;0.00;0.00;0.00;0.00;49.74;58.69;2026-08-17 16:01:52;130115
D68FD8035E26A00787470F838D825A533FBE6A7F;FA000B14669AFA164CA94DE1EF8D776F1539484F;01;338BF9C2B8D08268D591E40F6CA0EF25172363F0;1;1;1;F8652C23948C4CB9A2E61646D003526812D7A6EA;4;306;N39.0;20260714;01;;;;;;19940808;2;02;150130;49.74;0.00;0.00;58.49;0.00;0.00;0.00;0.00;0.00;0.00;0.00;5.85;0.00;108.23;120.81;2026-08-17 16:01:52;140137
D68FD8035E26A00787470F838D825A533FBE6A7F;FA000B14669AFA164CA94DE1EF8D776F1539484F;01;D4CE78F351C067DD1E8ED4A08AF248468F4F568D;1;1;1;3B773D79D20CABB5B09104E1B25FF1539541B0D5;4;501;F41.1;20260714;01;;;;;;19730414;1;01;150130;77.38;0.00;0.00;0.00;0.00;120.90;0.00;0.00;0.00;67.80;0.00;48.60;0.00;198.28;96.62;2026-08-17 16:01:52;140110
D68FD8035E26A00787470F838D825A533FBE6A7F;FA000B14669AFA164CA94DE1EF8D776F1539484F;01;DCD5EF64BB6EBB76E26C79B65464900EFE00FB74;1;1;1;EFFA95BA5B8386538BA561E4606E69ADA9FC795B;4;228;Z00.1;20260714;01;;;;;;20241113;2;03;150130;49.74;0.00;0.00;0.00;0.00;41.22;0.00;0.00;0.00;0.00;0.00;0.00;0.00;90.96;107.33;2026-08-17 16:01:52;
D68FD8035E26A00787470F838D825A533FBE6A7F;FA000B14669AFA164CA94DE1EF8D776F1539484F;01;0DF5FA7965EA4FD940DF6C1C9E923ABE6F776E89;1;1;1;9026A60936AF5D86C3DED26098037130F2E66FE5;4;502;F93.8;20260714;08;;;;;;20170428;2;03;150130;77.38;0.00;0.00;0.00;0.00;0.00;0.00;0.00;0.00;59.32;0.00;0.00;0.00;77.38;21.31;2026-08-17 16:01:52;140131
D68FD8035E26A00787470F838D825A533FBE6A7F;FA000B14669AFA164CA94DE1EF8D776F1539484F;01;5B2695B9D3ACDE6B2A9F9B50B3C65B1A4FF45470;1;1;1;1A23889366E1E1C16B875C662E048A61054EDB19;4;501;F41.9;20260714;01;;;;;;19820901;1;02;150130;77.38;0.00;0.00;0.00;0.00;407.80;0.00;0.00;0.00;67.80;0.00;163.20;0.00;485.18;299.93;2026-08-17 16:01:52;140103
D68FD8035E26A00787470F838D825A533FBE6A7F;FA000B14669AFA164CA94DE1EF8D776F1539484F;01;2E6F5294A0DB98A9548D770AECF21145F2586831;1;1;1;5F43A1908A66BD077ADB1A913FB2F01797DA9A52;4;205;J34.3;20260714;01;;;;;;19990822;2;01;150130;49.74;0.00;0.00;0.00;0.00;100.46;0.00;0.00;0.00;0.00;0.00;25.15;0.00;150.20;147.56;2026-08-17 16:01:52;140130
D68FD8035E26A00787470F838D825A533FBE6A7F;FA000B14669AFA164CA94DE1EF8D776F1539484F;01;18BE80613D5769522154A58F59DC66C6C68285BB;1;1;1;6AC1A4FD10A2193833D7E040242B0A2211E36BD0;4;228;Z00.1;20260714;01;;;;;;20250812;2;03;150130;49.74;0.00;0.00;0.00;0.00;0.00;0.00;0.00;0.00;0.00;0.00;0.00;0.00;49.74;58.69;2026-08-17 16:01:52;
D68FD8035E26A00787470F838D825A533FBE6A7F;FA000B14669AFA164CA94DE1EF8D776F1539484F;01;3C52AD2ACEDDB012D3C28154C59D7D78A87499D1;1;1;1;08EC5CCD6D313C23B59EBB086C46B6FA22152BAB;4;306;Z35.9;20260714;01;;;;;;19900118;2;02;150130;49.74;0.00;0.00;0.00;0.00;419.40;0.00;0.00;0.00;0.00;0.00;63.00;0.00;469.14;479.25;2026-08-17 16:01:52;140108
D68FD8035E26A00787470F838D825A533FBE6A7F;FA000B14669AFA164CA94DE1EF8D776F1539484F;01;0D0F49BD1F85C15B63752C10035CAADB5EFD8204;1;1;1;E9D77BB24B7082313C42ED51D7530524E4399913;4;228;Z00.1;20260714;01;;;;;;20260211;1;03;150130;49.74;0.00;0.00;0.00;0.00;0.00;0.00;0.00;0.00;0.00;0.00;0.00;0.00;49.74;58.69;2026-08-17 16:01:52;
D68FD8035E26A00787470F838D825A533FBE6A7F;FA000B14669AFA164CA94DE1EF8D776F1539484F;01;E60583BA4FB1AC811BD5A99466083402BA6FCAD0;1;3;1;0F93399B1E3DDAF5B49E659874325E70C186FB79;4;205;I25.1;20260714;01;;;;;;19611020;1;07;150130;49.74;0.00;0.00;0.00;0.00;0.00;0.00;0.00;0.00;38.14;0.00;0.00;0.00;49.74;13.69;2026-08-17 16:01:52;140125
D68FD8035E26A00787470F838D825A533FBE6A7F;FA000B14669AFA164CA94DE1EF8D776F1539484F;01;742FFE8FF12AE108A816A560AC1332787B501001;1;1;1;7A2DF450500622C2A6CA287AE3E3DDC9A3042ADD;4;205;S83.2;20260714;01;;;;;;19660224;2;01;150130;49.74;0.00;0.00;0.00;0.00;69.08;0.00;0.00;0.00;0.00;0.00;27.62;0.00;118.82;107.62;2026-08-17 16:01:52;140140
D68FD8035E26A00787470F838D825A533FBE6A7F;FA000B14669AFA164CA94DE1EF8D776F1539484F;01;3E631F30BBC85A02ED20A886E17EF8AA030DF130;1;1;1;31BA68D030579291A694DF7838693DAAE3BC9AE1;4;306;Z35.9;20260714;01;;;;;;19880705;2;02;150130;49.74;0.00;0.00;0.00;0.00;22.80;0.00;0.00;0.00;0.00;0.00;0.00;0.00;72.54;85.60;2026-08-17 16:01:52;240104
D68FD8035E26A00787470F838D825A533FBE6A7F;FA000B14669AFA164CA94DE1EF8D776F1539484F;01;3502313C01441DB9E92F319A6387A50DC5C5AFFF;1;1;1;5CDF8F7D95FFDC8D31FF62A1172A4EDD6B0EB0E7;4;228;Z00.1;20260714;01;;;;;;20260301;1;03;150130;49.74;0.00;0.00;0.00;0.00;0.00;0.00;0.00;0.00;0.00;0.00;0.00;0.00;49.74;58.69;2026-08-17 16:01:52;
D68FD8035E26A00787470F838D825A533FBE6A7F;FA000B14669AFA164CA94DE1EF8D776F1539484F;01;66C6510DB19D12880ADD2B2F411EC0C4C4D69E6A;1;3;1;42E1B8255642FF50129BAD444CEE31AB17975B3E;4;502;F06.7;20260714;08;;;;;;19610519;2;07;150130;77.38;0.00;0.00;0.00;0.00;0.00;0.00;0.00;0.00;59.32;0.00;0.00;0.00;77.38;21.31;2026-08-17 16:01:52;140101
D68FD8035E26A00787470F838D825A533FBE6A7F;FA000B14669AFA164CA94DE1EF8D776F1539484F;01;C2238DB1F3542C9195257BF29628D09698D2419F;1;1;1;50552D919D1613FF7A77515BC4B39E8673A19A42;4;306;Z34.9;20260714;01;;;;;;19930601;2;01;150130;49.74;0.00;0.00;0.00;0.00;0.00;0.00;0.00;0.00;0.00;0.00;0.00;0.00;49.74;58.69;2026-08-17 16:01:52;140103
D68FD8035E26A00787470F838D825A533FBE6A7F;FA000B14669AFA164CA94DE1EF8D776F1539484F;01;2BDA169EE4132C131A63808A5C0B29686821EF45;1;1;1;42CBF185F408D7EF5C30DA8C12F957A96D023E9D;4;205;Z48.9;20260714;01;;;;;;19950302;1;01;150130;49.74;0.00;0.00;0.00;0.00;40.11;0.00;0.00;0.00;0.00;0.00;10.05;0.00;89.85;94.16;2026-08-17 16:01:52;140141
D68FD8035E26A00787470F838D825A533FBE6A7F;FA000B14669AFA164CA94DE1EF8D776F1539484F;01;5D86C2ADEBE045867276EFD7A419A9905A8B09BD;1;1;1;61083F551678A08992EA4A718DDFFC314933E27F;4;307;Z39.0;20260714;01;;;;;;19910816;2;01;150130;49.74;0.00;0.00;0.00;0.00;24.29;0.00;0.00;0.00;0.00;0.00;2.43;0.00;74.03;84.49;2026-08-17 16:01:52;140104
D68FD8035E26A00787470F838D825A533FBE6A7F;FA000B14669AFA164CA94DE1EF8D776F1539484F;01;71276B6244642F9FC2921F7860D0369C79041C17;1;1;1;E471552ACECC36BCE7EE7248938C7F7CD23D1D71;4;205;Z48.8;20260714;01;;;;;;19820531;1;01;150130;49.74;0.00;0.00;0.00;0.00;43.75;0.00;0.00;0.00;0.00;0.00;17.56;0.00;93.49;89.60;2026-08-17 16:01:52;140103
D68FD8035E26A00787470F838D825A533FBE6A7F;FA000B14669AFA164CA94DE1EF8D776F1539484F;01;C4CAC11A9BDDE6590B06F2CDA46FECC2A9489067;1;1;1;C2F8DC12397356C7E6827F0538FA5EA8CC8E78BE;4;501;F43.2;20260714;01;;;;;;19780622;2;01;150130;77.38;0.00;0.00;0.00;0.00;29.10;0.00;0.00;0.00;67.80;0.00;11.70;0.00;106.48;31.84;2026-08-17 16:01:52;140130
D68FD8035E26A00787470F838D825A533FBE6A7F;FA000B14669AFA164CA94DE1EF8D776F1539484F;01;AAA43A246F54FA99017CF962452D3ED37D9AA193;1;1;1;F18A8DCD77A5D496118A0224332F2284572729D9;4;306;Z35.9;20260714;01;;;;;;19930725;2;01;150130;0.00;0.00;0.00;0.00;341.23;0.00;0.00;0.00;0.00;0.00;0.00;34.12;0.00;341.23;362.39;2026-08-17 16:01:52;190115
D68FD8035E26A00787470F838D825A533FBE6A7F;FA000B14669AFA164CA94DE1EF8D776F1539484F;01;CA02C637EABD679BC8F6A5BA9320EFA8D8CCC987;1;1;1;E94C66F23BA272B973F1F2874FA2BE2B31FF54CC;4;306;Z34.9;20260714;01;;;;;;19970106;2;01;150130;49.74;0.00;0.00;0.00;0.00;0.00;0.00;0.00;0.00;0.00;0.00;0.00;0.00;49.74;58.69;2026-08-17 16:01:52;120107
D68FD8035E26A00787470F838D825A533FBE6A7F;FA000B14669AFA164CA94DE1EF8D776F1539484F;01;2AFB005C8AD19BB2D90365947CA5D668BFB2E900;1;1;1;67EBBD2839AD803F0A63D540D33A4D1580B633C4;4;228;Z00.1;20260714;01;;;;;;20260323;1;03;150130;44.77;0.00;0.00;0.00;0.00;0.00;0.00;0.00;0.00;0.00;0.00;0.00;0.00;44.77;52.83;2026-08-17 16:01:52;
D68FD8035E26A00787470F838D825A533FBE6A7F;FA000B14669AFA164CA94DE1EF8D776F1539484F;01;12CCAC2754FACA8C8BBC68E788E0848876228A43;1;1;1;97AC7B9437527E1E3AA752AB0B1D0CD82242B701;4;228;Z00.1;20260714;01;;;;;;20260108;2;03;150130;49.74;0.00;0.00;0.00;0.00;0.00;0.00;0.00;0.00;0.00;0.00;0.00;0.00;49.74;58.69;2026-08-17 16:01:52;140130
D68FD8035E26A00787470F838D825A533FBE6A7F;FA000B14669AFA164CA94DE1EF8D776F1539484F;01;B615D0E1D0E2A434C8FF5FE51514D96EB138E211;1;1;1;77F80281E7A22BF5CD7D1260F5156BAF91DA94F1;4;100;H04.1;20260713;01;;;;;;19611223;2;02;150130;359.64;0.00;0.00;0.00;0.00;35.57;0.00;0.00;0.00;0.00;0.00;98.83;0.00;395.21;349.73;2026-08-17 16:01:52;140110
D68FD8035E26A00787470F838D825A533FBE6A7F;FA000B14669AFA164CA94DE1EF8D776F1539484F;01;8ADC984AF4770EADF225DEB6C89A3F11EF23BDDB;1;3;1;638E7A023499BAAD750DAFDD9B6860F824472161;4;123;H40.0;20260715;01;;;;;;19980726;2;03;150130;0.00;0.00;0.00;0.00;397.92;10.64;0.00;0.00;0.00;0.00;0.00;40.87;0.00;408.56;433.87;2026-08-17 16:01:52;100401
D68FD8035E26A00787470F838D825A533FBE6A7F;FA000B14669AFA164CA94DE1EF8D776F1539484F;01;C19E3FDE63CAC3092369EFF7CE101384079A4403;1;1;1;40DAA7339C6CAE1245EB6A98F1C9CC701B1D0C5E;9;059;Z71.3;20260713;10;;;;;;20100614;2;03;150130;49.74;0.00;0.00;0.00;0.00;0.00;0.00;0.00;0.00;29.66;0.00;0.00;0.00;49.74;23.69;2026-08-17 16:01:52;140134
D68FD8035E26A00787470F838D825A533FBE6A7F;FA000B14669AFA164CA94DE1EF8D776F1539484F;01;35E0245479B03CD2F9C5EBCF9798C289B4A99DE9;1;1;1;9A2A4CD619ABF6EBFCC5129C530CB09074BDF87F;9;059;Z71.3;20260713;10;;;;;;20150721;1;03;150130;49.74;0.00;0.00;0.00;0.00;0.00;0.00;0.00;0.00;29.66;0.00;0.00;0.00;49.74;23.69;2026-08-17 16:01:52;140111
D68FD8035E26A00787470F838D825A533FBE6A7F;FA000B14669AFA164CA94DE1EF8D776F1539484F;01;C50E3A3AAF8722EB88A09745BE81D0BE754582CE;1;1;1;1B9D46478D5F38EA16C79DAB9061ECB392D1A790;9;059;Z71.3;20260713;10;;;;;;20251213;2;03;150130;49.74;0.00;0.00;0.00;0.00;0.00;0.00;0.00;0.00;29.66;0.00;0.00;0.00;49.74;23.69;2026-08-17 16:01:52;140140
D68FD8035E26A00787470F838D825A533FBE6A7F;FA000B14669AFA164CA94DE1EF8D776F1539484F;01;7E3B108937A699974BAD6316BFB3EDC6A83F5BAE;1;1;1;4BFE9A5ACFC1F30D4CB2F0B208949AAFA49207BA;9;059;Z71.3;20260713;10;;;;;;19771009;2;02;150130;49.74;0.00;0.00;0.00;0.00;0.00;0.00;0.00;0.00;29.66;0.00;0.00;0.00;49.74;23.69;2026-08-17 16:01:52;140122
D68FD8035E26A00787470F838D825A533FBE6A7F;FA000B14669AFA164CA94DE1EF8D776F1539484F;01;B088C7A2E081647D14E6AA5488A04FA84CAF6C4E;1;3;1;FA17D75D89B7223D728BAC2CE1BE3E23EB9601F6;9;059;Z71.3;20260713;10;;;;;;20070127;1;03;150130;49.74;0.00;0.00;0.00;0.00;0.00;0.00;0.00;0.00;29.66;0.00;0.00;0.00;49.74;23.69;2026-08-17 16:01:52;140133
D68FD8035E26A00787470F838D825A533FBE6A7F;FA000B14669AFA164CA94DE1EF8D776F1539484F;01;521F947CEAB4D01AED7CF4289212CF4AEFE28D28;1;1;1;5BFAF4FD2427DEE2720A9D5793475AAA16335C1C;4;409;C25.9;20260713;10;;;;;;19500901;2;01;150130;49.74;0.00;0.00;0.00;0.00;0.00;0.00;0.00;0.00;0.00;0.00;0.00;0.00;49.74;58.69;2026-08-17 16:01:52;140104
D68FD8035E26A00787470F838D825A533FBE6A7F;FA000B14669AFA164CA94DE1EF8D776F1539484F;01;7F03A372E8D13FD41D61D59F0ECC07E7925F4898;1;3;1;4D1DE5C3F3F48EE50569BF613752CC0650FFD946;9;059;Z71.3;20260713;10;;;;;;19981020;2;03;150130;49.74;0.00;0.00;0.00;0.00;0.00;0.00;0.00;0.00;29.66;0.00;0.00;0.00;49.74;23.69;2026-08-17 16:01:52;140130
D68FD8035E26A00787470F838D825A533FBE6A7F;FA000B14669AFA164CA94DE1EF8D776F1539484F;01;69BC686E46F9E04102CDEB88BC33D552F38EFFB4;1;1;1;6D6DF9B3D56359DAA59DD05490568F87F0BEC9A1;9;059;Z71.3;20260713;10;;;;;;19900604;2;01;150130;49.74;0.00;0.00;0.00;0.00;0.00;0.00;0.00;0.00;29.66;0.00;0.00;0.00;49.74;23.69;2026-08-17 16:01:52;140138
D68FD8035E26A00787470F838D825A533FBE6A7F;FA000B14669AFA164CA94DE1EF8D776F1539484F;01;6CDD13FCE40B1438691C382EDEA18356A8164BF0;1;1;1;D85DDCBD437562DD6C6F225DE171DEBF51E8143C;9;059;Z71.3;20260713;10;;;;;;20160914;1;03;150130;49.74;0.00;0.00;0.00;0.00;0.00;0.00;0.00;0.00;29.66;0.00;0.00;0.00;49.74;23.69;2026-08-17 16:01:52;140142
D68FD8035E26A00787470F838D825A533FBE6A7F;FA000B14669AFA164CA94DE1EF8D776F1539484F;01;CC9584780AD5215C529B7E329724FA3054B69325;1;1;1;6E472C290062A0EE1BA8AE1A6AC763A62FEE4C59;9;059;Z71.3;20260713;10;;;;;;19851119;2;02;150130;49.74;0.00;0.00;0.00;0.00;0.00;0.00;0.00;0.00;29.66;0.00;0.00;0.00;49.74;23.69;2026-08-17 16:01:52;140137
D68FD8035E26A00787470F838D825A533FBE6A7F;FA000B14669AFA164CA94DE1EF8D776F1539484F;01;B9DF1458F98511324D1E85F1DCC1E104BD4C35A5;1;1;1;7163D153C4E6AB7E18944E59308C4F9DAECD7C4C;9;059;Z71.3;20260713;10;;;;;;19920303;2;01;150130;42.28;0.00;0.00;0.00;0.00;0.00;0.00;0.00;0.00;29.66;0.00;0.00;0.00;42.28;14.89;2026-08-17 16:01:52;210601
D68FD8035E26A00787470F838D825A533FBE6A7F;FA000B14669AFA164CA94DE1EF8D776F1539484F;01;4E99F857CC170A4CEE2933A821581C1AC3E1A50E;1;1;1;FB9CF8A79B745DE581C8C6DA87AD076A30C546D0;9;059;Z71.3;20260713;10;;;;;;19950106;2;01;150130;49.74;0.00;0.00;0.00;0.00;0.00;0.00;0.00;0.00;29.66;0.00;0.00;0.00;49.74;23.69;2026-08-17 16:01:52;140108
D68FD8035E26A00787470F838D825A533FBE6A7F;FA000B14669AFA164CA94DE1EF8D776F1539484F;01;A648121507A1E91B00F4204FEBD1ABD896D49085;1;1;1;38F2362D094A31B4E4E407025928F04411458433;9;059;Z71.3;20260713;10;;;;;;19980916;2;01;150130;49.74;0.00;0.00;0.00;0.00;0.00;0.00;0.00;0.00;29.66;0.00;0.00;0.00;49.74;23.69;2026-08-17 16:01:52;140135
D68FD8035E26A00787470F838D825A533FBE6A7F;FA000B14669AFA164CA94DE1EF8D776F1539484F;01;7E05594381116004EBEC360FF8B9FBF034101EB1;1;1;1;90F1C375AB58482FE21D1FAF9ED6ED6E799D9F57;9;059;Z71.3;20260713;10;;;;;;20120310;2;03;150130;49.74;0.00;0.00;0.00;0.00;0.00;0.00;0.00;0.00;29.66;0.00;0.00;0.00;49.74;23.69;2026-08-17 16:01:52;140141
D68FD8035E26A00787470F838D825A533FBE6A7F;FA000B14669AFA164CA94DE1EF8D776F1539484F;01;639A91863FA145A3B707090B397F3A64190CB143;1;1;2;DB52DB498A4CA9D22774DADDBC9BE62F5E51F025;9;059;Z71.3;20260714;10;;;;;;19860425;2;01;150130;49.74;0.00;0.00;0.00;0.00;0.00;0.00;0.00;0.00;29.66;0.00;0.00;0.00;49.74;23.69;2026-08-17 16:01:52;
D68FD8035E26A00787470F838D825A533FBE6A7F;FA000B14669AFA164CA94DE1EF8D776F1539484F;01;573B5AD83A1976BAD0172A8BEF9023683115F788;1;1;1;64842CAA95A38C932AB8C7A4D444870E331315BE;9;059;Z71.3;20260714;10;;;;;;19740416;1;01;150130;49.74;0.00;0.00;0.00;0.00;0.00;0.00;0.00;0.00;29.66;0.00;0.00;0.00;49.74;23.69;2026-08-17 16:01:52;140103
D68FD8035E26A00787470F838D825A533FBE6A7F;FA000B14669AFA164CA94DE1EF8D776F1539484F;01;E7D16FF4741B8154A188256318B790344D66B5A3;1;1;1;86FA66E9E3B1D1295D5C9C2CF7481B12A812E8C3;9;059;Z71.3;20260714;10;;;;;;20070419;1;03;150130;49.74;0.00;0.00;0.00;0.00;0.00;0.00;0.00;0.00;29.66;0.00;0.00;0.00;49.74;23.69;2026-08-17 16:01:52;140103
D68FD8035E26A00787470F838D825A533FBE6A7F;FA000B14669AFA164CA94DE1EF8D776F1539484F;01;29B44D5247B65DB0AB2FB5889FE85BA7D4049225;1;3;1;982505B57A2D22416DCF6B44E649EA29FCC151D9;9;059;Z71.3;20260714;10;;;;;;20031113;1;03;150130;49.74;0.00;0.00;0.00;0.00;0.00;0.00;0.00;0.00;29.66;0.00;0.00;0.00;49.74;23.69;2026-08-17 16:01:52;140140
D68FD8035E26A00787470F838D825A533FBE6A7F;FA000B14669AFA164CA94DE1EF8D776F1539484F;01;C16EA152027A97AA3B93290A25C8B8E8E600E282;1;1;1;19FBB8AA26658ABE368F15BEC9BB8216F758B0B7;9;059;Z71.3;20260714;10;;;;;;19980728;2;01;150130;49.74;0.00;0.00;0.00;0.00;0.00;0.00;0.00;0.00;29.66;0.00;0.00;0.00;49.74;23.69;2026-08-17 16:01:52;140410
D68FD8035E26A00787470F838D825A533FBE6A7F;FA000B14669AFA164CA94DE1EF8D776F1539484F;01;753FD8ACF7DCAF7D11072DA111F9C092B3399B0C;1;1;1;A40AFEAC0C237ABE1F39A8EE9A5071B329362293;9;059;Z71.3;20260714;10;;;;;;19911030;2;02;150130;49.74;0.00;0.00;0.00;0.00;0.00;0.00;0.00;0.00;29.66;0.00;0.00;0.00;49.74;23.69;2026-08-17 16:01:52;140126
D68FD8035E26A00787470F838D825A533FBE6A7F;FA000B14669AFA164CA94DE1EF8D776F1539484F;01;A775DFDD12C35D773864CB65AF3035DABDA5DD20;1;1;1;7186BB3CED783ED12B9F8B87DB36A1DBE48FE142;9;059;Z71.3;20260714;10;;;;;;19750122;2;01;150130;49.74;0.00;0.00;0.00;0.00;0.00;0.00;0.00;0.00;29.66;0.00;0.00;0.00;49.74;23.69;2026-08-17 16:01:52;140110
D68FD8035E26A00787470F838D825A533FBE6A7F;FA000B14669AFA164CA94DE1EF8D776F1539484F;01;E2602A3FEE3210621D942A607CA9021A61F6B58F;1;1;2;8D6C6BCC24849E52045BB75FC4F8E20B862AAC4F;9;059;Z71.3;20260714;10;;;;;;19880722;2;01;150130;49.74;0.00;0.00;0.00;0.00;0.00;0.00;0.00;0.00;29.66;0.00;0.00;0.00;49.74;23.69;2026-08-17 16:01:52;
D68FD8035E26A00787470F838D825A533FBE6A7F;FA000B14669AFA164CA94DE1EF8D776F1539484F;01;1DECA2B34D4E5C056A347247C67767C2ADFFB6BB;1;1;1;E3C3EFB34A932CA5A52143B23849CE23C1F6C25C;9;059;Z71.3;20260714;10;;;;;;19760718;2;02;150130;49.74;0.00;0.00;0.00;0.00;0.00;0.00;0.00;0.00;29.66;0.00;0.00;0.00;49.74;23.69;2026-08-17 16:01:52;140130
D68FD8035E26A00787470F838D825A533FBE6A7F;FA000B14669AFA164CA94DE1EF8D776F1539484F;01;7C7CF0C5C0D365E4E5F37737522181F8326AF8D9;1;1;1;D3887CE30BC4E9FCC2E45911CFD6AFD0680631CB;9;059;Z71.3;20260714;10;;;;;;19921129;2;01;150130;49.74;0.00;0.00;0.00;0.00;0.00;0.00;0.00;0.00;29.66;0.00;0.00;0.00;49.74;23.69;2026-08-17 16:01:52;140135
D68FD8035E26A00787470F838D825A533FBE6A7F;FA000B14669AFA164CA94DE1EF8D776F1539484F;01;F48D4851A90C367202666438988BB0BB0DCC87BA;1;1;1;B555E36A5C4ECB8C1A076AA7E3E3A629935077D3;9;059;Z71.3;20260714;10;;;;;;19851028;2;01;150130;49.74;0.00;0.00;0.00;0.00;0.00;0.00;0.00;0.00;29.66;0.00;0.00;0.00;49.74;23.69;2026-08-17 16:01:52;140104
D68FD8035E26A00787470F838D825A533FBE6A7F;FA000B14669AFA164CA94DE1EF8D776F1539484F;01;2CC820A69504D5B78E86D33CDC9A0A7F61F34B8E;1;1;1;A89BE2883D9B34AE9F0C728FB90B1C4E75629E5F;6;100;G51.0;20260711;01;;;;;;19870523;2;01;150130;0.00;0.00;0.00;0.00;381.34;0.00;0.00;0.00;0.00;0.00;0.00;0.00;0.00;381.34;449.98;2026-08-17 16:01:52;140136
D68FD8035E26A00787470F838D825A533FBE6A7F;FA000B14669AFA164CA94DE1EF8D776F1539484F;01;DF26E92A8C1C56244292BF5B397486DD46276A56;1;1;1;DBB7F5203E3437103F9FEA2B4FB540B65E7AA1F3;4;305;O47.1;20260709;01;;;;;;19960822;2;01;150130;0.00;0.00;0.00;0.00;341.23;0.00;0.00;0.00;0.00;0.00;0.00;51.18;0.00;341.23;342.26;2026-08-17 16:01:52;120111
D68FD8035E26A00787470F838D825A533FBE6A7F;FA000B14669AFA164CA94DE1EF8D776F1539484F;01;D499FB91FCFDB7DF1BC75F5183845523A6F5FB8B;1;1;1;30B70AA5CB3E3F104E46DFC37394014BC45B4D1B;6;100;G44.8;20260709;01;;;;;;19740501;2;02;150130;0.00;0.00;199.67;0.00;961.85;0.00;0.00;0.00;0.00;0.00;0.00;0.00;0.00;1161.52;1370.59;2026-08-17 16:01:52;140103
D68FD8035E26A00787470F838D825A533FBE6A7F;FA000B14669AFA164CA94DE1EF8D776F1539484F;01;346690112F342A3B2EEDCD7216A7458CCCCA60F5;1;1;1;5E75B2B94275DAC6E95BBC5DAEDE019D79B02169;6;101;M54.4;20260710;01;;;;;;19821025;2;01;150130;0.00;0.00;0.00;0.00;381.34;0.00;0.00;0.00;0.00;0.00;0.00;0.00;0.00;381.34;449.98;2026-08-17 16:01:52;140109
D68FD8035E26A00787470F838D825A533FBE6A7F;FA000B14669AFA164CA94DE1EF8D776F1539484F;01;EEA4C69710DFF0DDB172D05AE0A58D499DDEF041;1;1;1;C030F2F9D3A763BE9D1279B35523C811FAFF4DDA;6;100;R10.4;20260711;01;;;;;;20030802;2;03;150130;0.00;0.00;484.76;0.00;635.56;0.00;0.00;0.00;0.00;0.00;0.00;0.00;0.00;1120.32;1321.98;2026-08-17 16:01:52;140133
D68FD8035E26A00787470F838D825A533FBE6A7F;FA000B14669AFA164CA94DE1EF8D776F1539484F;01;07CC12B3353DA60A41109257CA51CE648E8BE09A;1;1;1;801E6616B521A01AE0EF507DE83B2C483790616E;6;100;K37.X;20260711;01;;;;;;19840619;1;01;150130;0.00;0.00;484.76;0.00;635.56;0.00;0.00;0.00;0.00;0.00;0.00;0.00;0.00;1120.32;1321.98;2026-08-17 16:01:52;140124
D68FD8035E26A00787470F838D825A533FBE6A7F;FA000B14669AFA164CA94DE1EF8D776F1539484F;01;A6FC2C772B9D232A9DCEC9A1CB8C6E6B8D2106BB;1;3;1;EE0CE82ABE8464DB98B5597D5134C9BA1B5BCEB2;4;305;O47.1;20260711;01;;;;;;19910621;2;01;150130;0.00;0.00;0.00;0.00;341.23;0.00;0.00;0.00;0.00;0.00;0.00;68.25;0.00;341.23;322.12;2026-08-17 16:01:52;240105
D68FD8035E26A00787470F838D825A533FBE6A7F;FA000B14669AFA164CA94DE1EF8D776F1539484F;01;5183922A93EB39ACF24C59FDD94AE8F48D8622B7;1;1;1;AD478C9890588059AFE05819682D9D6637CC73BF;4;308;O20.0;20260711;01;;;;;;19921001;2;02;150130;0.00;0.00;0.00;0.00;227.48;0.00;0.00;0.00;0.00;0.00;0.00;22.75;0.00;227.48;241.58;2026-08-17 16:01:52;240105
D68FD8035E26A00787470F838D825A533FBE6A7F;FA000B14669AFA164CA94DE1EF8D776F1539484F;01;A74AB6368D2EE052963D33620FE60BC1C7B7CE1A;1;3;1;2EDAAB4030E58460BA38833E90253DDF565F2DC8;6;100;I10.X;20260711;01;;;;;;19500426;2;07;150130;0.00;0.00;0.00;0.00;381.34;0.00;0.00;0.00;0.00;0.00;0.00;0.00;0.00;381.34;449.98;2026-08-17 16:01:52;140131
D68FD8035E26A00787470F838D825A533FBE6A7F;FA000B14669AFA164CA94DE1EF8D776F1539484F;01;CABEC8C38523568EA35FA05973D0885AC4364B3F;1;1;1;AA8CAFCA197222159CE289F52B263A3574CF085A;6;100;R51.X;20260711;01;;;;;;19830520;2;01;150130;0.00;0.00;0.00;0.00;381.34;0.00;0.00;0.00;0.00;0.00;0.00;0.00;0.00;381.34;449.98;2026-08-17 16:01:52;140140
D68FD8035E26A00787470F838D825A533FBE6A7F;FA000B14669AFA164CA94DE1EF8D776F1539484F;01;F2C3F5E6459C1355F2377184CE6455F9DBE30BAD;1;1;1;AE2B8BB3D5D1A55C6D2D3CC8E4177EE6FA0104E6;4;305;O47.1;20260711;01;;;;;;19870713;2;01;150130;0.00;0.00;0.00;27.00;0.00;0.00;0.00;0.00;0.00;0.00;0.00;4.05;0.00;27.00;27.08;2026-08-17 16:01:52;140124
D68FD8035E26A00787470F838D825A533FBE6A7F;FA000B14669AFA164CA94DE1EF8D776F1539484F;01;01C16C3739A1CA5237262FF4A3882A099804216D;1;1;1;7D47F6274E0735CA95501F06D95A48D2A4E54412;4;305;O42.9;20260711;01;;;;;;19980420;2;01;150130;0.00;0.00;0.00;0.00;341.23;0.00;0.00;0.00;0.00;0.00;0.00;85.31;0.00;341.23;301.99;2026-08-17 16:01:52;140140
D68FD8035E26A00787470F838D825A533FBE6A7F;FA000B14669AFA164CA94DE1EF8D776F1539484F;01;FFF79DA59AACB5A37DE27584F451EE993F6EC8F9;1;1;1;DACBDE5387B38EC55B3A1291D6C2D70BAA109CA1;4;308;O20.0;20260711;01;;;;;;19810612;2;01;150130;0.00;0.00;0.00;0.00;227.48;0.00;0.00;0.00;0.00;0.00;0.00;79.62;0.00;227.48;174.47;2026-08-17 16:01:52;240102
D68FD8035E26A00787470F838D825A533FBE6A7F;FA000B14669AFA164CA94DE1EF8D776F1539484F;01;C2AC266D5BFFE17321CB10FD10E53198923F26C4;1;1;1;8E1CCA7FAC0382BFEBE7D8FA96C8EA3AE40EABC2;4;409;C61.X;20260712;01;;;;;;19570905;1;01;150130;59.69;0.00;0.00;0.00;0.00;47.10;0.00;0.00;0.00;0.00;0.00;0.00;0.00;106.79;126.01;2026-08-17 16:01:52;140111
D68FD8035E26A00787470F838D825A533FBE6A7F;FA000B14669AFA164CA94DE1EF8D776F1539484F;01;363C5B74BA7D4F994D16B7110D676C611A9D92AA;1;1;1;DB136F37EC538FCA5379B167958ACCC2FA1D6424;6;101;M54.9;20260711;01;;;;;;20000724;1;01;150130;0.00;0.00;0.00;0.00;762.68;0.00;0.00;0.00;0.00;0.00;0.00;0.00;0.00;762.68;899.96;2026-08-17 16:01:52;140130
D68FD8035E26A00787470F838D825A533FBE6A7F;FA000B14669AFA164CA94DE1EF8D776F1539484F;01;2137FB556D4241B1669ABC2A259E72C63E9FFF10;1;1;1;01C5A799C2F3F46761BD04B19A28802BF93109F9;6;100;R10.3;20260712;01;;;;;;19620621;1;01;150130;0.00;0.00;484.76;0.00;635.56;0.00;0.00;0.00;0.00;0.00;0.00;0.00;0.00;1120.32;1321.98;2026-08-17 16:01:52;140131
D68FD8035E26A00787470F838D825A533FBE6A7F;FA000B14669AFA164CA94DE1EF8D776F1539484F;01;42FB7098D4034804A23A8C80F072B876AD8197D0;1;1;1;EF552B9EF9F95B36B139E9A28EA3F200831C9631;6;100;R10.4;20260712;01;;;;;;19801124;2;02;150130;0.00;0.00;484.76;0.00;635.56;0.00;0.00;0.00;0.00;0.00;0.00;0.00;0.00;1120.32;1321.98;2026-08-17 16:01:52;140130
D68FD8035E26A00787470F838D825A533FBE6A7F;FA000B14669AFA164CA94DE1EF8D776F1539484F;01;DB379CB7B5336F2060199A0D22495D6F1015D26A;1;3;1;22CCB62327DFCE38EFDCCF9106A5D5698244A40A;6;100;M54.5;20260712;01;;;;;;19671016;2;07;150130;0.00;0.00;0.00;0.00;381.34;0.00;0.00;0.00;0.00;0.00;0.00;0.00;0.00;381.34;449.98;2026-08-17 16:01:52;140124
D68FD8035E26A00787470F838D825A533FBE6A7F;FA000B14669AFA164CA94DE1EF8D776F1539484F;01;28A88F1659351FCE93BCCC5D27A48B61701E785E;1;1;1;A607E56557B2DF8A46C58B615028F394CA09E21C;6;100;R10.4;20260712;01;;;;;;19860412;2;01;150130;0.00;0.00;484.76;0.00;635.56;0.00;0.00;0.00;0.00;0.00;0.00;0.00;0.00;1120.32;1321.98;2026-08-17 16:01:52;100207
D68FD8035E26A00787470F838D825A533FBE6A7F;FA000B14669AFA164CA94DE1EF8D776F1539484F;01;1F50EC67D3C60FA240FFE78ADBAFA5B4BFF40ECB;1;1;1;AD478C9890588059AFE05819682D9D6637CC73BF;4;308;O03.4;20260712;01;;;;;;19921001;2;02;150130;0.00;0.00;0.00;0.00;227.48;0.00;0.00;0.00;0.00;0.00;0.00;22.75;0.00;227.48;241.58;2026-08-17 16:01:52;240105
D68FD8035E26A00787470F838D825A533FBE6A7F;FA000B14669AFA164CA94DE1EF8D776F1539484F;01;65DD1ACBB877886A72FD20A71C10BB29A065A3EA;1;1;1;BEA3C218B7CC11EDEF12C680CBF936EE40C8F57C;6;101;T00.9;20260712;01;;;;;;19480625;2;01;150130;0.00;0.00;0.00;0.00;762.68;0.00;0.00;0.00;0.00;0.00;0.00;0.00;0.00;762.68;899.96;2026-08-17 16:01:52;140130
D68FD8035E26A00787470F838D825A533FBE6A7F;FA000B14669AFA164CA94DE1EF8D776F1539484F;01;2DA8741F29FC18C03A5905AF6863F77B48B65EB0;1;1;1;DACBDE5387B38EC55B3A1291D6C2D70BAA109CA1;4;308;O02.1;20260712;01;;;;;;19810612;2;01;150130;0.00;0.00;0.00;0.00;227.48;0.00;0.00;0.00;0.00;0.00;0.00;79.62;0.00;227.48;174.47;2026-08-17 16:01:52;240102
D68FD8035E26A00787470F838D825A533FBE6A7F;FA000B14669AFA164CA94DE1EF8D776F1539484F;01;09E2BD61C425F88E8199608478E4733CDD4D384B;1;1;1;8D5A7B92D8E971878CB19EBCB564394148E9631C;4;305;O47.0;20260712;01;;;;;;19940511;2;02;150130;0.00;0.00;0.00;0.00;341.23;0.00;0.00;0.00;0.00;0.00;0.00;34.12;0.00;341.23;362.39;2026-08-17 16:01:52;140132
D68FD8035E26A00787470F838D825A533FBE6A7F;FA000B14669AFA164CA94DE1EF8D776F1539484F;01;A98258B0FE1E97D9DA745E1FB0CB5B3AAB14EC6E;1;1;1;B94F94B6187C45EF41FDD2756BD23EB9E7B9512E;4;308;O02.1;20260712;01;;;;;;19900120;2;01;150130;0.00;0.00;0.00;0.00;227.48;0.00;0.00;0.00;0.00;0.00;0.00;56.87;0.00;227.48;201.32;2026-08-17 16:01:52;140130
D68FD8035E26A00787470F838D825A533FBE6A7F;FA000B14669AFA164CA94DE1EF8D776F1539484F;01;13005EE2BBC537ABA77A59B302214E25C729F8C3;1;1;1;B599E1D1CFA8D74EA1A4121C27D410A7D2A63C45;6;100;R10.4;20260712;01;;;;;;19610224;1;01;150130;0.00;0.00;484.76;0.00;635.56;0.00;0.00;0.00;0.00;0.00;0.00;0.00;0.00;1120.32;1321.98;2026-08-17 16:01:52;140130
D68FD8035E26A00787470F838D825A533FBE6A7F;FA000B14669AFA164CA94DE1EF8D776F1539484F;01;26BA4E7A58FDC456CA93EB94D84C217618F19E3B;1;1;1;2D31AAC223308FA8E60BA0434F0CAA53563C2C7D;4;305;O47.9;20260712;01;;;;;;19910127;2;02;150130;0.00;0.00;0.00;0.00;341.23;0.00;0.00;0.00;0.00;0.00;0.00;51.18;0.00;341.23;342.26;2026-08-17 16:01:52;140142
D68FD8035E26A00787470F838D825A533FBE6A7F;FA000B14669AFA164CA94DE1EF8D776F1539484F;01;7C5EE89B7A7DF1EA28747773E67BAA9CA708520C;1;1;1;03F31901155BA1863592FFAED754587BEEE303FA;6;101;S09.9;20260713;01;;;;;;19690612;2;01;150130;0.00;0.00;0.00;0.00;1144.02;0.00;0.00;0.00;0.00;0.00;0.00;0.00;0.00;1144.02;1349.94;2026-08-17 16:01:52;140132
D68FD8035E26A00787470F838D825A533FBE6A7F;FA000B14669AFA164CA94DE1EF8D776F1539484F;01;A1FE8680512EF3E35C85A8C4F1E8342C4FB39362;1;1;1;45388D7FF2112EBF314F3FCF47F8C1BC966FBA7D;6;100;R51.X;20260713;01;;;;;;19540731;2;07;150130;0.00;0.00;0.00;0.00;381.34;0.00;0.00;0.00;0.00;0.00;0.00;0.00;0.00;381.34;449.98;2026-08-17 16:01:52;140138
D68FD8035E26A00787470F838D825A533FBE6A7F;FA000B14669AFA164CA94DE1EF8D776F1539484F;01;89D4684A7D88C9986CD1BE39915A9B2A90F120C8;1;3;1;7406F8C3A915990BB809E73FDDCCCC40913D7412;6;100;R52.0;20260713;01;;;;;;19891111;2;01;150130;0.00;0.00;0.00;0.00;381.34;0.00;0.00;0.00;0.00;0.00;0.00;0.00;0.00;381.34;449.98;2026-08-17 16:01:52;140107
D68FD8035E26A00787470F838D825A533FBE6A7F;FA000B14669AFA164CA94DE1EF8D776F1539484F;01;C70A3E4DC98213D0511A97DA7BD01C5A694A89C7;1;1;1;126A99B48895296433BB5017E4FA607BE3197162;6;100;R10.4;20260713;01;;;;;;19780526;1;01;150130;0.00;0.00;484.76;0.00;635.56;0.00;0.00;0.00;0.00;0.00;0.00;0.00;0.00;1120.32;1321.98;2026-08-17 16:01:52;140108
D68FD8035E26A00787470F838D825A533FBE6A7F;FA000B14669AFA164CA94DE1EF8D776F1539484F;01;20FC4F8A16459E3555C6A3C13C0E85B6C3487E8E;1;1;1;AA7C8C9EC951EAF4E9081EBC40D8357A66AA9B7E;4;308;O20.0;20260713;01;;;;;;19880323;2;01;150130;0.00;0.00;0.00;0.00;227.48;0.00;0.00;0.00;0.00;0.00;0.00;56.87;0.00;227.48;201.32;2026-08-17 16:01:52;130115
D68FD8035E26A00787470F838D825A533FBE6A7F;FA000B14669AFA164CA94DE1EF8D776F1539484F;01;A8FE067EB666764BBF87506D3AC68FCFD30F3EA0;1;1;1;3415252730800F0EF2FE7FFE798A2273536D3432;6;100;M54.4;20260713;01;;;;;;20000320;2;01;150130;0.00;0.00;0.00;0.00;381.34;0.00;0.00;0.00;0.00;0.00;0.00;0.00;0.00;381.34;449.98;2026-08-17 16:01:52;
D68FD8035E26A00787470F838D825A533FBE6A7F;FA000B14669AFA164CA94DE1EF8D776F1539484F;01;3DDE0DD45B27174E2CB8CA3BE7B85AFDED12F14B;1;1;1;B113E11F4BB7440548EE616A1DA2BBF23FE4F7CF;6;100;R52.9;20260713;01;;;;;;19750217;2;01;150130;0.00;0.00;0.00;0.00;381.34;0.00;0.00;0.00;0.00;0.00;0.00;0.00;0.00;381.34;449.98;2026-08-17 16:01:52;140136
D68FD8035E26A00787470F838D825A533FBE6A7F;FA000B14669AFA164CA94DE1EF8D776F1539484F;01;4C27F89C2731A3CC8F17DC2F84D0A0F8621DAA63;1;1;1;27ABC3B47C9F78413163D1C143BEEC9CE955444D;6;101;S60.2;20260713;01;;;;;;19530823;2;01;150130;0.00;0.00;0.00;0.00;381.34;0.00;0.00;0.00;0.00;0.00;0.00;0.00;0.00;381.34;449.98;2026-08-17 16:01:52;140130
D68FD8035E26A00787470F838D825A533FBE6A7F;FA000B14669AFA164CA94DE1EF8D776F1539484F;01;E1A8DC2DBB1C162FABF67C3DB178DA9989475FDE;1;1;1;69006F6B85B6BCC190929F598915DC1DE5ECEB68;6;101;S52.5;20260713;01;;;;;;19501107;1;02;150130;460.11;0.00;0.00;0.00;0.00;0.00;0.00;0.00;0.00;0.00;0.00;0.00;0.00;460.11;542.93;2026-08-17 16:01:52;140140
D68FD8035E26A00787470F838D825A533FBE6A7F;FA000B14669AFA164CA94DE1EF8D776F1539484F;01;4D48C370F5E9F510695EA18D52594D0A6B4E5959;1;1;1;31C3E6E28661C4B25881991DFFF8EE3EE13D69FE;6;100;R10.4;20260713;01;;;;;;19720826;1;02;150130;0.00;0.00;484.76;0.00;635.56;0.00;0.00;0.00;0.00;0.00;0.00;0.00;0.00;1120.32;1321.98;2026-08-17 16:01:52;040114
D68FD8035E26A00787470F838D825A533FBE6A7F;FA000B14669AFA164CA94DE1EF8D776F1539484F;01;051F391E05A1B041A8283B0D17DD659B080CE2F3;1;1;1;8DC2F724F43FC0223E00E342D182862D04A7B489;6;100;M54.4;20260713;01;;;;;;19930316;1;01;150130;0.00;0.00;0.00;0.00;381.34;0.00;0.00;0.00;0.00;0.00;0.00;0.00;0.00;381.34;449.98;2026-08-17 16:01:52;140108
D68FD8035E26A00787470F838D825A533FBE6A7F;FA000B14669AFA164CA94DE1EF8D776F1539484F;01;23F1FD1657526D2EF14FB947A9B6FE7F8A514761;1;1;1;FE3FE3BC8BF51E5066CBC2C0D546B459284FAE2B;6;100;R10.4;20260713;01;;;;;;19820727;2;02;150130;0.00;0.00;484.76;0.00;635.56;0.00;0.00;0.00;0.00;0.00;0.00;0.00;0.00;1120.32;1321.98;2026-08-17 16:01:52;140113
D68FD8035E26A00787470F838D825A533FBE6A7F;FA000B14669AFA164CA94DE1EF8D776F1539484F;01;C981EE3D4C1F0F1D4EFBFD3B45591504597C63B5;1;1;1;8AC0A6BC53F21E96D93124AC4E4F760C18A2A7FB;4;308;O20.0;20260713;01;;;;;;19920902;2;01;150130;0.00;0.00;0.00;0.00;341.23;0.00;0.00;0.00;0.00;0.00;0.00;68.25;0.00;341.23;322.12;2026-08-17 16:01:52;140132
D68FD8035E26A00787470F838D825A533FBE6A7F;FA000B14669AFA164CA94DE1EF8D776F1539484F;01;3C3A184F9735280DC8570D2C48240E0993C71C8D;1;1;1;EA844237FFD643987C261F3A48EFB3E9EE438678;6;100;R51.X;20260713;01;;;;;;19770915;2;02;150130;0.00;0.00;0.00;0.00;381.34;0.00;0.00;0.00;0.00;0.00;0.00;0.00;0.00;381.34;449.98;2026-08-17 16:01:52;140140
D68FD8035E26A00787470F838D825A533FBE6A7F;FA000B14669AFA164CA94DE1EF8D776F1539484F;01;B3B1E4685252BEABF242639E900A1F31D49A231B;1;1;1;EBB70C4F971AA20F020E5CB0D58DC043E4B81C51;6;101;S00.9;20260713;01;;;;;;20211214;1;03;150130;0.00;0.00;0.00;0.00;324.14;0.00;0.00;0.00;0.00;0.00;0.00;0.00;0.00;324.14;382.49;2026-08-17 16:01:52;140137
D68FD8035E26A00787470F838D825A533FBE6A7F;FA000B14669AFA164CA94DE1EF8D776F1539484F;01;212E801452F3CC5C0AFE56EAC8146715FC5D7C3F;1;1;1;5EE131C81826686C4A53C91EF332723DBE988EA5;4;409;C71.0;20260713;01;;;;;;19700117;1;02;150130;159.17;0.00;536.84;176.75;381.34;357.90;0.00;0.00;0.00;0.00;0.00;0.00;0.00;1612.00;1902.16;2026-08-17 16:01:52;140110
D68FD8035E26A00787470F838D825A533FBE6A7F;FA000B14669AFA164CA94DE1EF8D776F1539484F;01;8A8FCDB1E3B310745D02E16B2692437BE9339BD3;1;1;1;E7E701B8DA86EDAC44A7577B3BE393B7A0840DBF;6;100;R10.4;20260714;01;;;;;;19920915;2;01;150130;0.00;0.00;484.76;0.00;635.56;0.00;0.00;0.00;0.00;0.00;0.00;0.00;0.00;1120.32;1321.98;2026-08-17 16:01:52;140130
D68FD8035E26A00787470F838D825A533FBE6A7F;FA000B14669AFA164CA94DE1EF8D776F1539484F;01;DF900448ED246F9A8A4B5F6B88073E783B640CC5;1;1;1;DA2827E4AC258634C84916A85803FBB6F8199413;6;101;S00.9;20260713;01;;;;;;20121029;1;03;150130;0.00;0.00;0.00;0.00;381.34;0.00;0.00;0.00;0.00;0.00;0.00;0.00;0.00;381.34;449.98;2026-08-17 16:01:52;140110
D68FD8035E26A00787470F838D825A533FBE6A7F;FA000B14669AFA164CA94DE1EF8D776F1539484F;01;E31DA69493D5D57C56921E40B4943BCECD19D4AA;1;1;1;E01AB8468A75C7C7816732832F1E609428274410;6;100;M79.2;20260714;01;;;;;;19920313;1;01;150130;0.00;0.00;0.00;0.00;381.34;0.00;0.00;0.00;0.00;0.00;0.00;0.00;0.00;381.34;449.98;2026-08-17 16:01:52;140124
D68FD8035E26A00787470F838D825A533FBE6A7F;FA000B14669AFA164CA94DE1EF8D776F1539484F;01;6A2C2A670C95CC03195BBBA8E95A76783DD8CDE5;1;1;1;DD0B4FCCAB6CBE19EC5313564B3C3818B10EE2AE;6;101;S93.4;20260713;01;;;;;;19981031;1;01;150130;0.00;0.00;0.00;0.00;381.34;0.00;0.00;0.00;0.00;0.00;0.00;0.00;0.00;381.34;449.98;2026-08-17 16:01:52;140142
D68FD8035E26A00787470F838D825A533FBE6A7F;FA000B14669AFA164CA94DE1EF8D776F1539484F;01;67E35FF584EA5A4233A2D32F29AB201FDB1AE437;1;1;1;9159CDBB8DE4320812BCB7C4CE1D152D3D27ADC3;6;101;T06.8;20260714;01;;;;;;19930805;1;02;150130;0.00;0.00;0.00;0.00;762.68;0.00;0.00;0.00;0.00;0.00;0.00;0.00;0.00;762.68;899.96;2026-08-17 16:01:52;140108
D68FD8035E26A00787470F838D825A533FBE6A7F;FA000B14669AFA164CA94DE1EF8D776F1539484F;01;4CDB2E73B0CE83E863A1E301E35E32B8011AF851;1;1;1;6506FB8CD5C06DA49FFD94F1D1FE4FE6328DFC7D;4;305;O47.0;20260714;01;;;;;;20011118;2;01;150130;0.00;0.00;0.00;0.00;341.23;0.00;0.00;0.00;0.00;0.00;0.00;119.43;0.00;341.23;261.72;2026-08-17 16:01:52;140137
D68FD8035E26A00787470F838D825A533FBE6A7F;FA000B14669AFA164CA94DE1EF8D776F1539484F;01;799C94D534DAF02B68B6ECA50A922EDE9FAE710E;1;1;1;9117950A966448247A6763E4A43245333F07E70C;6;101;S69.8;20260714;01;;;;;;20061119;1;03;150130;0.00;0.00;0.00;0.00;381.34;0.00;0.00;0.00;0.00;0.00;0.00;0.00;0.00;381.34;449.98;2026-08-17 16:01:52;060101
D68FD8035E26A00787470F838D825A533FBE6A7F;FA000B14669AFA164CA94DE1EF8D776F1539484F;01;309F9BE85BFB3663CCF79A036DE2E17EC0A2A6EE;1;1;1;E9E2572118D35FD28034907E0A59E4FCE88AC5A4;6;100;N20.2;20260714;01;;;;;;19780304;1;01;150130;0.00;0.00;0.00;0.00;635.56;0.00;0.00;0.00;0.00;0.00;0.00;0.00;0.00;635.56;749.96;2026-08-17 16:01:52;140130
D68FD8035E26A00787470F838D825A533FBE6A7F;FA000B14669AFA164CA94DE1EF8D776F1539484F;01;09C166257C35FBFC61F4FC4884704EDDD0D7D19E;1;1;1;56C7E221F02BDB80377726E7F174D0894DD46E2A;6;100;R10.4;20260714;01;;;;;;19890621;2;01;150130;0.00;0.00;484.76;0.00;635.56;0.00;0.00;0.00;0.00;0.00;0.00;0.00;0.00;1120.32;1321.98;2026-08-17 16:01:52;140126
D68FD8035E26A00787470F838D825A533FBE6A7F;FA000B14669AFA164CA94DE1EF8D776F1539484F;01;54FCB93A81652117E1A0B54703B8072E55FDAE67;1;1;1;7188282A8C82F52BA6BF9AA0EC4A4FE79308928E;4;100;A09.9;20260714;01;;;;;;19840716;1;01;150130;49.74;0.00;52.08;65.02;0.00;319.36;0.00;0.00;0.00;38.14;0.00;109.12;0.00;486.20;399.95;2026-08-17 16:01:52;140134
D68FD8035E26A00787470F838D825A533FBE6A7F;FA000B14669AFA164CA94DE1EF8D776F1539484F;01;F52ECE5457872B7AF0E3F9426008524F960B8DFD;1;1;1;BC2539162A9064AE3E713B82BEA45FF7E23C534D;4;308;O20.9;20260714;01;;;;;;19831029;2;02;150130;0.00;0.00;0.00;0.00;227.48;0.00;0.00;0.00;0.00;0.00;0.00;68.24;0.00;227.48;187.90;2026-08-17 16:01:52;100101
D68FD8035E26A00787470F838D825A533FBE6A7F;FA000B14669AFA164CA94DE1EF8D776F1539484F;01;220D9D746008B768DD27D5AEBE7B8B1543C6B533;1;1;1;71A1D350B89FC6695AB4C1FA0E9D53BA17670DEC;6;100;H81.4;20260714;01;;;;;;19850417;2;02;150130;0.00;0.00;0.00;0.00;762.68;0.00;0.00;0.00;0.00;0.00;0.00;0.00;0.00;762.68;899.96;2026-08-17 16:01:52;140110
D68FD8035E26A00787470F838D825A533FBE6A7F;FA000B14669AFA164CA94DE1EF8D776F1539484F;01;2EAB01DA2EF9CDA7B34D5E7B9AF6880D4B064492;1;1;1;D1EF9C6FF65653BF26834F2588002FF9A9AC476E;6;101;S93.6;20260714;01;;;;;;19720114;2;02;150130;0.00;0.00;0.00;0.00;381.34;0.00;0.00;0.00;0.00;0.00;0.00;0.00;0.00;381.34;449.98;2026-08-17 16:01:52;140130
D68FD8035E26A00787470F838D825A533FBE6A7F;FA000B14669AFA164CA94DE1EF8D776F1539484F;01;E70D802C07E50F8199E661E691747D5D7D8243D4;1;1;1;A2B1E96AFD1283E47D81DADB228AEF72EBD0ECAA;6;101;S93.6;20260714;01;;;;;;19390907;2;02;150130;0.00;0.00;0.00;0.00;381.34;0.00;0.00;0.00;0.00;0.00;0.00;0.00;0.00;381.34;449.98;2026-08-17 16:01:52;140112
D68FD8035E26A00787470F838D825A533FBE6A7F;FA000B14669AFA164CA94DE1EF8D776F1539484F;01;F9C0B801CE1BA33CBEEFA01DC8A06B09D05070F2;1;1;1;7AF9219EAD05EE882152145CF6FC9C05CD649677;4;409;C34.9;20260714;01;;;;;;19730415;2;02;150130;223.28;0.00;52.08;482.29;552.67;425.82;0.00;0.00;0.00;0.00;0.00;0.00;0.00;1736.14;2048.65;2026-08-17 16:01:52;240101
D68FD8035E26A00787470F838D825A533FBE6A7F;FA000B14669AFA164CA94DE1EF8D776F1539484F;01;270A8F7BDE420C27A3832011A2B95691B7DC5BB0;1;1;1;8495AF7A43114B8D9A482D09A629FE6C437ACC23;6;101;S00.9;20260714;01;;;;;;19980816;2;01;150130;0.00;0.00;0.00;0.00;381.34;0.00;0.00;0.00;0.00;0.00;0.00;0.00;0.00;381.34;449.98;2026-08-17 16:01:52;100201
D68FD8035E26A00787470F838D825A533FBE6A7F;FA000B14669AFA164CA94DE1EF8D776F1539484F;01;59A169AE0D0934DF7BFFE64DC3C150515ED111B8;1;1;1;936E021940AFADC78E1FE788CBC1076258783941;6;101;S80.0;20260714;01;;;;;;20100409;1;03;150130;0.00;0.00;0.00;0.00;381.34;0.00;0.00;0.00;0.00;0.00;0.00;0.00;0.00;381.34;449.98;2026-08-17 16:01:52;140112
D68FD8035E26A00787470F838D825A533FBE6A7F;FA000B14669AFA164CA94DE1EF8D776F1539484F;01;36D2C3ABDC43CC27250CF6B3C600CD71D3038A85;1;1;1;35405284B0D0FEA151B902EE9D1CE0049AA755BE;6;100;R10.4;20260714;01;;;;;;19800120;2;01;150130;0.00;0.00;484.76;0.00;635.56;0.00;0.00;0.00;0.00;0.00;0.00;0.00;0.00;1120.32;1321.98;2026-08-17 16:01:52;140115
D68FD8035E26A00787470F838D825A533FBE6A7F;FA000B14669AFA164CA94DE1EF8D776F1539484F;01;B495A84D027FF7515132505DC4776D7A9142A48E;1;1;1;E3ED9D9C9304CAB280F692F9FA3A289F66119528;4;100;T78.4;20260714;01;;;;;;20220114;2;03;150130;49.74;0.00;0.00;0.00;0.00;65.28;0.00;0.00;0.00;38.14;0.00;16.32;0.00;115.02;71.46;2026-08-17 16:01:52;140116
D68FD8035E26A00787470F838D825A533FBE6A7F;FA000B14669AFA164CA94DE1EF8D776F1539484F;01;14A1E18E595A296F95FE25F280AD196A1012E429;1;1;1;C99C6F58B26E75E6D9F68B18851EA3EE80E7F93F;6;101;S93.4;20260714;01;;;;;;19780203;1;01;150130;0.00;0.00;0.00;0.00;381.34;0.00;0.00;0.00;0.00;0.00;0.00;0.00;0.00;381.34;449.98;2026-08-17 16:01:52;140143
D68FD8035E26A00787470F838D825A533FBE6A7F;FA000B14669AFA164CA94DE1EF8D776F1539484F;01;1543373E7455ACB8937406F86E4A9664543FFAF0;1;1;1;F6C6A153E5C771E39A9E70E1DBECC2BD915793CE;4;308;O20.9;20260714;01;;;;;;19880628;2;01;150130;0.00;0.00;0.00;0.00;227.48;0.00;0.00;0.00;0.00;0.00;0.00;34.12;0.00;227.48;228.16;2026-08-17 16:01:52;140103
D68FD8035E26A00787470F838D825A533FBE6A7F;FA000B14669AFA164CA94DE1EF8D776F1539484F;01;D7C5AC1B79C8D49C33A979FF0E78ADCEF6B6E79E;1;1;1;9F67AC4702802CBE8A10A60B6DB7FB3DC78F5076;6;101;S90.3;20260714;01;;;;;;19560703;1;01;150130;0.00;0.00;0.00;0.00;381.34;0.00;0.00;0.00;0.00;0.00;0.00;0.00;0.00;381.34;449.98;2026-08-17 16:01:52;140130
D68FD8035E26A00787470F838D825A533FBE6A7F;FA000B14669AFA164CA94DE1EF8D776F1539484F;01;A038DD9134794B348155C4BF275A0028D13FB910;1;1;1;E6141FF8F8CA66FCFAD7FAD3A245D562CD80D075;6;100;R51.X;20260714;01;;;;;;19540106;2;01;150130;0.00;0.00;0.00;0.00;381.34;0.00;0.00;0.00;0.00;0.00;0.00;0.00;0.00;381.34;449.98;2026-08-17 16:01:52;140130
D68FD8035E26A00787470F838D825A533FBE6A7F;FA000B14669AFA164CA94DE1EF8D776F1539484F;01;FAE94BC085110644E1839CFD67FEE15B71070EB5;1;1;1;B840E8FEB06AC4CA880D5BC1E46EB4FCB7AC9A41;6;101;S52.5;20260714;01;;;;;;19741215;1;02;150130;460.11;0.00;0.00;0.00;0.00;0.00;0.00;0.00;0.00;0.00;0.00;0.00;0.00;460.11;542.93;2026-08-17 16:01:52;140140
D68FD8035E26A00787470F838D825A533FBE6A7F;FA000B14669AFA164CA94DE1EF8D776F1539484F;01;20550A911D8FAC0E9CBA48BD62D6B24D1ECADB8C;1;1;1;A6A127323C22390AF08654FFA7D48FAE85B771AB;6;100;R10.4;20260715;01;;;;;;19831123;1;01;150130;0.00;0.00;484.76;0.00;635.56;0.00;0.00;0.00;0.00;0.00;0.00;0.00;0.00;1120.32;1321.98;2026-08-17 16:01:52;140103
D68FD8035E26A00787470F838D825A533FBE6A7F;FA000B14669AFA164CA94DE1EF8D776F1539484F;01;7C0E34B9C4315F30B31D6D9BDB926329AEDD11EE;1;1;1;A160E73A10D8EFBD5C6418417A6E04BA0EDF7ECE;6;100;R42.X;20260715;01;;;;;;19710226;2;01;150130;0.00;0.00;0.00;0.00;381.34;0.00;0.00;0.00;0.00;0.00;0.00;0.00;0.00;381.34;449.98;2026-08-17 16:01:52;140133
D68FD8035E26A00787470F838D825A533FBE6A7F;FA000B14669AFA164CA94DE1EF8D776F1539484F;01;8480A7C17FCAE1C993422F71613B8E0F964E4FF2;1;1;1;81978CD7DB3891F855FEC842298D3F15B476DF3F;4;305;O47.0;20260715;01;;;;;;19960123;2;01;150130;0.00;0.00;0.00;0.00;341.23;0.00;0.00;0.00;0.00;0.00;0.00;85.31;0.00;341.23;301.99;2026-08-17 16:01:52;190601
D68FD8035E26A00787470F838D825A533FBE6A7F;FA000B14669AFA164CA94DE1EF8D776F1539484F;01;9AF217D30E84C6F09D77D281AA74E4A14C4E1115;1;1;1;97460A9E8F9E3F08847F493594820E133AA71FE0;6;101;S80.0;20260715;01;;;;;;19680620;2;01;150130;450.00;0.00;0.00;0.00;381.34;0.00;0.00;0.00;0.00;0.00;0.00;0.00;0.00;831.34;980.98;2026-08-17 16:01:52;140811
D68FD8035E26A00787470F838D825A533FBE6A7F;FA000B14669AFA164CA94DE1EF8D776F1539484F;01;56FDFDA4CCAD2D6400CCAAC293AF0C39B30E35F7;1;1;1;E9F4D584EA5A12CA07849083C5A44345F20F65EF;6;100;R10.3;20260715;01;;;;;;19980703;2;01;150130;0.00;0.00;484.76;0.00;0.00;0.00;0.00;0.00;0.00;0.00;0.00;0.00;0.00;484.76;572.02;2026-08-17 16:01:52;140143
D68FD8035E26A00787470F838D825A533FBE6A7F;FA000B14669AFA164CA94DE1EF8D776F1539484F;01;A6B4F21E441D345B9302F5FB9AE0B079146C9E20;1;1;1;48133F0F5EF59CC4D7EB413063E14AA72B072331;6;100;R10.4;20260715;01;;;;;;19680222;2;01;150130;0.00;0.00;484.76;0.00;635.56;0.00;0.00;0.00;0.00;0.00;0.00;0.00;0.00;1120.32;1321.98;2026-08-17 16:01:52;140140
D68FD8035E26A00787470F838D825A533FBE6A7F;FA000B14669AFA164CA94DE1EF8D776F1539484F;01;6AA5071100027FB35C3F486B807DD79580396EC5;1;1;1;0345F8E92F49D93F97D9F6A1AE7173AE2BDB601D;6;100;R10.3;20260715;01;;;;;;20070906;1;03;150130;0.00;0.00;484.76;0.00;635.56;0.00;0.00;0.00;0.00;0.00;0.00;0.00;0.00;1120.32;1321.98;2026-08-17 16:01:52;140130
D68FD8035E26A00787470F838D825A533FBE6A7F;FA000B14669AFA164CA94DE1EF8D776F1539484F;01;37473F3C921F665AAF54B166B7820ED2D9975E14;1;1;1;8B0AD5B7AF99BB9F7C3ACF9E8BFCB43F92118CFD;6;101;T06.8;20260715;01;;;;;;19791123;2;02;150130;0.00;0.00;0.00;0.00;762.68;0.00;0.00;0.00;0.00;0.00;0.00;0.00;0.00;762.68;899.96;2026-08-17 16:01:52;140130
D68FD8035E26A00787470F838D825A533FBE6A7F;FA000B14669AFA164CA94DE1EF8D776F1539484F;01;30A0E632137113E4C062EE4E50E0A65955E77B7B;1;1;1;2141E0A9E7655A14C6028FA45DC9673F1BE47B84;6;101;S90.1;20260715;01;;;;;;19880513;2;01;150130;0.00;0.00;0.00;0.00;381.34;0.00;0.00;0.00;0.00;0.00;0.00;0.00;0.00;381.34;449.98;2026-08-17 16:01:52;140101
D68FD8035E26A00787470F838D825A533FBE6A7F;FA000B14669AFA164CA94DE1EF8D776F1539484F;01;A12E2322B874AFFF7F79A1E7053EFC0FF8B34477;1;1;1;63010C45A69E0420C8F415654829A613FA942929;6;100;R51.X;20260715;01;;;;;;19890906;1;01;150130;0.00;0.00;0.00;0.00;381.34;0.00;0.00;0.00;0.00;0.00;0.00;0.00;0.00;381.34;449.98;2026-08-17 16:01:52;120101
D68FD8035E26A00787470F838D825A533FBE6A7F;FA000B14669AFA164CA94DE1EF8D776F1539484F;01;DD027DC8A85B9F3F5C39847D7122A44161CBA7A0;1;1;1;0C9DA1BBD682C5655F33554765ADA7371646CB2E;4;308;O20.0;20260715;01;;;;;;19940801;2;01;150130;0.00;0.00;0.00;0.00;227.48;0.00;0.00;0.00;0.00;0.00;0.00;68.24;0.00;227.48;187.90;2026-08-17 16:01:52;140127
D68FD8035E26A00787470F838D825A533FBE6A7F;FA000B14669AFA164CA94DE1EF8D776F1539484F;01;D6627C9799DB6DEC6517E0C6647897EBA876BDAA;1;1;1;9E671C85C7FBB5A38496E58FA2262C42E2D851BE;6;101;S60.0;20260716;01;;;;;;19880928;1;01;150130;394.07;0.00;0.00;0.00;0.00;0.00;0.00;0.00;0.00;0.00;0.00;0.00;0.00;394.07;465.00;2026-08-17 16:01:52;240102
D68FD8035E26A00787470F838D825A533FBE6A7F;FA000B14669AFA164CA94DE1EF8D776F1539484F;01;5DD0726DA09E83ED1E5866ADB33D043EFCD88A4C;1;1;1;957B0A19E20FBE85E1691B0F4924190BE2DED514;6;101;T00.9;20260716;01;;;;;;19930623;2;01;150130;0.00;0.00;0.00;0.00;381.34;0.00;0.00;0.00;0.00;0.00;0.00;0.00;0.00;381.34;449.98;2026-08-17 16:01:52;140103
D68FD8035E26A00787470F838D825A533FBE6A7F;FA000B14669AFA164CA94DE1EF8D776F1539484F;01;16FE20F180018A77325B09D0947812A1FB725C09;1;1;1;6395614BB27316D1C75D83F2B43FC5B146A6EF67;6;100;R10.4;20260716;01;;;;;;19650315;1;01;150130;0.00;0.00;484.76;0.00;635.56;0.00;0.00;0.00;0.00;0.00;0.00;0.00;0.00;1120.32;1321.98;2026-08-17 16:01:52;100101
D68FD8035E26A00787470F838D825A533FBE6A7F;FA000B14669AFA164CA94DE1EF8D776F1539484F;01;537A9121BFDFB5FBD0CA6767C257F25157A35EED;1;1;1;71FDD4915A9768AF27BABEA19C1BC1536C9ED67F;4;100;M54.5;20260716;01;;;;;;19911102;1;01;150130;49.74;0.00;0.00;0.00;0.00;23.26;0.00;0.00;0.00;38.14;0.00;5.80;0.00;73.00;34.29;2026-08-17 16:01:52;140136
D68FD8035E26A00787470F838D825A533FBE6A7F;FA000B14669AFA164CA94DE1EF8D776F1539484F;01;F02ADD24CA710C6744C4F6508070B5BB82DAC89A;1;1;1;ECE43A7B078704CB77C8A42AB94E5322FAB9614F;4;100;R10.4;20260716;01;;;;;;19851007;2;01;150130;0.00;0.00;0.00;0.00;870.77;0.00;0.00;0.00;0.00;0.00;0.00;217.69;0.00;870.77;770.63;2026-08-17 16:01:52;140125
D68FD8035E26A00787470F838D825A533FBE6A7F;FA000B14669AFA164CA94DE1EF8D776F1539484F;01;A8D4A8D1CF0198896D7C3029AE5E4C95571D3641;1;1;1;F08BE319F11061901717B204B530AC3B589600C5;4;305;O47.0;20260716;01;;;;;;19940118;2;02;150130;0.00;0.00;0.00;0.00;341.23;0.00;0.00;0.00;0.00;0.00;0.00;119.43;0.00;341.23;261.72;2026-08-17 16:01:52;140115
D68FD8035E26A00787470F838D825A533FBE6A7F;FA000B14669AFA164CA94DE1EF8D776F1539484F;01;6AFD2BE09249588B80C78B2CD701F0D772B5D75D;1;1;1;50EBCCBDC0AF6C6EC49CD2C5EC83145E901F3404;6;101;S00.1;20260716;01;;;;;;19770320;1;01;150130;0.00;0.00;0.00;0.00;381.34;0.00;0.00;0.00;0.00;0.00;0.00;0.00;0.00;381.34;449.98;2026-08-17 16:01:52;140110
D68FD8035E26A00787470F838D825A533FBE6A7F;FA000B14669AFA164CA94DE1EF8D776F1539484F;01;06560CA217D5993B4C12A73E1AD2341383B4A972;1;1;1;3A08A4472F51916A1130CBDE573ED43A8E8971F4;6;101;S06.9;20260716;01;;;;;;20100930;1;03;150130;0.00;0.00;0.00;0.00;381.34;0.00;0.00;0.00;0.00;0.00;0.00;0.00;0.00;381.34;449.98;2026-08-17 16:01:52;140109
D68FD8035E26A00787470F838D825A533FBE6A7F;FA000B14669AFA164CA94DE1EF8D776F1539484F;01;82FB1D1CE0CF8C41CA4AB00E5DDA0D03196ADEB2;1;1;1;7C1E5BF8E61E0DA4CE69C91260E1D56B304C6CE4;4;305;O47.0;20260716;01;;;;;;19920828;2;01;150130;0.00;0.00;0.00;0.00;341.23;0.00;0.00;0.00;0.00;0.00;0.00;0.00;0.00;341.23;402.65;2026-08-17 16:01:52;240106
D68FD8035E26A00787470F838D825A533FBE6A7F;FA000B14669AFA164CA94DE1EF8D776F1539484F;01;B53A30084EE76AB845A80F087A1D5CBC090CF735;1;1;1;6D513FAB6725033E7B72A2826DEDA1F0B79E11DC;6;100;J96.9;20260716;01;;;;;;19880413;2;02;150130;0.00;0.00;0.00;0.00;934.01;0.00;0.00;0.00;0.00;0.00;0.00;0.00;0.00;934.01;1102.13;2026-08-17 16:01:52;140127
D68FD8035E26A00787470F838D825A533FBE6A7F;FA000B14669AFA164CA94DE1EF8D776F1539484F;01;9247F541ACD08D8974BBD6C094F08B1F65F56536;1;1;1;50B1F93E488EB6A3C32AE4EF851B19FC57F471F5;4;308;O02.1;20260716;01;;;;;;19840306;2;01;150130;0.00;0.00;0.00;0.00;227.48;0.00;0.00;0.00;0.00;0.00;0.00;22.75;0.00;227.48;241.58;2026-08-17 16:01:52;140133
D68FD8035E26A00787470F838D825A533FBE6A7F;FA000B14669AFA164CA94DE1EF8D776F1539484F;01;E118C615A6EB5176F0378283496CEB9FC8F7FD9E;1;1;1;402CC5EBBACF9BB9FA048EEF2062F604EC8A4A15;4;409;C20.X;20260717;06;;;;;;19750125;1;01;150130;0.00;0.00;0.00;0.00;0.00;0.00;0.00;1138.88;0.00;0.00;0.00;0.00;0.00;1138.88;1138.88;2026-08-17 16:01:52;140142
D68FD8035E26A00787470F838D825A533FBE6A7F;FA000B14669AFA164CA94DE1EF8D776F1539484F;01;4624A682DE5A7DE86EC1EA683E25919555BEC45C;1;1;1;9F51DB71AA10A9180EB6D622E1FF2A340F993CDB;4;409;C18.9;20260711;01;;;;;;19541123;1;01;150130;46.43;0.00;36.48;0.00;0.00;80.90;0.00;0.00;0.00;0.00;0.00;0.00;0.00;163.81;193.30;2026-08-17 16:01:52;240101
D68FD8035E26A00787470F838D825A533FBE6A7F;FA000B14669AFA164CA94DE1EF8D776F1539484F;01;68E991D7B9D42A7840C1CDEBA42237182079F6C3;1;3;1;43B91877F11262806E47EE5F3A68F2D72EBE86F5;4;409;C50.9;20260714;06;;;;;;19590716;2;01;150130;0.00;0.00;0.00;0.00;0.00;0.00;0.00;486.86;0.00;0.00;0.00;0.00;0.00;486.86;486.86;2026-08-17 16:01:52;140117
D68FD8035E26A00787470F838D825A533FBE6A7F;FA000B14669AFA164CA94DE1EF8D776F1539484F;01;93EAC041FAC43D81E700C228EB38D540EDA81949;1;3;1;43B91877F11262806E47EE5F3A68F2D72EBE86F5;4;409;C50.9;20260714;06;;;;;;19590716;2;01;150130;159.17;0.00;121.58;0.00;0.00;840.23;0.00;0.00;0.00;0.00;0.00;0.00;0.00;1120.98;1322.76;2026-08-17 16:01:52;140117
D68FD8035E26A00787470F838D825A533FBE6A7F;FA000B14669AFA164CA94DE1EF8D776F1539484F;01;C0861544A4C8BEF7E9FF25BFE3F9E94BB9F05D3C;1;1;1;402CC5EBBACF9BB9FA048EEF2062F604EC8A4A15;4;409;C20.X;20260717;06;;;;;;19750125;1;01;150130;159.17;0.00;121.58;0.00;0.00;334.48;0.00;0.00;0.00;0.00;0.00;0.00;0.00;615.23;725.97;2026-08-17 16:01:52;140142
D68FD8035E26A00787470F838D825A533FBE6A7F;FA000B14669AFA164CA94DE1EF8D776F1539484F;01;4918D84CBC46C9888C8C5BD8744D89DC54301772;1;1;1;1437F99B031444E8E51B3519C82CBF2B8BE8019C;4;409;C90.0;20260717;06;;;;;;19650331;1;01;150130;0.00;0.00;0.00;0.00;0.00;0.00;0.00;237.00;0.00;0.00;0.00;0.00;0.00;237.00;237.00;2026-08-17 16:01:52;140110
D68FD8035E26A00787470F838D825A533FBE6A7F;FA000B14669AFA164CA94DE1EF8D776F1539484F;01;E4477F5F78E8530B4AAC8CE844C7DF7D0DE979CC;1;1;1;881CDE35B56240024DDEFB24EB7C9521496C9B74;4;409;C16.9;20260717;06;;;;;;19600516;1;01;150130;0.00;0.00;0.00;0.00;0.00;0.00;0.00;498.72;0.00;0.00;0.00;0.00;0.00;498.72;498.72;2026-08-17 16:01:52;140130
D68FD8035E26A00787470F838D825A533FBE6A7F;FA000B14669AFA164CA94DE1EF8D776F1539484F;01;F0A7507FFA16482384EADED6D4B5F8E3BF7700B5;1;1;1;881CDE35B56240024DDEFB24EB7C9521496C9B74;4;409;C16.9;20260717;06;;;;;;19600516;1;01;150130;159.17;0.00;121.58;0.00;0.00;406.45;0.00;0.00;0.00;0.00;0.00;0.00;0.00;687.20;810.90;2026-08-17 16:01:52;140130
D68FD8035E26A00787470F838D825A533FBE6A7F;FA000B14669AFA164CA94DE1EF8D776F1539484F;01;7F2BC6C007173EABABE1A16DAB9715F6EC595138;1;1;1;1437F99B031444E8E51B3519C82CBF2B8BE8019C;4;409;C90.0;20260717;06;;;;;;19650331;1;01;150130;159.17;0.00;97.27;0.00;0.00;18575.32;0.00;0.00;0.00;0.00;0.00;0.00;0.00;18831.76;22221.48;2026-08-17 16:01:52;140110
D68FD8035E26A00787470F838D825A533FBE6A7F;FA000B14669AFA164CA94DE1EF8D776F1539484F;01;67E777644C084986010E46940767C7119C29B711;1;1;1;851048FB57E1AFFC9C4E66A7B390DA39FD425630;4;409;C50.9;20260715;01;;;;;;19861028;2;02;150130;46.43;0.00;36.48;0.00;0.00;80.90;0.00;0.00;0.00;0.00;0.00;0.00;0.00;163.81;193.30;2026-08-17 16:01:52;040101
D68FD8035E26A00787470F838D825A533FBE6A7F;FA000B14669AFA164CA94DE1EF8D776F1539484F;01;B38A496DC164D8D29B9CCDA6F48129E77A8245E7;1;1;1;D672F94B29F64BCBC036506B65744520575E354F;4;409;C16.9;20260718;06;;;;;;19720212;1;01;150130;0.00;0.00;0.00;0.00;0.00;0.00;0.00;281.06;0.00;0.00;0.00;0.00;0.00;281.06;281.06;2026-08-17 16:01:52;140141
D68FD8035E26A00787470F838D825A533FBE6A7F;FA000B14669AFA164CA94DE1EF8D776F1539484F;01;E2DCEB2F76675264B6C92D54BDD2E4CCF813056D;1;1;1;D672F94B29F64BCBC036506B65744520575E354F;4;409;C16.9;20260718;06;;;;;;19720212;1;01;150130;159.17;0.00;121.58;0.00;0.00;489.76;0.00;0.00;0.00;0.00;0.00;0.00;0.00;770.51;909.20;2026-08-17 16:01:52;140141
D68FD8035E26A00787470F838D825A533FBE6A7F;FA000B14669AFA164CA94DE1EF8D776F1539484F;01;D11EB80D83BA3771353C91CED96DE09C850D7F48;1;1;1;D74CEA243693F979DA5EA8590DA41749A77184D6;4;409;C50.9;20260718;06;;;;;;19750503;2;01;150130;0.00;0.00;0.00;0.00;0.00;0.00;0.00;8660.35;0.00;0.00;0.00;0.00;0.00;8660.35;8660.35;2026-08-17 16:01:52;140130
D68FD8035E26A00787470F838D825A533FBE6A7F;FA000B14669AFA164CA94DE1EF8D776F1539484F;01;EEC5E062F3FA98AB07A737EBCFEC07569B1A7131;1;1;1;D74CEA243693F979DA5EA8590DA41749A77184D6;4;409;C50.9;20260718;06;;;;;;19750503;2;01;150130;159.17;0.00;121.58;0.00;0.00;223.18;0.00;0.00;0.00;0.00;0.00;0.00;0.00;503.93;594.64;2026-08-17 16:01:52;140130
D68FD8035E26A00787470F838D825A533FBE6A7F;FA000B14669AFA164CA94DE1EF8D776F1539484F;01;97F80C9FB7C8CEB465308240DB8F7E3DE4960559;1;3;1;7C57800F843212538ABB1708EA376D0AD46BCD9E;4;409;C90.0;20260718;06;;;;;;19561017;1;02;150130;0.00;0.00;0.00;0.00;0.00;0.00;0.00;237.00;0.00;0.00;0.00;0.00;0.00;237.00;237.00;2026-08-17 16:01:52;140130
D68FD8035E26A00787470F838D825A533FBE6A7F;FA000B14669AFA164CA94DE1EF8D776F1539484F;01;0C7175402746E4C69BF003F1E4CB8208FED74389;1;3;1;7C57800F843212538ABB1708EA376D0AD46BCD9E;4;409;C90.0;20260718;06;;;;;;19561017;1;02;150130;159.17;0.00;97.27;0.00;0.00;13.73;0.00;0.00;0.00;0.00;0.00;0.00;0.00;270.17;318.80;2026-08-17 16:01:52;140130
D68FD8035E26A00787470F838D825A533FBE6A7F;FA000B14669AFA164CA94DE1EF8D776F1539484F;01;A5068D6BF9299A4BC4FA5E78F29A77CDE663872E;1;1;1;79370149F4E9D6213EB3AAC6CB2233AC38756552;4;409;C50.1;20260718;01;;;;;;19850520;2;01;150130;46.43;0.00;36.48;0.00;0.00;84.12;0.00;0.00;0.00;0.00;0.00;0.00;0.00;167.03;197.10;2026-08-17 16:01:52;140130
D68FD8035E26A00787470F838D825A533FBE6A7F;FA000B14669AFA164CA94DE1EF8D776F1539484F;01;A5FE3875DA2F6B0F7ECCC19E8B17D943DD0B2F45;1;1;1;A0FEEE698C29042A3C0B2C74E1BA40D69A234BD0;4;409;C50.9;20260718;06;;;;;;19860919;2;01;150130;159.17;0.00;121.58;0.00;0.00;451.34;0.00;0.00;0.00;0.00;0.00;0.00;0.00;732.09;863.87;2026-08-17 16:01:52;140115
D68FD8035E26A00787470F838D825A533FBE6A7F;FA000B14669AFA164CA94DE1EF8D776F1539484F;01;801238F92AE222ED4B2299D7FADCA4854A734563;1;1;1;C30C27E4D4D98856CF76EBD13A071045FF35492A;4;409;C85.9;20260718;01;;;;;;19820510;1;01;150130;46.43;0.00;36.48;0.00;0.00;84.12;0.00;0.00;0.00;0.00;0.00;0.00;0.00;167.03;197.10;2026-08-17 16:01:52;140140
D68FD8035E26A00787470F838D825A533FBE6A7F;FA000B14669AFA164CA94DE1EF8D776F1539484F;01;F7B4F59A45353B356FFA260ECAD4F518A16870AC;1;1;1;8378763707748193E34506F97D4F665499967DC6;9;058;Z01.4;20260529;01;;;;;;19910913;2;01;150130;0.00;0.00;0.00;0.00;126.16;0.00;0.00;0.00;0.00;0.00;0.00;0.00;0.00;126.16;148.87;2026-08-17 16:01:53;140106
D68FD8035E26A00787470F838D825A533FBE6A7F;FA000B14669AFA164CA94DE1EF8D776F1539484F;01;9BC5DC0B0C5DB4CC0CCF9F257BB0A5DDE5BC42E7;1;1;1;5271F13CD3C47A2CAED4596320C6A635E5A25540;9;058;Z01.4;20260511;01;;;;;;19900601;2;01;150130;0.00;0.00;0.00;0.00;126.16;0.00;0.00;0.00;0.00;0.00;0.00;0.00;0.00;126.16;148.87;2026-08-17 16:01:53;140115
D68FD8035E26A00787470F838D825A533FBE6A7F;FA000B14669AFA164CA94DE1EF8D776F1539484F;01;C4559A3C5F7483A3395C441565BE15339ECF0554;1;1;1;C2E456BF30899D6512B620E211E5A57B4E894381;9;058;Z01.4;20260529;01;;;;;;19720116;2;01;150130;0.00;0.00;0.00;0.00;126.16;0.00;0.00;0.00;0.00;0.00;0.00;0.00;0.00;126.16;148.87;2026-08-17 16:01:53;140130
D68FD8035E26A00787470F838D825A533FBE6A7F;FA000B14669AFA164CA94DE1EF8D776F1539484F;01;4183470ADC7D1755A61B73C4DE439C22E0B7D87D;1;1;1;722B803EF5ED5B175AF3135AF060727C03CBA819;9;058;Z01.4;20260515;01;;;;;;19770907;2;01;150130;0.00;0.00;0.00;0.00;126.16;0.00;0.00;0.00;0.00;0.00;0.00;0.00;0.00;126.16;148.87;2026-08-17 16:01:53;140133
D68FD8035E26A00787470F838D825A533FBE6A7F;FA000B14669AFA164CA94DE1EF8D776F1539484F;01;3474A0CBF2B33E65007059C8ADFE50422595838F;1;1;1;92D9ED50B520AF3145116CAEBD3DEB6234381DCB;9;058;Z01.4;20260528;01;;;;;;19780607;2;01;150130;0.00;0.00;0.00;0.00;126.16;0.00;0.00;0.00;0.00;0.00;0.00;0.00;0.00;126.16;148.87;2026-08-17 16:01:53;140115
D68FD8035E26A00787470F838D825A533FBE6A7F;FA000B14669AFA164CA94DE1EF8D776F1539484F;01;D50EB8B6C92CD4220B04346F47D6E43BA5DDE065;1;1;1;E9A80FDB4F46440CE3293975BEA57FFAEA42B6F1;9;058;Z01.4;20260530;01;;;;;;20010908;2;01;150130;0.00;0.00;0.00;0.00;126.16;0.00;0.00;0.00;0.00;0.00;0.00;0.00;0.00;126.16;148.87;2026-08-17 16:01:53;140140
D68FD8035E26A00787470F838D825A533FBE6A7F;FA000B14669AFA164CA94DE1EF8D776F1539484F;01;110C70230495FA5C7F91097FA6A709E4D5E2FEF0;1;1;1;87B5D339228556622E9E0B70D1A4D310C144E044;9;058;Z01.4;20260528;01;;;;;;19680427;2;02;150130;0.00;0.00;0.00;0.00;126.16;0.00;0.00;0.00;0.00;0.00;0.00;0.00;0.00;126.16;148.87;2026-08-17 16:01:53;140115
D68FD8035E26A00787470F838D825A533FBE6A7F;FA000B14669AFA164CA94DE1EF8D776F1539484F;01;FBD171178BFE675B435AE9E3E47D56874CE7D542;1;1;1;1038D70E8F14744DDD77297D072B9277E8FBDFE6;9;058;Z01.4;20260529;01;;;;;;19960201;2;01;150130;0.00;0.00;0.00;0.00;126.16;0.00;0.00;0.00;0.00;0.00;0.00;0.00;0.00;126.16;148.87;2026-08-17 16:01:53;140140
D68FD8035E26A00787470F838D825A533FBE6A7F;FA000B14669AFA164CA94DE1EF8D776F1539484F;01;BFB98E0B42284A732EE5B50FA1EC3A1123DF9A7A;1;1;1;83C1D75FC29080306F0F690D1853D6AB0B5F6476;9;058;Z01.4;20260527;01;;;;;;19940116;2;01;150130;0.00;0.00;0.00;0.00;126.16;0.00;0.00;0.00;0.00;0.00;0.00;0.00;0.00;126.16;148.87;2026-08-17 16:01:53;140103
D68FD8035E26A00787470F838D825A533FBE6A7F;FA000B14669AFA164CA94DE1EF8D776F1539484F;01;11A114F77F50BB0646F9848BBD30E35610156DEE;1;1;1;6771BED83D760D802436242C23A2E9714E36902B;9;058;Z01.4;20260529;01;;;;;;19640404;2;01;150130;0.00;0.00;0.00;0.00;126.16;0.00;0.00;0.00;0.00;0.00;0.00;0.00;0.00;126.16;148.87;2026-08-17 16:01:53;140125
D68FD8035E26A00787470F838D825A533FBE6A7F;FA000B14669AFA164CA94DE1EF8D776F1539484F;01;45775F72041AD05A7FC781D51B07A81584A09523;1;1;1;CE94BEA1DFAE1466A6574B701EA9F4FB403EEC6A;9;058;Z01.4;20260529;01;;;;;;19750309;2;01;150130;0.00;0.00;0.00;0.00;126.16;0.00;0.00;0.00;0.00;0.00;0.00;0.00;0.00;126.16;148.87;2026-08-17 16:01:53;140137
D68FD8035E26A00787470F838D825A533FBE6A7F;FA000B14669AFA164CA94DE1EF8D776F1539484F;01;32BD031A01A08518E280DC9C319A23E676659F85;1;1;1;A4E7BD24750FEDDC49390471680CCA7CBE10CEAF;9;058;Z01.4;20260529;01;;;;;;19780622;2;02;150130;0.00;0.00;0.00;0.00;126.16;0.00;0.00;0.00;0.00;0.00;0.00;0.00;0.00;126.16;148.87;2026-08-17 16:01:53;070108
D68FD8035E26A00787470F838D825A533FBE6A7F;FA000B14669AFA164CA94DE1EF8D776F1539484F;01;DD46EE77C9869AB33DE0A1308C0C5D73FA5E89A3;1;1;1;FE67A037C0768959F9C3B6742B4F404AB66EFC83;9;058;Z01.4;20260527;01;;;;;;19900201;2;01;150130;0.00;0.00;0.00;0.00;126.16;0.00;0.00;0.00;0.00;0.00;0.00;0.00;0.00;126.16;148.87;2026-08-17 16:01:53;140137
D68FD8035E26A00787470F838D825A533FBE6A7F;FA000B14669AFA164CA94DE1EF8D776F1539484F;01;71B7798712EB9845BE35C51EB5CDA6EF5605495B;1;1;1;CFD1D43A230E66D452E5D400968B77CB0DD6E891;9;058;Z01.4;20260529;01;;;;;;19750715;2;02;150130;0.00;0.00;0.00;0.00;126.16;0.00;0.00;0.00;0.00;0.00;0.00;0.00;0.00;126.16;148.87;2026-08-17 16:01:53;140108
D68FD8035E26A00787470F838D825A533FBE6A7F;FA000B14669AFA164CA94DE1EF8D776F1539484F;01;B28E508824BEE14918A4AAE24E21A81B3B83743F;1;1;1;C97B9AD42A5CB8C08125964B3A9203F864FE0708;9;058;Z01.4;20260528;01;;;;;;20001119;2;03;150130;0.00;0.00;0.00;0.00;126.16;0.00;0.00;0.00;0.00;0.00;0.00;0.00;0.00;126.16;148.87;2026-08-17 16:01:53;140130
D68FD8035E26A00787470F838D825A533FBE6A7F;FA000B14669AFA164CA94DE1EF8D776F1539484F;01;3CD0E6DD1BFBEE2B0A46A08E18D40FB3EB08F6E2;1;1;1;0AD7B68BE59DDE32A555ED7679C1408C81EA49C1;9;058;Z01.4;20260528;01;;;;;;19820817;2;01;150130;0.00;0.00;0.00;0.00;126.16;0.00;0.00;0.00;0.00;0.00;0.00;0.00;0.00;126.16;148.87;2026-08-17 16:01:53;140115
D68FD8035E26A00787470F838D825A533FBE6A7F;FA000B14669AFA164CA94DE1EF8D776F1539484F;01;133EC0C36C5DA2F202849D16EE7FFB2294F85848;1;1;1;A2BA326096296900EC9524141656AEF7FA1F61FB;9;058;Z01.4;20260528;01;;;;;;19860410;2;02;150130;0.00;0.00;0.00;0.00;126.16;0.00;0.00;0.00;0.00;0.00;0.00;0.00;0.00;126.16;148.87;2026-08-17 16:01:53;140137
D68FD8035E26A00787470F838D825A533FBE6A7F;FA000B14669AFA164CA94DE1EF8D776F1539484F;01;E77BFFB801BCC615431D0592763C36E48CA8235C;1;1;1;4D3E27E2C677BDE0599186B8947CFBED5E8E2516;9;058;Z01.4;20260528;01;;;;;;19750521;2;01;150130;0.00;0.00;0.00;0.00;126.16;0.00;0.00;0.00;0.00;0.00;0.00;0.00;0.00;126.16;148.87;2026-08-17 16:01:53;140140
D68FD8035E26A00787470F838D825A533FBE6A7F;FA000B14669AFA164CA94DE1EF8D776F1539484F;01;22E33CC140E441F080A678EEBEDE283F5EF0DFC4;1;1;2;D5D6DA92F3D8954BD425A5B03610F9741CBA58FE;9;058;Z01.4;20260519;01;;;;;;20010406;2;01;150130;0.00;0.00;0.00;0.00;126.16;0.00;0.00;0.00;0.00;0.00;0.00;0.00;0.00;126.16;148.87;2026-08-17 16:01:53;
D68FD8035E26A00787470F838D825A533FBE6A7F;FA000B14669AFA164CA94DE1EF8D776F1539484F;01;DB7CD9164369DE4E77793367BC1652200D0033F1;1;1;1;22CF541ECDCFF3A49A8F0DBB51FCC652FC637451;9;058;Z01.4;20260515;01;;;;;;19641004;2;01;150130;0.00;0.00;0.00;0.00;126.16;0.00;0.00;0.00;0.00;0.00;0.00;0.00;0.00;126.16;148.87;2026-08-17 16:01:53;140124
D68FD8035E26A00787470F838D825A533FBE6A7F;FA000B14669AFA164CA94DE1EF8D776F1539484F;01;F1405D3D8A3CFEBF9564ED3D91C4B8D6D3B22840;1;1;1;A76DB5376223FEE59EC1A693F2DECACB2C482F6E;9;058;Z01.4;20260530;01;;;;;;19811206;2;01;150130;0.00;0.00;0.00;0.00;126.16;0.00;0.00;0.00;0.00;0.00;0.00;0.00;0.00;126.16;148.87;2026-08-17 16:01:53;140136
D68FD8035E26A00787470F838D825A533FBE6A7F;FA000B14669AFA164CA94DE1EF8D776F1539484F;01;4498D4020DE0ECCE6152A122CB4FAADB57AC9713;1;3;1;DE8F6C0122670A4763BF303E740C0E8EDF9746A7;9;058;Z01.4;20260528;01;;;;;;20010921;2;03;150130;0.00;0.00;0.00;0.00;126.16;0.00;0.00;0.00;0.00;0.00;0.00;0.00;0.00;126.16;148.87;2026-08-17 16:01:53;140114
D68FD8035E26A00787470F838D825A533FBE6A7F;FA000B14669AFA164CA94DE1EF8D776F1539484F;01;A0F4D1EA491DE9A0BCB48001844FFA584B63334E;1;1;1;F4405DB2E237772A7589E1C256730E3597124EFB;9;058;Z01.4;20260528;01;;;;;;19910331;2;01;150130;0.00;0.00;0.00;0.00;126.16;0.00;0.00;0.00;0.00;0.00;0.00;0.00;0.00;126.16;148.87;2026-08-17 16:01:53;140103
D68FD8035E26A00787470F838D825A533FBE6A7F;FA000B14669AFA164CA94DE1EF8D776F1539484F;01;F282341C6530832EBA6DD2099D304AE3ECB76C3A;1;1;1;CD5D1E8BD79985990B29B778717B508227E29FC9;9;058;Z01.4;20260527;01;;;;;;19820817;2;01;150130;0.00;0.00;0.00;0.00;126.16;0.00;0.00;0.00;0.00;0.00;0.00;0.00;0.00;126.16;148.87;2026-08-17 16:01:53;140119
D68FD8035E26A00787470F838D825A533FBE6A7F;FA000B14669AFA164CA94DE1EF8D776F1539484F;01;88F46DADA884C9D7A157C3ACFC73FB088098A905;1;1;1;F5F3FEA74B28B44A6505F29BBFDA2AEBCAD4B1E5;9;058;Z01.4;20260528;01;;;;;;19771127;2;01;150130;0.00;0.00;0.00;0.00;126.16;0.00;0.00;0.00;0.00;0.00;0.00;0.00;0.00;126.16;148.87;2026-08-17 16:01:53;140124
D68FD8035E26A00787470F838D825A533FBE6A7F;FA000B14669AFA164CA94DE1EF8D776F1539484F;01;AAEFCEAA6967DE75BC6762FA7E2E0BADEB68B701;1;1;1;047CFCFEA938F01589E9AF2AB4880053A08E3098;9;058;Z01.4;20260530;01;;;;;;19780818;2;02;150130;0.00;0.00;0.00;0.00;126.16;0.00;0.00;0.00;0.00;0.00;0.00;0.00;0.00;126.16;148.87;2026-08-17 16:01:53;140141
D68FD8035E26A00787470F838D825A533FBE6A7F;FA000B14669AFA164CA94DE1EF8D776F1539484F;01;FD46170BFEE684112F6A25B96B42165C8D7A073B;1;1;1;E2C7307A068A02B94789CFA1E0285D2AC6D35A38;9;058;Z01.4;20260523;01;;;;;;19860414;2;01;150130;0.00;0.00;0.00;0.00;126.16;0.00;0.00;0.00;0.00;0.00;0.00;0.00;0.00;126.16;148.87;2026-08-17 16:01:53;140136
D68FD8035E26A00787470F838D825A533FBE6A7F;FA000B14669AFA164CA94DE1EF8D776F1539484F;01;F150653EEAE851DE000A4391789CBEE3DEEB1148;1;1;1;671113279B206C640CE67761556382C89728C828;9;058;Z01.4;20260529;01;;;;;;19700702;2;02;150130;0.00;0.00;0.00;0.00;126.16;0.00;0.00;0.00;0.00;0.00;0.00;0.00;0.00;126.16;148.87;2026-08-17 16:01:53;140140
D68FD8035E26A00787470F838D825A533FBE6A7F;FA000B14669AFA164CA94DE1EF8D776F1539484F;01;A939652AD028322D0604CAD360CBA54AB3AB06B7;1;1;1;5E19D9A1C9F5C0A12C090AA68D914F5863F4235A;9;058;Z01.4;20260528;01;;;;;;19970620;2;01;150130;0.00;0.00;0.00;0.00;126.16;0.00;0.00;0.00;0.00;0.00;0.00;0.00;0.00;126.16;148.87;2026-08-17 16:01:53;140110
D68FD8035E26A00787470F838D825A533FBE6A7F;FA000B14669AFA164CA94DE1EF8D776F1539484F;01;B7EDF9091433367C4CC1B4D615A0A055A5292EF4;1;1;1;8C08F369F6BBFBA8C2463D46B52929C1EF126721;9;058;Z01.4;20260529;01;;;;;;19930220;2;01;150130;0.00;0.00;0.00;0.00;126.16;0.00;0.00;0.00;0.00;0.00;0.00;0.00;0.00;126.16;148.87;2026-08-17 16:01:53;140109
D68FD8035E26A00787470F838D825A533FBE6A7F;FA000B14669AFA164CA94DE1EF8D776F1539484F;01;196702E0A684C1747D88AF131380163C2A9531AE;1;1;1;43234187C3A41CD40578920FF15DD4B779578B42;9;058;Z01.4;20260530;01;;;;;;19660205;2;02;150130;0.00;0.00;0.00;0.00;126.16;0.00;0.00;0.00;0.00;0.00;0.00;0.00;0.00;126.16;148.87;2026-08-17 16:01:53;140141
D68FD8035E26A00787470F838D825A533FBE6A7F;FA000B14669AFA164CA94DE1EF8D776F1539484F;01;6088C3A98ED47B9099A1984055966BD8A337EEEA;1;1;1;48CB600D268E2753CF94A5CB321778946FAF0809;9;058;Z01.4;20260530;01;;;;;;19731126;2;01;150130;0.00;0.00;0.00;0.00;126.16;0.00;0.00;0.00;0.00;0.00;0.00;0.00;0.00;126.16;148.87;2026-08-17 16:01:53;140138
D68FD8035E26A00787470F838D825A533FBE6A7F;FA000B14669AFA164CA94DE1EF8D776F1539484F;01;BCAAEE54DEF284DCDABA9C53D008FF23DCE6F272;1;1;1;A08ACE79C087C08CAC1BB84D03C15242BD6CA96A;9;058;Z01.4;20260528;01;;;;;;19810603;2;01;150130;0.00;0.00;0.00;0.00;126.16;0.00;0.00;0.00;0.00;0.00;0.00;0.00;0.00;126.16;148.87;2026-08-17 16:01:53;140136
D68FD8035E26A00787470F838D825A533FBE6A7F;FA000B14669AFA164CA94DE1EF8D776F1539484F;01;AAD67B9F9FA634773BAC4FBA0FB6B6AA7AE0E555;1;1;1;BDF954C9600B189C52D2544C19BA65B64BFE160A;9;058;Z01.4;20260529;01;;;;;;19660723;2;01;150130;0.00;0.00;0.00;0.00;126.16;0.00;0.00;0.00;0.00;0.00;0.00;0.00;0.00;126.16;148.87;2026-08-17 16:01:53;140110
D68FD8035E26A00787470F838D825A533FBE6A7F;FA000B14669AFA164CA94DE1EF8D776F1539484F;01;70F9BE7D8ED32A43A2686B8E305B9BC605D204F7;1;1;1;6E0B9FEAD50EF8F0A65F6E5C2BAC78A1079DF7BB;9;058;Z01.4;20260519;01;;;;;;19880416;2;01;150130;0.00;0.00;0.00;0.00;126.16;0.00;0.00;0.00;0.00;0.00;0.00;0.00;0.00;126.16;148.87;2026-08-17 16:01:53;140130
D68FD8035E26A00787470F838D825A533FBE6A7F;FA000B14669AFA164CA94DE1EF8D776F1539484F;01;D8C83E732752C4407BA2CFBE00635C9ED97D17BD;1;1;1;68F8BA7BA70E0FDC2D4DAB6FA8303C470DDA51B1;9;058;Z01.4;20260530;01;;;;;;19870311;2;01;150130;0.00;0.00;0.00;0.00;126.16;0.00;0.00;0.00;0.00;0.00;0.00;0.00;0.00;126.16;148.87;2026-08-17 16:01:53;040123
D68FD8035E26A00787470F838D825A533FBE6A7F;FA000B14669AFA164CA94DE1EF8D776F1539484F;01;9B3E4F17447E1AD0A6CD1EAC8949E1F4F00C7911;1;1;1;DAB0489062A4DF6A6B24E1C04C732715681D47BF;9;058;Z01.4;20260528;01;;;;;;19920115;2;01;150130;0.00;0.00;0.00;0.00;126.16;0.00;0.00;0.00;0.00;0.00;0.00;0.00;0.00;126.16;148.87;2026-08-17 16:01:53;240101
D68FD8035E26A00787470F838D825A533FBE6A7F;FA000B14669AFA164CA94DE1EF8D776F1539484F;01;4B123BA330365E9AD490C80871E46129A41E3343;1;1;1;F09B49ED3574CDF45E6F6AEECDA0652DB06AB65D;9;058;Z01.4;20260527;01;;;;;;19910816;2;02;150130;0.00;0.00;0.00;0.00;126.16;0.00;0.00;0.00;0.00;0.00;0.00;0.00;0.00;126.16;148.87;2026-08-17 16:01:53;140103
D68FD8035E26A00787470F838D825A533FBE6A7F;FA000B14669AFA164CA94DE1EF8D776F1539484F;01;175EE73CBF78D1D0D77B9CD86F1825CD422A2470;1;1;1;74170ED2E53B27C85D8E4BA1CE29E4FE44480518;9;058;Z01.4;20260528;01;;;;;;19800119;2;02;150130;0.00;0.00;0.00;0.00;126.16;0.00;0.00;0.00;0.00;0.00;0.00;0.00;0.00;126.16;148.87;2026-08-17 16:01:53;140124
D68FD8035E26A00787470F838D825A533FBE6A7F;FA000B14669AFA164CA94DE1EF8D776F1539484F;01;CE246FE5EC977AC024E53BBED0ECF972B8BB4F9E;1;1;1;FD51CB8F8F2F13C8370E755E11CC3080B91D4DB1;9;058;Z01.4;20260528;01;;;;;;19590208;2;01;150130;0.00;0.00;0.00;0.00;126.16;0.00;0.00;0.00;0.00;0.00;0.00;0.00;0.00;126.16;148.87;2026-08-17 16:01:53;140130
D68FD8035E26A00787470F838D825A533FBE6A7F;FA000B14669AFA164CA94DE1EF8D776F1539484F;01;870255B8D58AC85DC70084693DEE4C88E877327F;1;3;1;3B3523A0FF36049273061D9372D1012E88A4A4BA;9;058;Z01.4;20260528;01;;;;;;19990724;2;01;150130;0.00;0.00;0.00;0.00;126.16;0.00;0.00;0.00;0.00;0.00;0.00;0.00;0.00;126.16;148.87;2026-08-17 16:01:53;140143
D68FD8035E26A00787470F838D825A533FBE6A7F;FA000B14669AFA164CA94DE1EF8D776F1539484F;01;F41CF76AD9A175DC85870DBFB84EE72D3D39B38A;1;1;1;FD05EA23022FFB39FDDBFD39B93DE087B948705E;9;058;Z01.4;20260530;01;;;;;;19911102;2;01;150130;0.00;0.00;0.00;0.00;126.16;0.00;0.00;0.00;0.00;0.00;0.00;0.00;0.00;126.16;148.87;2026-08-17 16:01:53;140119
D68FD8035E26A00787470F838D825A533FBE6A7F;FA000B14669AFA164CA94DE1EF8D776F1539484F;01;13D5CCC01B3FB1BC5DA39C47330C25779940AB98;1;1;1;53742E3220A15B3BCF31D06E59B5ECED91592A5D;9;058;Z01.4;20260519;01;;;;;;19910208;2;01;150130;0.00;0.00;0.00;0.00;126.16;0.00;0.00;0.00;0.00;0.00;0.00;0.00;0.00;126.16;148.87;2026-08-17 16:01:53;140103
D68FD8035E26A00787470F838D825A533FBE6A7F;FA000B14669AFA164CA94DE1EF8D776F1539484F;01;4E904DA0793EDE9D6B7A950912C876BC76DCDE94;1;1;1;03385343315ADF299EC1B8DDDA462EA6C9E10BC7;9;058;Z01.4;20260528;01;;;;;;19960810;2;01;150130;0.00;0.00;0.00;0.00;126.16;0.00;0.00;0.00;0.00;0.00;0.00;0.00;0.00;126.16;148.87;2026-08-17 16:01:53;140137
D68FD8035E26A00787470F838D825A533FBE6A7F;FA000B14669AFA164CA94DE1EF8D776F1539484F;01;CFF97B76256104C8473BF2D9801F0D2D7B6C5328;1;1;1;45F46CD43A4BF77689FD9288C82AD056B3FDE8FC;9;058;Z01.4;20260525;01;;;;;;19660403;2;01;150130;0.00;0.00;0.00;0.00;126.16;0.00;0.00;0.00;0.00;0.00;0.00;0.00;0.00;126.16;148.87;2026-08-17 16:01:53;140140
D68FD8035E26A00787470F838D825A533FBE6A7F;FA000B14669AFA164CA94DE1EF8D776F1539484F;01;B559E3531B2A945497C4EEAC933A6936D5D868C5;1;1;1;986BB0A29D5CC12241B83BCC8D42B7DE90C18F7F;9;058;Z01.4;20260527;01;;;;;;19780210;2;01;150130;0.00;0.00;0.00;0.00;126.16;0.00;0.00;0.00;0.00;0.00;0.00;0.00;0.00;126.16;148.87;2026-08-17 16:01:53;140131
D68FD8035E26A00787470F838D825A533FBE6A7F;FA000B14669AFA164CA94DE1EF8D776F1539484F;01;3992A2C8A937750D5815CB62C0D45BA0C4EE0360;1;1;1;9CCAAFE2C329450195E93DCB097AAC8CCE69ADAD;9;058;Z01.4;20260530;01;;;;;;19740314;2;01;150130;0.00;0.00;0.00;0.00;126.16;0.00;0.00;0.00;0.00;0.00;0.00;0.00;0.00;126.16;148.87;2026-08-17 16:01:53;140117
D68FD8035E26A00787470F838D825A533FBE6A7F;FA000B14669AFA164CA94DE1EF8D776F1539484F;01;0D70EAC0073A10ABE6F713AC95C063B0F695BB2A;1;1;1;2B072E903CBEDF71A34CFB29319E1D8314B911B8;9;058;Z01.4;20260530;01;;;;;;19960916;2;02;150130;0.00;0.00;0.00;0.00;126.16;0.00;0.00;0.00;0.00;0.00;0.00;0.00;0.00;126.16;148.87;2026-08-17 16:01:53;140130
D68FD8035E26A00787470F838D825A533FBE6A7F;FA000B14669AFA164CA94DE1EF8D776F1539484F;01;A1513C43FFF702A98F61C5945459BA7FA2A3CEA9;1;1;1;65C406AE9CFE5821CC3C46D9CC6AEA6B6A7AF3A4;9;058;Z01.4;20260527;01;;;;;;19950418;2;01;150130;0.00;0.00;0.00;0.00;126.16;0.00;0.00;0.00;0.00;0.00;0.00;0.00;0.00;126.16;148.87;2026-08-17 16:01:53;140108
D68FD8035E26A00787470F838D825A533FBE6A7F;FA000B14669AFA164CA94DE1EF8D776F1539484F;01;B0986C967B0A65E941C63FD588A5EC7886D5CBA4;1;1;1;DBD35CE4981F73F4FEDB6F3FA0755A1075A65FAC;9;058;Z01.4;20260529;01;;;;;;19740228;2;02;150130;0.00;0.00;0.00;0.00;126.16;0.00;0.00;0.00;0.00;0.00;0.00;0.00;0.00;126.16;148.87;2026-08-17 16:01:53;040123
D68FD8035E26A00787470F838D825A533FBE6A7F;FA000B14669AFA164CA94DE1EF8D776F1539484F;01;A83BAD4E249C5939223FD8668F24359B54F22E0A;1;1;1;CD8E7D1858F95E0C698D48848B778029E8FD4B58;9;058;Z01.4;20260530;01;;;;;;19941112;2;02;150130;0.00;0.00;0.00;0.00;126.16;0.00;0.00;0.00;0.00;0.00;0.00;0.00;0.00;126.16;148.87;2026-08-17 16:01:53;190601
D68FD8035E26A00787470F838D825A533FBE6A7F;FA000B14669AFA164CA94DE1EF8D776F1539484F;01;3D10E6875EB8727CFD2B543AF7EA75BB602B8F8E;1;1;1;392E4CAC72BFA37F9381A09B69D6218B504D17F1;9;058;Z01.4;20260528;01;;;;;;19791113;2;02;150130;0.00;0.00;0.00;0.00;126.16;0.00;0.00;0.00;0.00;0.00;0.00;0.00;0.00;126.16;148.87;2026-08-17 16:01:53;140133
D68FD8035E26A00787470F838D825A533FBE6A7F;FA000B14669AFA164CA94DE1EF8D776F1539484F;01;83FC7A8EB23FEBECFEC4EF228657D801606E10DD;1;1;1;1DC6975E677FEC426C748A442F72F9AB4EE25AF3;9;058;Z01.4;20260527;01;;;;;;19710206;2;01;150130;0.00;0.00;0.00;0.00;126.16;0.00;0.00;0.00;0.00;0.00;0.00;0.00;0.00;126.16;148.87;2026-08-17 16:01:53;140125
D68FD8035E26A00787470F838D825A533FBE6A7F;FA000B14669AFA164CA94DE1EF8D776F1539484F;01;1D888C799C1F59F7E324A348ED311A6466336289;1;1;1;8B582D9954D646FD35519156762DF8E1B99E429B;9;058;Z01.4;20260520;01;;;;;;19681211;2;02;150130;0.00;0.00;0.00;0.00;126.16;0.00;0.00;0.00;0.00;0.00;0.00;0.00;0.00;126.16;148.87;2026-08-17 16:01:53;140104
D68FD8035E26A00787470F838D825A533FBE6A7F;FA000B14669AFA164CA94DE1EF8D776F1539484F;01;6AAFC23C63344FFC04D98CB77BFE87C36E323AEF;1;1;1;70844DC01124ACFE68791E21B5E09F17CB1DF139;9;058;Z01.4;20260518;01;;;;;;19810924;2;02;150130;0.00;0.00;0.00;0.00;126.16;0.00;0.00;0.00;0.00;0.00;0.00;0.00;0.00;126.16;148.87;2026-08-17 16:01:53;050116
D68FD8035E26A00787470F838D825A533FBE6A7F;FA000B14669AFA164CA94DE1EF8D776F1539484F;01;6D31ACC15977BFD3062CFC67B1C6734C94EB9433;1;1;1;2FC1586160B5415B80223FF8465982A61438058E;9;058;Z01.4;20260527;01;;;;;;19971214;2;01;150130;0.00;0.00;0.00;0.00;126.16;0.00;0.00;0.00;0.00;0.00;0.00;0.00;0.00;126.16;148.87;2026-08-17 16:01:53;140114
D68FD8035E26A00787470F838D825A533FBE6A7F;FA000B14669AFA164CA94DE1EF8D776F1539484F;01;4AFE60BC5B3E7C04286F65CEBF2F31742DB5CBB7;1;3;1;ADD1A112D60290B7E26B719836BAAD5D5788C849;9;058;Z01.4;20260529;01;;;;;;20020815;2;03;150130;0.00;0.00;0.00;0.00;126.16;0.00;0.00;0.00;0.00;0.00;0.00;0.00;0.00;126.16;148.87;2026-08-17 16:01:53;140130
D68FD8035E26A00787470F838D825A533FBE6A7F;FA000B14669AFA164CA94DE1EF8D776F1539484F;01;E18ABF13B0CA11C5B10354E2504307DD06ECD2A1;1;1;1;2033668FCD89679B859B07CD8CC9EC3E99E62B35;9;058;Z01.4;20260527;01;;;;;;19520710;2;07;150130;0.00;0.00;0.00;0.00;126.16;0.00;0.00;0.00;0.00;0.00;0.00;0.00;0.00;126.16;148.87;2026-08-17 16:01:53;140133
D68FD8035E26A00787470F838D825A533FBE6A7F;FA000B14669AFA164CA94DE1EF8D776F1539484F;01;A04019B71F6445094567CE2AFE4C6BCFFDD38127;1;1;1;12C8B96727F5A7C767F0A20A0D3133095A175F35;9;058;Z01.4;20260529;01;;;;;;19750718;2;01;150130;0.00;0.00;0.00;0.00;126.16;0.00;0.00;0.00;0.00;0.00;0.00;0.00;0.00;126.16;148.87;2026-08-17 16:01:53;140130
D68FD8035E26A00787470F838D825A533FBE6A7F;FA000B14669AFA164CA94DE1EF8D776F1539484F;01;DB1794B0E0290B680432DD6E9D550B0F5C5AD412;1;1;1;BFC84AF62775003330B584D4495E9B6A9909F493;9;058;Z01.4;20260522;01;;;;;;19720107;2;02;150130;0.00;0.00;0.00;0.00;126.16;0.00;0.00;0.00;0.00;0.00;0.00;0.00;0.00;126.16;148.87;2026-08-17 16:01:53;140140
D68FD8035E26A00787470F838D825A533FBE6A7F;FA000B14669AFA164CA94DE1EF8D776F1539484F;01;00DA05EF151A75F81B59E5237B1624E5BD061DD3;1;1;1;9B1878EAEABB84C6BA6D07290BC42A1F22FFEC0C;9;058;Z01.4;20260529;01;;;;;;19980902;2;01;150130;0.00;0.00;0.00;0.00;126.16;0.00;0.00;0.00;0.00;0.00;0.00;0.00;0.00;126.16;148.87;2026-08-17 16:01:53;140112
D68FD8035E26A00787470F838D825A533FBE6A7F;FA000B14669AFA164CA94DE1EF8D776F1539484F;01;0501AFCC94E8A8A1EE0F9B452A72D966255C3FBC;1;1;1;B1B0163767226AFB4F242F8A6CFAEE38CFAC3AAB;9;058;Z01.4;20260527;01;;;;;;19830707;2;01;150130;0.00;0.00;0.00;0.00;126.16;0.00;0.00;0.00;0.00;0.00;0.00;0.00;0.00;126.16;148.87;2026-08-17 16:01:53;140130
D68FD8035E26A00787470F838D825A533FBE6A7F;FA000B14669AFA164CA94DE1EF8D776F1539484F;01;B32245AAB791FD6A552791EDA23B6236EC5EBD65;1;1;1;FC6F1C78B49A788760CF9B0A9FD03EA55008C76D;9;058;Z01.4;20260529;01;;;;;;19890715;2;01;150130;0.00;0.00;0.00;0.00;126.16;0.00;0.00;0.00;0.00;0.00;0.00;0.00;0.00;126.16;148.87;2026-08-17 16:01:53;140126
D68FD8035E26A00787470F838D825A533FBE6A7F;FA000B14669AFA164CA94DE1EF8D776F1539484F;01;CD3BD7E2366EB9D784C7A891E466D4088407ED28;1;1;1;AE6F31552DF843E08F06550DC88CBE3FF4AF9F1A;9;058;Z01.4;20260527;01;;;;;;19970602;2;01;150130;0.00;0.00;0.00;0.00;126.16;0.00;0.00;0.00;0.00;0.00;0.00;0.00;0.00;126.16;148.87;2026-08-17 16:01:53;140103
D68FD8035E26A00787470F838D825A533FBE6A7F;FA000B14669AFA164CA94DE1EF8D776F1539484F;01;FCC6951A8AD60293F16FD1EC0FE83749F6211FAC;1;1;1;326E3D497F63F300EB36818FA6E93679403CE16D;9;058;Z01.4;20260527;01;;;;;;19890528;2;01;150130;0.00;0.00;0.00;0.00;126.16;0.00;0.00;0.00;0.00;0.00;0.00;0.00;0.00;126.16;148.87;2026-08-17 16:01:53;140126
D68FD8035E26A00787470F838D825A533FBE6A7F;FA000B14669AFA164CA94DE1EF8D776F1539484F;01;B12C4C056F49F008D3B6F41071D2E69A1FC3CE97;1;1;1;F37E66E9BC3858B0EE68BE5E8B68F4818A0E96B5;9;058;Z01.4;20260529;01;;;;;;19911017;2;01;150130;0.00;0.00;0.00;0.00;126.16;0.00;0.00;0.00;0.00;0.00;0.00;0.00;0.00;126.16;148.87;2026-08-17 16:01:53;240106
D68FD8035E26A00787470F838D825A533FBE6A7F;FA000B14669AFA164CA94DE1EF8D776F1539484F;01;D9651D2F364023A9C56F0D0E15D8100355DA1186;1;1;1;ED16A21F7A35694039E6AA56FDFAE2B74380039C;9;058;Z01.4;20260527;01;;;;;;19560728;2;01;150130;0.00;0.00;0.00;0.00;126.16;0.00;0.00;0.00;0.00;0.00;0.00;0.00;0.00;126.16;148.87;2026-08-17 16:01:53;140114
D68FD8035E26A00787470F838D825A533FBE6A7F;FA000B14669AFA164CA94DE1EF8D776F1539484F;01;779FE75D3B0E68974DC4777AD3FFE768A3CC9CFF;1;1;1;74EC5484128C9FA8FA793304A63EF624F7BF2AEF;9;058;Z01.4;20260528;01;;;;;;20010630;2;01;150130;0.00;0.00;0.00;0.00;126.16;0.00;0.00;0.00;0.00;0.00;0.00;0.00;0.00;126.16;148.87;2026-08-17 16:01:53;140142
D68FD8035E26A00787470F838D825A533FBE6A7F;FA000B14669AFA164CA94DE1EF8D776F1539484F;01;44C0D8E430E6AD14A2995A40155CF76590149C04;1;1;1;D61B091BD318E04EF97936748BB5AC28470BBC4A;9;058;Z01.4;20260527;01;;;;;;19811014;2;02;150130;0.00;0.00;0.00;0.00;126.16;0.00;0.00;0.00;0.00;0.00;0.00;0.00;0.00;126.16;148.87;2026-08-17 16:01:53;140133
D68FD8035E26A00787470F838D825A533FBE6A7F;FA000B14669AFA164CA94DE1EF8D776F1539484F;01;F7365A344E433B2D2448DDF618694C9B39E8D3E9;1;1;1;48242222E951B030CF318DBEB3D7471C8B99D100;9;058;Z01.4;20260528;01;;;;;;19800926;2;01;150130;0.00;0.00;0.00;0.00;126.16;0.00;0.00;0.00;0.00;0.00;0.00;0.00;0.00;126.16;148.87;2026-08-17 16:01:53;240106
D68FD8035E26A00787470F838D825A533FBE6A7F;FA000B14669AFA164CA94DE1EF8D776F1539484F;01;3324F0E1E99D6EDE0211CCA1A91F61B51261EDDA;1;1;1;1EC41ED6A4914B015DA876283F340628907113D9;9;058;Z01.4;20260507;01;;;;;;19980914;2;01;150130;0.00;0.00;0.00;0.00;126.16;0.00;0.00;0.00;0.00;0.00;0.00;0.00;0.00;126.16;148.87;2026-08-17 16:01:53;120101
D68FD8035E26A00787470F838D825A533FBE6A7F;FA000B14669AFA164CA94DE1EF8D776F1539484F;01;94C4595A6FB4A06EA8CFD4FDC848AFCBD58A886D;1;1;1;27C510FDB99830A50950B588E06D6BBE09796A7B;9;058;Z01.4;20260525;01;;;;;;19750430;2;01;150130;0.00;0.00;0.00;0.00;126.16;0.00;0.00;0.00;0.00;0.00;0.00;0.00;0.00;126.16;148.87;2026-08-17 16:01:53;140114
D68FD8035E26A00787470F838D825A533FBE6A7F;3E13267A43246CD572F55EF46978925FAFAA8A0D;01;11360B5F6FCA0B5E06FA03611E636FD5EBA9A993;1;1;1;581A152FDC2BBDF2AFCC79275DF3DB5042AB4571;2;100;M75.4;20260602;01;;;;;;19740912;2;01;150101;429.66;0.00;0.00;0.00;0.00;129.02;0.00;0.00;0.00;0.00;0.00;0.00;0.00;558.68;659.24;2026-08-17 16:01:53;140108
D68FD8035E26A00787470F838D825A533FBE6A7F;3E13267A43246CD572F55EF46978925FAFAA8A0D;01;E90270937DA3E1561EBA4DE1D08A67DB2C92DBD8;1;1;1;1138F75D00E8BFF865E1C7470B28EA72D34B374F;2;100;J00.X;20260528;01;;;;;;19650414;1;01;150101;429.66;0.00;0.00;0.00;0.00;85.13;0.00;0.00;0.00;0.00;0.00;0.00;0.00;514.79;607.45;2026-08-17 16:01:53;140110
D68FD8035E26A00787470F838D825A533FBE6A7F;3E13267A43246CD572F55EF46978925FAFAA8A0D;01;42E46E5F430163A066091924DAE94CBA7C730C0B;1;1;1;612774C02B2FB723A100A607014D21A8FD69B2D8;2;100;M54.5;20260603;01;;;;;;19610518;1;01;150101;429.66;0.00;0.00;0.00;0.00;22.93;0.00;0.00;0.00;0.00;0.00;0.00;0.00;452.59;534.06;2026-08-17 16:01:53;140110
D68FD8035E26A00787470F838D825A533FBE6A7F;3E13267A43246CD572F55EF46978925FAFAA8A0D;01;200482BE633566E863C0A35EE93788AEA98A6385;1;1;1;6FD24BF3187562082A3FCB80CFE4E9CA66288FC8;2;100;G43.0;20260604;01;;;;;;19820611;2;01;150101;429.66;0.00;0.00;0.00;0.00;69.53;0.00;0.00;0.00;0.00;0.00;0.00;0.00;499.19;589.04;2026-08-17 16:01:53;140110
D68FD8035E26A00787470F838D825A533FBE6A7F;FA000B14669AFA164CA94DE1EF8D776F1539484F;01;668622BED562086BB8F7DAFEDC2176212201144A;1;1;1;140F83D686ABA081390DB28A8E74F49806453194;4;409;C83.9;20260713;01;;;;;;19861106;1;01;150130;0.00;0.00;0.00;197.94;0.00;0.00;0.00;0.00;0.00;0.00;0.00;0.00;0.00;197.94;233.57;2026-08-17 16:01:53;140131
D68FD8035E26A00787470F838D825A533FBE6A7F;FA000B14669AFA164CA94DE1EF8D776F1539484F;01;2B8C6605BA770E6AB7D154C4BDC76F8B15E86570;1;1;1;FA1F09B62899870D2626E26A3D6D3765505532FA;4;409;C67.2;20260713;01;;;;;;19380619;1;01;150130;111.64;0.00;0.00;0.00;0.00;0.00;0.00;0.00;0.00;0.00;0.00;0.00;0.00;111.64;131.74;2026-08-17 16:01:53;140115
D68FD8035E26A00787470F838D825A533FBE6A7F;FA000B14669AFA164CA94DE1EF8D776F1539484F;01;4C4D9CA183F79371AC6D5D81A6E6116ECBD120C8;1;3;1;FF73986197AFD95DB4F27E69ED43C5131557864C;4;409;C50.9;20260713;01;;;;;;19500603;2;07;150130;111.64;0.00;0.00;0.00;0.00;0.00;0.00;0.00;0.00;0.00;0.00;0.00;0.00;111.64;131.74;2026-08-17 16:01:53;140108
D68FD8035E26A00787470F838D825A533FBE6A7F;FA000B14669AFA164CA94DE1EF8D776F1539484F;01;1ADCE9B6643FED8A717C13EE7D582BC37934F8F6;1;1;1;C30C27E4D4D98856CF76EBD13A071045FF35492A;4;409;C16.9;20260713;01;;;;;;19820510;1;01;150130;111.64;0.00;0.00;0.00;0.00;0.00;0.00;0.00;0.00;0.00;0.00;0.00;0.00;111.64;131.74;2026-08-17 16:01:53;140140
D68FD8035E26A00787470F838D825A533FBE6A7F;FA000B14669AFA164CA94DE1EF8D776F1539484F;01;ABFADBAA239A76074885C00192F9D393C081455B;1;1;1;17E060BCC2A4236C349DBF7DFD7AE9D0C438AB37;4;409;C53.1;20260713;01;;;;;;19790904;2;01;150130;111.64;0.00;0.00;0.00;0.00;0.00;0.00;0.00;0.00;0.00;0.00;0.00;0.00;111.64;131.74;2026-08-17 16:01:53;140121
D68FD8035E26A00787470F838D825A533FBE6A7F;FA000B14669AFA164CA94DE1EF8D776F1539484F;01;65A43758463DF95D58E1282410F07AF91C604763;1;1;1;74DE678BAA19DA446D3F9F2E15F68568CD578F7A;4;409;C83.9;20260713;01;;;;;;19560922;1;01;150130;111.64;0.00;0.00;0.00;0.00;0.00;0.00;0.00;0.00;0.00;0.00;0.00;0.00;111.64;131.74;2026-08-17 16:01:53;140140
D68FD8035E26A00787470F838D825A533FBE6A7F;FA000B14669AFA164CA94DE1EF8D776F1539484F;01;8BAA7931DA10D8B3F95D40847C614C88A4178BDE;1;1;1;504098CBD9C8A7FDA53B7C1AFBABB12798B1D48F;4;409;C50.9;20260713;01;;;;;;19660409;2;02;150130;0.00;0.00;0.00;0.00;162.49;0.00;0.00;0.00;0.00;0.00;0.00;0.00;0.00;162.49;191.74;2026-08-17 16:01:53;140130
D68FD8035E26A00787470F838D825A533FBE6A7F;FA000B14669AFA164CA94DE1EF8D776F1539484F;01;C732D9004687A646A284B245001959C2A50E987C;1;1;1;08E2CC7D1F594C4FD139A535AC5BD123BC62560A;4;409;C50.9;20260713;01;;;;;;19631207;2;02;150130;0.00;0.00;0.00;287.40;0.00;0.00;0.00;0.00;0.00;0.00;0.00;0.00;0.00;287.40;339.13;2026-08-17 16:01:53;140133
D68FD8035E26A00787470F838D825A533FBE6A7F;FA000B14669AFA164CA94DE1EF8D776F1539484F;01;7CF5B30CDA889B6D3C20C696683E07D196382DAF;1;1;1;DC0C9A17FE6FBF7C0FE2DCE98BD8D21BB3A34199;4;409;C20.X;20260713;01;;;;;;19730925;2;02;150130;77.42;0.00;44.03;0.00;0.00;0.00;0.00;0.00;0.00;0.00;0.00;0.00;0.00;121.45;143.31;2026-08-17 16:01:53;140130
D68FD8035E26A00787470F838D825A533FBE6A7F;FA000B14669AFA164CA94DE1EF8D776F1539484F;01;1EF1C4C597E32786EF35CFA43E89C586CE46EC67;1;1;1;5BFAF4FD2427DEE2720A9D5793475AAA16335C1C;4;409;C25.9;20260713;01;;;;;;19500901;2;01;150130;111.64;0.00;0.00;0.00;0.00;0.00;0.00;0.00;0.00;0.00;0.00;0.00;0.00;111.64;131.74;2026-08-17 16:01:53;140104
D68FD8035E26A00787470F838D825A533FBE6A7F;FA000B14669AFA164CA94DE1EF8D776F1539484F;01;7A38E41C2C11933A3B0929C7712326C7FBA53A6D;1;1;1;24D20A2B00448A4C7A6DC0D39EBBE8FEF546634F;4;409;C18.9;20260713;01;;;;;;19590225;1;01;150130;111.64;0.00;0.00;0.00;0.00;0.00;0.00;0.00;0.00;0.00;0.00;0.00;0.00;111.64;131.74;2026-08-17 16:01:53;140101
D68FD8035E26A00787470F838D825A533FBE6A7F;FA000B14669AFA164CA94DE1EF8D776F1539484F;01;EDFDE78BEF10F51D8D333E489638F8AF75CB832F;1;1;1;F213C79D9782534B001E9E07694619EBD55A385D;4;409;C22.1;20260713;01;;;;;;19801030;2;01;150130;0.00;0.00;0.00;221.92;0.00;0.00;0.00;0.00;0.00;0.00;0.00;0.00;0.00;221.92;261.87;2026-08-17 16:01:53;140136
D68FD8035E26A00787470F838D825A533FBE6A7F;FA000B14669AFA164CA94DE1EF8D776F1539484F;01;448265A456127D5000884E248A0D2A7D023C5E5A;1;1;1;3A35F119CB3FFEFE26AF1D82E2C234E64262159A;4;409;C71.0;20260713;01;;;;;;19780704;1;01;150130;111.64;0.00;0.00;0.00;0.00;0.00;0.00;0.00;0.00;0.00;0.00;0.00;0.00;111.64;131.74;2026-08-17 16:01:53;140132
D68FD8035E26A00787470F838D825A533FBE6A7F;FA000B14669AFA164CA94DE1EF8D776F1539484F;01;B5226DF12CC00F2F1FAF67721C79914740094316;1;1;1;9B6F17EFC99F6583F6910A552DD328CF843DC50A;4;409;C73.X;20260713;01;;;;;;19520503;2;07;150130;111.64;0.00;0.00;0.00;0.00;44.40;0.00;0.00;0.00;0.00;0.00;0.00;0.00;156.04;184.13;2026-08-17 16:01:53;140140
D68FD8035E26A00787470F838D825A533FBE6A7F;FA000B14669AFA164CA94DE1EF8D776F1539484F;01;3C944050596A933E59456BA9BB4F71A419097D90;1;1;1;1F56570B6B37A3E31ABF24F240DEE3F25FF24977;4;409;C50.9;20260713;01;;;;;;19840717;2;02;150130;0.00;0.00;0.00;424.90;0.00;0.00;0.00;0.00;0.00;0.00;0.00;0.00;0.00;424.90;501.38;2026-08-17 16:01:53;140141
D68FD8035E26A00787470F838D825A533FBE6A7F;FA000B14669AFA164CA94DE1EF8D776F1539484F;01;4B3C9602B1FF3EB63A01650C510D65B02FE00A64;1;3;1;C53FA6662D6E386F5C78012E07782B22227EB0A5;4;409;C56.X;20260713;01;;;;;;19580424;2;02;150130;0.00;0.00;0.00;287.40;0.00;0.00;0.00;0.00;0.00;0.00;0.00;0.00;0.00;287.40;339.13;2026-08-17 16:01:53;140124
D68FD8035E26A00787470F838D825A533FBE6A7F;FA000B14669AFA164CA94DE1EF8D776F1539484F;01;7BD587FB93B4827199778075C68C9E55DE3C988B;1;1;1;906AFCA19FC813B1EAC1546D0D3B89C320C8D4E4;4;409;C50.9;20260713;01;;;;;;19660710;2;01;150130;111.64;0.00;0.00;0.00;0.00;0.00;0.00;0.00;0.00;0.00;0.00;0.00;0.00;111.64;131.74;2026-08-17 16:01:53;140109
D68FD8035E26A00787470F838D825A533FBE6A7F;FA000B14669AFA164CA94DE1EF8D776F1539484F;01;63CD1290A87F892A41240ADB669D8B3D38C95595;1;1;1;58E6AF36C20A5A95BE6685E26A886F623BA6D979;4;409;C56.X;20260713;01;;;;;;19691220;2;02;150130;111.64;0.00;0.00;0.00;0.00;0.00;0.00;0.00;0.00;0.00;0.00;0.00;0.00;111.64;131.74;2026-08-17 16:01:53;140114
D68FD8035E26A00787470F838D825A533FBE6A7F;FA000B14669AFA164CA94DE1EF8D776F1539484F;01;648D2026A7DCEAB86DE1E232DA12CA67C4F9EA03;1;1;1;28050F1BA9F2653CEB470FC595E5FCD229F1B9E3;4;409;C67.3;20260713;01;;;;;;19600302;1;01;150130;111.64;0.00;0.00;0.00;0.00;0.00;0.00;0.00;0.00;0.00;0.00;0.00;0.00;111.64;131.74;2026-08-17 16:01:53;190103
D68FD8035E26A00787470F838D825A533FBE6A7F;FA000B14669AFA164CA94DE1EF8D776F1539484F;01;5AED5ED3393897CE868073613D49E4CC3A908CB9;1;1;1;28050F1BA9F2653CEB470FC595E5FCD229F1B9E3;4;409;C67.9;20260713;01;;;;;;19600302;1;01;150130;281.69;0.00;44.03;0.00;0.00;0.00;0.00;0.00;0.00;0.00;0.00;0.00;0.00;325.72;384.35;2026-08-17 16:01:53;190103
D68FD8035E26A00787470F838D825A533FBE6A7F;FA000B14669AFA164CA94DE1EF8D776F1539484F;01;A6F94E24C8824FDF15D6FFCE570DC05C9D34B7B9;1;1;1;651AE41ACFAF7DE80CAC77A5CBE95C1740521A0A;4;409;C84.0;20260713;01;;;;;;19610830;2;02;150130;111.64;0.00;0.00;0.00;0.00;0.00;0.00;0.00;0.00;0.00;0.00;0.00;0.00;111.64;131.74;2026-08-17 16:01:53;140133
D68FD8035E26A00787470F838D825A533FBE6A7F;FA000B14669AFA164CA94DE1EF8D776F1539484F;01;57445F0C071AEACABC119C7B394D36E9FDBB494F;1;1;1;4D4763C787632DBE7F491C58BEA4BD5C41B7E65C;4;409;C50.9;20260713;01;;;;;;19790421;2;01;150130;0.00;0.00;0.00;660.35;0.00;0.00;0.00;0.00;0.00;0.00;0.00;0.00;0.00;660.35;779.21;2026-08-17 16:01:53;140136
D68FD8035E26A00787470F838D825A533FBE6A7F;FA000B14669AFA164CA94DE1EF8D776F1539484F;01;FA328F36831C7197F09B92D745D232747FDAB419;1;1;1;4381F6A69E817D1FEDD25B18A9A40FC3CDAC66B7;4;409;C67.9;20260713;01;;;;;;19600912;1;02;150130;111.64;0.00;0.00;0.00;0.00;0.00;0.00;0.00;0.00;0.00;0.00;0.00;0.00;111.64;131.74;2026-08-17 16:01:53;140127
D68FD8035E26A00787470F838D825A533FBE6A7F;FA000B14669AFA164CA94DE1EF8D776F1539484F;01;33F221295A4E8281BE5C9855B0DE4990D4BD2A55;1;1;1;59D5280EFF4A7B6E29C94577D02877A08C4103F2;4;409;C56.X;20260713;01;;;;;;19731216;2;01;150130;0.00;0.00;0.00;64.99;0.00;0.00;0.00;0.00;0.00;0.00;0.00;0.00;0.00;64.99;76.69;2026-08-17 16:01:53;140130
D68FD8035E26A00787470F838D825A533FBE6A7F;FA000B14669AFA164CA94DE1EF8D776F1539484F;01;7F3E3A0001FF8A45007CD8F2CDC3A294EAFD53E3;1;1;1;15AB2AEEA78A4A1E398FF37EDF9393BBE328BDCB;4;409;C50.9;20260713;01;;;;;;19931124;2;01;150130;111.64;0.00;0.00;0.00;0.00;384.59;0.00;0.00;0.00;0.00;0.00;0.00;0.00;496.23;585.55;2026-08-17 16:01:53;140103
D68FD8035E26A00787470F838D825A533FBE6A7F;FA000B14669AFA164CA94DE1EF8D776F1539484F;01;30A256CC8336432932B7A51E5BC0C0EE05EDE257;1;1;1;ADE916B24BE9EE9CC9B7D1FA3F4C470A229C024A;4;409;C67.3;20260713;01;;;;;;19781110;1;01;150130;111.64;0.00;0.00;0.00;52.85;0.00;0.00;0.00;0.00;0.00;0.00;0.00;0.00;164.49;194.10;2026-08-17 16:01:53;140103
D68FD8035E26A00787470F838D825A533FBE6A7F;FA000B14669AFA164CA94DE1EF8D776F1539484F;01;F12B70AFDDFD27D4CBEADE32D1DF9E6D62A9F28C;1;1;1;BEDFBDE83CEBE3A1EF3340C7B80F8C4C216D6841;4;409;C61.X;20260713;01;;;;;;19630101;1;02;150130;111.64;0.00;0.00;0.00;0.00;113.76;0.00;0.00;0.00;0.00;0.00;0.00;0.00;225.40;265.97;2026-08-17 16:01:53;110113
D68FD8035E26A00787470F838D825A533FBE6A7F;FA000B14669AFA164CA94DE1EF8D776F1539484F;01;E4F1F67483A495208B4A6CAF64EE5E46384EAA57;1;1;1;ADF64BB3B95EF93272C1412FEFA07B3948CAADD5;4;409;C50.9;20260713;01;;;;;;19700727;2;01;150130;111.64;0.00;0.00;0.00;0.00;0.00;0.00;0.00;0.00;0.00;0.00;0.00;0.00;111.64;131.74;2026-08-17 16:01:53;140101
D68FD8035E26A00787470F838D825A533FBE6A7F;FA000B14669AFA164CA94DE1EF8D776F1539484F;01;101188610C3EB11B467BABD872FFB6558913D78D;1;1;1;F6DC1995216B9567E4E8C17D499221EFA6EF53F1;4;409;C50.9;20260713;01;;;;;;19690215;2;02;150130;111.64;0.00;0.00;0.00;0.00;0.00;0.00;0.00;0.00;0.00;0.00;0.00;0.00;111.64;131.74;2026-08-17 16:01:53;140130
D68FD8035E26A00787470F838D825A533FBE6A7F;FA000B14669AFA164CA94DE1EF8D776F1539484F;01;421187640384BFDE821B259F1B5A3C73577A5DE3;1;1;1;212753DF21F7BF7BFAC7BCF4FF4CA055772F9F0B;4;409;C18.9;20260713;01;;;;;;19541217;1;01;150130;111.64;0.00;0.00;0.00;0.00;0.00;0.00;0.00;0.00;0.00;0.00;0.00;0.00;111.64;131.74;2026-08-17 16:01:53;140140
D68FD8035E26A00787470F838D825A533FBE6A7F;FA000B14669AFA164CA94DE1EF8D776F1539484F;01;B35F6EC600DAD9CF0D69FD3C14C432044531BB3F;1;3;1;6C417C08F956769A3FE312730E244B17C253406C;4;409;C34.9;20260713;01;;;;;;19710119;1;01;150130;111.64;0.00;0.00;0.00;0.00;348.95;0.00;0.00;0.00;0.00;0.00;0.00;0.00;460.59;543.50;2026-08-17 16:01:53;140130
D68FD8035E26A00787470F838D825A533FBE6A7F;FA000B14669AFA164CA94DE1EF8D776F1539484F;01;CB2024DE3E664A4B139711D80EB77CFED8CE18A6;1;1;1;8ADFFFC3176854A3AE159BD2F983B284AA43B4CD;4;409;C73.X;20260713;01;;;;;;19820930;2;01;150130;0.00;0.00;0.00;455.36;0.00;0.00;0.00;0.00;0.00;0.00;0.00;0.00;0.00;455.36;537.32;2026-08-17 16:01:53;140122
D68FD8035E26A00787470F838D825A533FBE6A7F;FA000B14669AFA164CA94DE1EF8D776F1539484F;01;B572CFC2242E53ED018086BD328FE350DFBFB122;1;1;1;8ADFFFC3176854A3AE159BD2F983B284AA43B4CD;4;409;C73.X;20260713;01;;;;;;19820930;2;01;150130;0.00;0.00;0.00;0.00;162.49;0.00;0.00;0.00;0.00;0.00;0.00;0.00;0.00;162.49;191.74;2026-08-17 16:01:53;140122
D68FD8035E26A00787470F838D825A533FBE6A7F;FA000B14669AFA164CA94DE1EF8D776F1539484F;01;334F5BF6B6850DC8B7AD87B2EE74283E4E4F6BC0;1;1;1;349E107E43807B18F031789ACBADCA952F99749D;4;409;C50.9;20260714;01;;;;;;19781126;2;02;150130;111.64;0.00;0.00;0.00;0.00;0.00;0.00;0.00;0.00;0.00;0.00;0.00;0.00;111.64;131.74;2026-08-17 16:01:53;140138
D68FD8035E26A00787470F838D825A533FBE6A7F;FA000B14669AFA164CA94DE1EF8D776F1539484F;01;89480056257D68636E96E699D8BE670336302A43;1;3;1;041F7617AF6911CC4F9674AB92064DB32A208147;4;409;C91.0;20260713;01;;;;;;20060407;2;03;150130;0.00;0.00;0.00;156.93;0.00;0.00;0.00;0.00;0.00;0.00;0.00;0.00;0.00;156.93;185.18;2026-08-17 16:01:53;140131
D68FD8035E26A00787470F838D825A533FBE6A7F;FA000B14669AFA164CA94DE1EF8D776F1539484F;01;F2FC6E83106D97E4CD91CB5E88925384B70DBFBE;1;1;1;0510DA689CBBD352C7CFC950B5D9030A21246774;4;409;C64.X;20260713;01;;;;;;19420520;1;01;150130;111.64;0.00;0.00;0.00;0.00;0.00;0.00;0.00;0.00;0.00;0.00;0.00;0.00;111.64;131.74;2026-08-17 16:01:53;140103
D68FD8035E26A00787470F838D825A533FBE6A7F;FA000B14669AFA164CA94DE1EF8D776F1539484F;01;688B8344A0310B6544E51F9F0768993E61404E38;1;3;1;43B91877F11262806E47EE5F3A68F2D72EBE86F5;4;409;C50.9;20260714;01;;;;;;19590716;2;01;150130;0.00;0.00;0.00;156.93;0.00;0.00;0.00;0.00;0.00;0.00;0.00;0.00;0.00;156.93;185.18;2026-08-17 16:01:53;140117
D68FD8035E26A00787470F838D825A533FBE6A7F;FA000B14669AFA164CA94DE1EF8D776F1539484F;01;B6A24F5D8835E8368102556304F4334F2D97A7A5;1;1;1;DE94D35EB759ACE299EDE82BE16C26E02D0FA65A;4;409;C50.1;20260714;01;;;;;;19730415;2;02;150130;0.00;0.00;0.00;302.39;0.00;0.00;0.00;0.00;0.00;0.00;0.00;0.00;0.00;302.39;356.82;2026-08-17 16:01:53;140130
D68FD8035E26A00787470F838D825A533FBE6A7F;FA000B14669AFA164CA94DE1EF8D776F1539484F;01;9AB3C9161B94E8E627C542D122B4B43A7ACD06CF;1;1;1;D3036362793A503526D1BDC2365B5A80A27E8CFF;4;409;C18.9;20260714;01;;;;;;19520703;1;02;150130;111.64;0.00;0.00;156.93;0.00;0.00;0.00;0.00;0.00;0.00;0.00;0.00;0.00;268.57;316.91;2026-08-17 16:01:53;140110
D68FD8035E26A00787470F838D825A533FBE6A7F;FA000B14669AFA164CA94DE1EF8D776F1539484F;01;9DBD2FBD2143D937A88CDE7FB7A0D25FA441CA9E;1;1;1;140F83D686ABA081390DB28A8E74F49806453194;4;409;C83.9;20260714;01;;;;;;19861106;1;01;150130;111.64;0.00;0.00;0.00;0.00;0.00;0.00;0.00;0.00;0.00;0.00;0.00;0.00;111.64;131.74;2026-08-17 16:01:53;140131
D68FD8035E26A00787470F838D825A533FBE6A7F;FA000B14669AFA164CA94DE1EF8D776F1539484F;01;B0B6BE55FC7B2897480CC564328959E5B750BFBB;1;1;1;7AF9219EAD05EE882152145CF6FC9C05CD649677;4;409;C34.9;20260714;01;;;;;;19730415;2;02;150130;111.64;0.00;0.00;0.00;0.00;0.00;0.00;0.00;0.00;0.00;0.00;0.00;0.00;111.64;131.74;2026-08-17 16:01:53;240101
D68FD8035E26A00787470F838D825A533FBE6A7F;FA000B14669AFA164CA94DE1EF8D776F1539484F;01;888E2C17B0B295AA93A2696401FEED306414219A;1;1;1;B349ACB2C8E783B42E3D85C5E65D00F7AEBA29FA;4;409;C50.9;20260714;01;;;;;;19830928;2;01;150130;111.64;0.00;0.00;0.00;0.00;0.00;0.00;0.00;0.00;0.00;0.00;0.00;0.00;111.64;131.74;2026-08-17 16:01:53;140115
D68FD8035E26A00787470F838D825A533FBE6A7F;FA000B14669AFA164CA94DE1EF8D776F1539484F;01;12B2A7B200094F83900807A43AACA28D0E7DF1CF;1;1;1;9737F1FE3736C2C0D8E47E0C0BDE6614C5D376B6;4;409;C73.X;20260714;01;;;;;;19870330;2;01;150130;0.00;0.00;0.00;665.19;0.00;0.00;0.00;0.00;0.00;0.00;0.00;0.00;0.00;665.19;784.92;2026-08-17 16:01:53;140140
D68FD8035E26A00787470F838D825A533FBE6A7F;FA000B14669AFA164CA94DE1EF8D776F1539484F;01;4BF8CA225B52A84FF9CD85805455EB9BA899AD8C;1;1;1;0D8B71C394120504A5566348A33258254E9B7820;4;409;C83.3;20260714;01;;;;;;19780622;2;01;150130;186.83;0.00;44.03;0.00;0.00;0.00;0.00;0.00;0.00;0.00;0.00;0.00;0.00;230.86;272.41;2026-08-17 16:01:53;140115
D68FD8035E26A00787470F838D825A533FBE6A7F;FA000B14669AFA164CA94DE1EF8D776F1539484F;01;78A300B57FAAE53B54917196E49C43FD62C608B1;1;1;1;6629C3D5DE6EFFBE94C2E5CE434DC3934A5BA0CD;4;409;C61.X;20260714;01;;;;;;19470404;1;02;150130;0.00;0.00;0.00;237.40;0.00;0.00;0.00;0.00;0.00;0.00;0.00;0.00;0.00;237.40;280.13;2026-08-17 16:01:53;140115
D68FD8035E26A00787470F838D825A533FBE6A7F;FA000B14669AFA164CA94DE1EF8D776F1539484F;01;AE87E73FDED3C5FD7A7188BD6B33780E39817411;1;1;1;CF1501669DFD7E133FE787FE92623B3BA8A80055;4;409;C56.X;20260714;01;;;;;;19751211;2;02;150130;0.00;0.00;0.00;112.97;0.00;0.00;0.00;0.00;0.00;0.00;0.00;0.00;0.00;112.97;133.30;2026-08-17 16:01:53;140117
D68FD8035E26A00787470F838D825A533FBE6A7F;FA000B14669AFA164CA94DE1EF8D776F1539484F;01;555B26524AFCDAF826CC2B1EABEA9923E8719E02;1;1;1;2DDD4820A125E9A3652A61FA4E4711E588643CF2;4;409;C50.9;20260714;01;;;;;;19820708;2;01;150130;111.64;0.00;0.00;0.00;0.00;0.00;0.00;0.00;0.00;0.00;0.00;0.00;0.00;111.64;131.74;2026-08-17 16:01:53;140140
D68FD8035E26A00787470F838D825A533FBE6A7F;FA000B14669AFA164CA94DE1EF8D776F1539484F;01;BF28B0E5F3AA160C380EE01AB26EFE4290DD0DBC;1;1;1;C8244252AE46ED90F6985342FCCD9A52ECB0F944;4;409;C50.1;20260714;01;;;;;;19920102;2;01;150130;0.00;0.00;0.00;732.37;0.00;0.00;0.00;0.00;0.00;0.00;0.00;0.00;0.00;732.37;864.20;2026-08-17 16:01:53;130115
D68FD8035E26A00787470F838D825A533FBE6A7F;FA000B14669AFA164CA94DE1EF8D776F1539484F;01;7EC2E3B70186B1BABD024949B4381E7603391ADE;1;1;1;C8244252AE46ED90F6985342FCCD9A52ECB0F944;4;409;C50.1;20260714;01;;;;;;19920102;2;01;150130;111.64;0.00;0.00;0.00;232.13;0.00;0.00;0.00;0.00;0.00;0.00;0.00;0.00;343.77;405.65;2026-08-17 16:01:53;130115
D68FD8035E26A00787470F838D825A533FBE6A7F;FA000B14669AFA164CA94DE1EF8D776F1539484F;01;23EDCFFDEFDC1115315318F3DD5245055217EF5E;1;1;1;475478AE667C2B6C4A67A15E1A14527A499AF261;4;409;C64.X;20260714;01;;;;;;19690623;1;01;150130;0.00;0.00;0.00;99.20;0.00;0.00;0.00;0.00;0.00;0.00;0.00;0.00;0.00;99.20;117.06;2026-08-17 16:01:53;140143
D68FD8035E26A00787470F838D825A533FBE6A7F;FA000B14669AFA164CA94DE1EF8D776F1539484F;01;51A5F7CF2B7BB524B7B8B3D9D801AB2216CE49D9;1;3;1;494499157E62255148842487CF76B8E81ACF8FA0;4;409;C16.9;20260714;01;;;;;;19620131;2;07;150130;111.64;0.00;0.00;0.00;0.00;0.00;0.00;0.00;0.00;0.00;0.00;0.00;0.00;111.64;131.74;2026-08-17 16:01:53;140108
D68FD8035E26A00787470F838D825A533FBE6A7F;FA000B14669AFA164CA94DE1EF8D776F1539484F;01;1A4EF42639AE9661ECCDFEAD4004E7D286AC9F29;1;1;1;EEC42C2A49B98EB403E90B13D1C4C468515570F7;4;409;C02.9;20260714;01;;;;;;19820107;1;01;150130;111.64;0.00;0.00;0.00;0.00;0.00;0.00;0.00;0.00;0.00;0.00;0.00;0.00;111.64;131.74;2026-08-17 16:01:53;140137
D68FD8035E26A00787470F838D825A533FBE6A7F;FA000B14669AFA164CA94DE1EF8D776F1539484F;01;C66F2D0FB444F0B5D77FBD4F4131103EE5D350B2;1;1;1;F213C79D9782534B001E9E07694619EBD55A385D;4;409;C22.1;20260714;01;;;;;;19801030;2;01;150130;111.64;0.00;0.00;0.00;0.00;0.00;0.00;0.00;0.00;0.00;0.00;0.00;0.00;111.64;131.74;2026-08-17 16:01:53;140136
D68FD8035E26A00787470F838D825A533FBE6A7F;FA000B14669AFA164CA94DE1EF8D776F1539484F;01;6D3BBC33D2D303276F4A47B9D3986E2A9B233AC0;1;3;1;B9B98C3F6CD64D88A72543994433EB52BDA9ECDC;4;409;C50.9;20260714;01;;;;;;19810904;2;01;150130;0.00;0.00;0.00;179.82;0.00;0.00;0.00;0.00;0.00;0.00;0.00;0.00;0.00;179.82;212.19;2026-08-17 16:01:53;140104
D68FD8035E26A00787470F838D825A533FBE6A7F;FA000B14669AFA164CA94DE1EF8D776F1539484F;01;03D07362149FC0EAB990C9C2118B96D893442683;1;1;1;4EFE7354ED8975E228E3C1ADF61340351F1CBA75;4;409;C81.9;20260714;01;;;;;;19890227;1;01;150130;111.64;0.00;0.00;271.06;0.00;0.00;0.00;0.00;0.00;0.00;0.00;0.00;0.00;382.70;451.59;2026-08-17 16:01:53;140133
D68FD8035E26A00787470F838D825A533FBE6A7F;FA000B14669AFA164CA94DE1EF8D776F1539484F;01;8A5328E25FFA3AA93F0EF8960432085FD53A97ED;1;1;1;135DF1134702B6BE84FEF2763A7D3D8368F29CFD;4;409;C64.X;20260714;01;;;;;;19790103;2;01;150130;111.64;0.00;0.00;0.00;0.00;0.00;0.00;0.00;0.00;0.00;0.00;0.00;0.00;111.64;131.74;2026-08-17 16:01:53;060101
D68FD8035E26A00787470F838D825A533FBE6A7F;FA000B14669AFA164CA94DE1EF8D776F1539484F;01;4425BC1F90E27A88E78658A45382E914C507B43C;1;1;1;C419C368E261D2F487E3DAD9E10F4809E9643E48;4;409;C50.0;20260714;01;;;;;;19670820;2;02;150130;111.64;0.00;0.00;0.00;0.00;0.00;0.00;0.00;0.00;0.00;0.00;0.00;0.00;111.64;131.74;2026-08-17 16:01:53;140106
D68FD8035E26A00787470F838D825A533FBE6A7F;FA000B14669AFA164CA94DE1EF8D776F1539484F;01;13F88776CB5D90344BC22B4F42452207109F8DF3;1;1;1;4CA3F87D534E266DEE2EADCAC6731B82EBD9784A;4;409;C61.X;20260714;01;;;;;;19611222;1;01;150130;111.64;0.00;0.00;0.00;0.00;0.00;0.00;0.00;0.00;0.00;0.00;0.00;0.00;111.64;131.74;2026-08-17 16:01:53;140130
D68FD8035E26A00787470F838D825A533FBE6A7F;FA000B14669AFA164CA94DE1EF8D776F1539484F;01;D5AFB92BE3F8A002F48985D4AA1CDFC558F1DDF5;1;1;1;C419C368E261D2F487E3DAD9E10F4809E9643E48;4;409;C50.9;20260714;01;;;;;;19670820;2;02;150130;0.00;0.00;0.00;0.00;0.00;0.00;0.00;70.50;0.00;0.00;0.00;0.00;0.00;70.50;70.50;2026-08-17 16:01:53;140106
D68FD8035E26A00787470F838D825A533FBE6A7F;FA000B14669AFA164CA94DE1EF8D776F1539484F;01;40A907BE5B50A2EBB2B793822629D6C6E2AECB80;1;1;1;C419C368E261D2F487E3DAD9E10F4809E9643E48;4;409;C50.9;20260714;01;;;;;;19670820;2;02;150130;111.64;0.00;0.00;330.08;0.00;0.00;0.00;0.00;0.00;0.00;0.00;0.00;0.00;441.72;521.23;2026-08-17 16:01:53;140106
D68FD8035E26A00787470F838D825A533FBE6A7F;FA000B14669AFA164CA94DE1EF8D776F1539484F;01;B731221339217A78DF9A7F63D9FF9BD3DD56D221;1;1;1;CE67B75AC7E42535655043A63818F60F7E329B76;4;409;C50.9;20260714;01;;;;;;19561117;2;02;150130;75.19;0.00;44.03;0.00;0.00;0.00;0.00;0.00;0.00;0.00;0.00;0.00;0.00;119.22;140.68;2026-08-17 16:01:53;140101
D68FD8035E26A00787470F838D825A533FBE6A7F;FA000B14669AFA164CA94DE1EF8D776F1539484F;01;6DE6CCDD343C36425064BD2B9C2596E2C6B1CFE1;1;1;1;81ECFB64DFE5F09CE1E80FD26E584855F3653E40;4;409;C34.9;20260714;01;;;;;;19460206;1;01;150130;0.00;0.00;0.00;237.40;0.00;0.00;0.00;0.00;0.00;0.00;0.00;0.00;0.00;237.40;280.13;2026-08-17 16:01:53;140124
D68FD8035E26A00787470F838D825A533FBE6A7F;FA000B14669AFA164CA94DE1EF8D776F1539484F;01;80541327A74AF3FFDDBB1C5DA7D3E298525A5EC9;1;1;1;335F05726D3C9A9F363C5DFB89BB67D5E521514A;4;409;C16.9;20260714;01;;;;;;19851230;2;02;150130;111.64;0.00;0.00;0.00;0.00;0.00;0.00;0.00;0.00;0.00;0.00;0.00;0.00;111.64;131.74;2026-08-17 16:01:53;240102
D68FD8035E26A00787470F838D825A533FBE6A7F;FA000B14669AFA164CA94DE1EF8D776F1539484F;01;D3AEDCE1E82A96B5F56024027D5E40AFF79865D4;1;1;1;E060A4B98ED2CEE2983B0A98B1A4D1BC3A3FBFE9;4;409;C16.2;20260714;01;;;;;;19460909;1;01;150130;111.64;0.00;0.00;0.00;0.00;0.00;0.00;0.00;0.00;0.00;0.00;0.00;0.00;111.64;131.74;2026-08-17 16:01:53;140130
D68FD8035E26A00787470F838D825A533FBE6A7F;FA000B14669AFA164CA94DE1EF8D776F1539484F;01;ED9671A29E9E2740B9D2D24C519C1B0F3EDE48EA;1;3;1;DA5E9107B767B1B2C4ED86F0230550F2AB2471E4;4;409;C81.7;20260714;01;;;;;;20060810;1;03;150130;111.64;0.00;0.00;509.14;0.00;0.00;0.00;0.00;0.00;0.00;0.00;0.00;0.00;620.78;732.52;2026-08-17 16:01:53;140115
D68FD8035E26A00787470F838D825A533FBE6A7F;FA000B14669AFA164CA94DE1EF8D776F1539484F;01;C2D17ECEC7CA407067F1FC7AAF7F641AABDC2582;1;1;1;DD1294149671D4AD7BCAB9BE93763396349C7451;4;409;C18.9;20260714;01;;;;;;19721125;2;02;150130;0.00;0.00;0.00;102.52;0.00;0.00;0.00;0.00;0.00;0.00;0.00;0.00;0.00;102.52;120.97;2026-08-17 16:01:53;140112
D68FD8035E26A00787470F838D825A533FBE6A7F;FA000B14669AFA164CA94DE1EF8D776F1539484F;01;C10271BE5ED83A1D9C870E4F0AAD9EDFF2DBE993;1;3;1;7C57800F843212538ABB1708EA376D0AD46BCD9E;4;409;C90.0;20260714;01;;;;;;19561017;1;02;150130;111.64;0.00;0.00;0.00;0.00;0.00;0.00;0.00;0.00;0.00;0.00;0.00;0.00;111.64;131.74;2026-08-17 16:01:53;140130
D68FD8035E26A00787470F838D825A533FBE6A7F;FA000B14669AFA164CA94DE1EF8D776F1539484F;01;2CA95C6755E09A44779FB4CB936B1F449072CED8;1;1;1;E05865CE606B5CD76A6C881CB9502756F0C5B766;4;409;C54.9;20260714;01;;;;;;19671202;2;01;150130;111.64;0.00;0.00;0.00;0.00;0.00;0.00;0.00;0.00;0.00;0.00;0.00;0.00;111.64;131.74;2026-08-17 16:01:53;130101
D68FD8035E26A00787470F838D825A533FBE6A7F;FA000B14669AFA164CA94DE1EF8D776F1539484F;01;B4B706C80D3551A4C398DF5E8C97463F69B0D599;1;1;1;63254BED3B1C294F0808AFAAAE2FC47654770C75;4;409;C50.9;20260714;01;;;;;;19670619;2;01;150130;111.64;0.00;0.00;141.45;0.00;0.00;0.00;0.00;0.00;0.00;0.00;0.00;0.00;253.09;298.65;2026-08-17 16:01:53;140136
D68FD8035E26A00787470F838D825A533FBE6A7F;FA000B14669AFA164CA94DE1EF8D776F1539484F;01;35FA468DDFB1346B09FA30207C7671B661D23A15;1;1;1;881CDE35B56240024DDEFB24EB7C9521496C9B74;4;409;C16.9;20260714;01;;;;;;19600516;1;01;150130;111.64;0.00;0.00;0.00;0.00;0.00;0.00;0.00;0.00;0.00;0.00;0.00;0.00;111.64;131.74;2026-08-17 16:01:53;140130
D68FD8035E26A00787470F838D825A533FBE6A7F;FA000B14669AFA164CA94DE1EF8D776F1539484F;01;5251449904C9788D962A8A13E12058F353875CAA;1;1;1;BC7C7EB9DE5A7547180258E24F750F69E7DC69AF;4;409;C50.9;20260714;01;;;;;;19820801;2;01;150130;111.64;0.00;0.00;0.00;0.00;0.00;0.00;0.00;0.00;0.00;0.00;0.00;0.00;111.64;131.74;2026-08-17 16:01:53;140117
D68FD8035E26A00787470F838D825A533FBE6A7F;FA000B14669AFA164CA94DE1EF8D776F1539484F;01;2048A0CB98DDA88714C925FA833B9F7908ADD917;1;1;1;ACAAB102E3212E83E987F7500A6936DB02C58A64;4;409;C43.4;20260714;01;;;;;;19410528;1;02;150130;111.64;0.00;0.00;0.00;0.00;0.00;0.00;0.00;0.00;0.00;0.00;0.00;0.00;111.64;131.74;2026-08-17 16:01:53;140130
D68FD8035E26A00787470F838D825A533FBE6A7F;FA000B14669AFA164CA94DE1EF8D776F1539484F;01;204031BE0B314FE41C66FE5FDD3C849A9C7323C3;1;1;1;B2B4E260D4FEE8463C2A3CDDCEC010A8A1B241D9;4;409;C61.X;20260714;01;;;;;;19620825;1;01;150130;0.00;0.00;0.00;64.99;0.00;0.00;0.00;0.00;0.00;0.00;0.00;0.00;0.00;64.99;76.69;2026-08-17 16:01:53;140109
D68FD8035E26A00787470F838D825A533FBE6A7F;FA000B14669AFA164CA94DE1EF8D776F1539484F;01;7E960BD72E257FE26280279E13E4D0C63C31C071;1;1;1;E40835997178C7173686BC77CBF9C5B4B198E101;4;409;C50.4;20260714;01;;;;;;19800820;2;02;150130;74.61;0.00;0.00;0.00;0.00;0.00;0.00;0.00;0.00;0.00;0.00;0.00;0.00;74.61;88.04;2026-08-17 16:01:53;140103
D68FD8035E26A00787470F838D825A533FBE6A7F;FA000B14669AFA164CA94DE1EF8D776F1539484F;01;4C4D2B8AA48253BA225E92DAD7C4D5986D0F03C3;1;1;1;EBE4BCD585163AE4497A6689F1B2D8C95515463C;4;409;C73.X;20260714;01;;;;;;19970930;2;01;150130;0.00;0.00;0.00;455.36;0.00;0.00;0.00;0.00;0.00;0.00;0.00;0.00;0.00;455.36;537.32;2026-08-17 16:01:53;120101
D68FD8035E26A00787470F838D825A533FBE6A7F;FA000B14669AFA164CA94DE1EF8D776F1539484F;01;624DFD5B84051F4DADA4CE507313C395A5405E01;1;1;1;65492C101F7D198659BEF1D9393028E7D8D286B3;4;409;C50.9;20260713;10;;;;;;19720705;2;02;150130;77.38;0.00;0.00;0.00;0.00;0.00;0.00;0.00;0.00;0.00;0.00;0.00;0.00;77.38;91.31;2026-08-17 16:01:53;140140
D68FD8035E26A00787470F838D825A533FBE6A7F;FA000B14669AFA164CA94DE1EF8D776F1539484F;01;DC5EBA4F2895F32CF1928D681F5FB44FCE50B694;1;1;1;14271BAFCAEA2D355BB50B8E3411F9B1D3DE6058;4;409;C50.9;20260713;10;;;;;;19850212;2;02;150130;77.38;0.00;0.00;0.00;0.00;0.00;0.00;0.00;0.00;0.00;0.00;0.00;0.00;77.38;91.31;2026-08-17 16:01:53;140131
D68FD8035E26A00787470F838D825A533FBE6A7F;FA000B14669AFA164CA94DE1EF8D776F1539484F;01;ECB864BB6D243C3222CD68098A2D7EAC551C15C6;1;1;1;E4CCDF9385B9736EF0A8639C25FD40EB7410EAE8;4;409;C18.9;20260713;10;;;;;;19631117;2;02;150130;77.38;0.00;0.00;0.00;0.00;0.00;0.00;0.00;0.00;0.00;0.00;0.00;0.00;77.38;91.31;2026-08-17 16:01:53;140127
D68FD8035E26A00787470F838D825A533FBE6A7F;FA000B14669AFA164CA94DE1EF8D776F1539484F;01;5A0846BFD5262B3398B884AA41EE00DC213CBE1E;1;1;1;4E803FC609EAE0623DDB161E8F8C9AA21F1048AC;4;409;C50.9;20260714;10;;;;;;19771129;2;01;150130;77.38;0.00;0.00;0.00;0.00;0.00;0.00;0.00;0.00;0.00;0.00;0.00;0.00;77.38;91.31;2026-08-17 16:01:53;140130
D68FD8035E26A00787470F838D825A533FBE6A7F;3E13267A43246CD572F55EF46978925FAFAA8A0D;01;308BCD1D6BD09BC85BAEB3D24EEA6879C18B9FED;1;1;1;9E111BC2DD112C88446271B9558ADC99951CC200;2;100;G44.2;20260518;01;;;;;;19840116;2;01;150101;161.81;0.00;0.00;0.00;0.00;0.36;0.00;0.00;0.00;0.00;0.00;0.00;0.00;162.17;191.36;2026-08-17 16:01:53;120110
D68FD8035E26A00787470F838D825A533FBE6A7F;3E13267A43246CD572F55EF46978925FAFAA8A0D;01;D6BD1F1E967199416DC6C27E7BF4C15183BBF5ED;1;1;1;1114A0BC437486FF899A35D8369B0C1322EB26F3;2;100;K30.X;20260518;01;;;;;;19820912;2;01;150101;161.81;0.00;0.00;0.00;0.00;23.75;0.00;0.00;0.00;0.00;0.00;0.00;0.00;185.56;218.96;2026-08-17 16:01:53;120101
D68FD8035E26A00787470F838D825A533FBE6A7F;3E13267A43246CD572F55EF46978925FAFAA8A0D;01;516C01B9EEB152C7F2C9158CBB79A52ED527A4F3;1;1;1;B17B88A4E8453FEDF8C11AFA9883322673245CA1;2;100;J02.9;20260518;01;;;;;;19991129;2;01;150101;161.81;0.00;0.00;0.00;0.00;37.38;0.00;0.00;0.00;0.00;0.00;0.00;0.00;199.19;235.04;2026-08-17 16:01:53;140140
D68FD8035E26A00787470F838D825A533FBE6A7F;3E13267A43246CD572F55EF46978925FAFAA8A0D;01;3EDA86490AAE0C3773B9566FAC31B5AA9458D278;1;1;1;BBA44D280A660793CD154337494D38E85550CD82;2;100;J00.X;20260518;01;;;;;;19900203;2;01;150101;161.81;0.00;0.00;0.00;0.00;19.89;0.00;0.00;0.00;0.00;0.00;0.00;0.00;181.70;214.41;2026-08-17 16:01:53;120807
D68FD8035E26A00787470F838D825A533FBE6A7F;3E13267A43246CD572F55EF46978925FAFAA8A0D;01;967F508AD9E92F755103120B364FDB9FC5445E6C;1;1;1;86464000E1B7FD83F59D0B9EE6DDFBCE28AB2700;2;100;S02.5;20260519;01;;;;;;19850405;1;01;150101;161.81;0.00;0.00;0.00;0.00;1.02;0.00;0.00;0.00;0.00;0.00;0.00;0.00;162.83;192.14;2026-08-17 16:01:53;120111
D68FD8035E26A00787470F838D825A533FBE6A7F;3E13267A43246CD572F55EF46978925FAFAA8A0D;01;B7DC98A27B4AE442467D4106E27B9CD5133A7460;1;1;1;3A5C3F324E41F38749FA84955649B42C347005A7;2;100;R51.X;20260519;01;;;;;;19830127;2;01;150101;161.81;0.00;0.00;0.00;0.00;10.00;0.00;0.00;0.00;0.00;0.00;0.00;0.00;171.81;202.74;2026-08-17 16:01:53;120101
D68FD8035E26A00787470F838D825A533FBE6A7F;3E13267A43246CD572F55EF46978925FAFAA8A0D;01;30709125282049C6FD2CCD030D6EC682C4E1A5CC;1;1;1;05C09F01980AE1C410B96284A3886C11E5DEA52A;2;100;M54.5;20260519;01;;;;;;19771111;2;01;150101;161.81;0.00;0.00;0.00;0.00;21.73;0.00;0.00;0.00;0.00;0.00;0.00;0.00;183.54;216.58;2026-08-17 16:01:53;120101
D68FD8035E26A00787470F838D825A533FBE6A7F;3E13267A43246CD572F55EF46978925FAFAA8A0D;01;E8B0BDD32DE8DACC38713ACA28DA4B436F3EC8F1;1;1;1;3617DDE89AA5759D88E55E0F589B6D372D3FCEB3;2;100;R22.3;20260520;01;;;;;;19770407;2;01;150101;161.81;0.00;0.00;0.00;0.00;11.16;0.00;0.00;0.00;0.00;0.00;0.00;0.00;172.97;204.11;2026-08-17 16:01:53;120111
D68FD8035E26A00787470F838D825A533FBE6A7F;3E13267A43246CD572F55EF46978925FAFAA8A0D;01;0F4E87E748C317CDF16BF1830559B95E52DF5901;1;1;1;6DFA8EC9A4B3BA9DEB1B647763C905B2D0F05A42;2;100;J00.X;20260521;01;;;;;;19770210;1;01;150101;161.81;0.00;0.00;0.00;0.00;29.81;0.00;0.00;0.00;0.00;0.00;0.00;0.00;191.62;226.11;2026-08-17 16:01:53;120107
D68FD8035E26A00787470F838D825A533FBE6A7F;3E13267A43246CD572F55EF46978925FAFAA8A0D;01;A119DEB6A65D492FD717D952229D9ED9C6D346A0;1;1;1;8998EF737B5E1D72715C87E80802275C081EA5A3;2;100;H10.3;20260522;01;;;;;;19890715;2;01;150101;161.81;0.00;0.00;0.00;0.00;10.29;0.00;0.00;0.00;0.00;0.00;0.00;0.00;172.10;203.08;2026-08-17 16:01:53;120101
D68FD8035E26A00787470F838D825A533FBE6A7F;3E13267A43246CD572F55EF46978925FAFAA8A0D;01;AFFD415FCDA060BD220C7C639473BA22FABACE35;1;1;1;D4F99D4FBD90F6579FC12BB4F5C61A8397A3B726;2;100;J00.X;20260522;01;;;;;;19631112;2;01;150101;161.81;0.00;0.00;0.00;0.00;15.21;0.00;0.00;0.00;0.00;0.00;0.00;0.00;177.02;208.88;2026-08-17 16:01:53;120107
D68FD8035E26A00787470F838D825A533FBE6A7F;3E13267A43246CD572F55EF46978925FAFAA8A0D;01;E5EF5A5842D119D1FA3C2165116CD0D62BB3C581;1;1;1;A2EB776D0218AF9923C054DF9CEB076CDF86A125;2;100;R11.X;20260522;01;;;;;;19770705;2;01;150101;161.81;0.00;0.00;0.00;0.00;8.79;0.00;0.00;0.00;0.00;0.00;0.00;0.00;170.60;201.31;2026-08-17 16:01:53;120107
D68FD8035E26A00787470F838D825A533FBE6A7F;3E13267A43246CD572F55EF46978925FAFAA8A0D;01;9916CB22F9E0B1EE48220A7793A30125E99BF521;1;1;1;3617DDE89AA5759D88E55E0F589B6D372D3FCEB3;2;100;J02.9;20260525;01;;;;;;19770407;2;01;150101;161.82;0.00;0.00;0.00;0.00;15.27;0.00;0.00;0.00;0.00;0.00;0.00;0.00;177.09;208.97;2026-08-17 16:01:53;120111
D68FD8035E26A00787470F838D825A533FBE6A7F;3E13267A43246CD572F55EF46978925FAFAA8A0D;01;B0AE69D0D7DF47A7BE016F4AF42AC0572527D8D8;1;1;1;05C09F01980AE1C410B96284A3886C11E5DEA52A;2;100;J02.9;20260525;01;;;;;;19771111;2;01;150101;161.82;0.00;0.00;0.00;0.00;40.27;0.00;0.00;0.00;0.00;0.00;0.00;0.00;202.09;238.47;2026-08-17 16:01:53;120101
D68FD8035E26A00787470F838D825A533FBE6A7F;3E13267A43246CD572F55EF46978925FAFAA8A0D;01;E1D2CA1103229FCC3C6734FADE5D1CC1227BF2CB;1;1;1;1A134CCDC6EE437141A817D0F593C1E0D3C2F369;2;100;J00.X;20260525;01;;;;;;19880117;2;01;150101;161.82;0.00;0.00;0.00;0.00;11.44;0.00;0.00;0.00;0.00;0.00;0.00;0.00;173.26;204.45;2026-08-17 16:01:53;120101
D68FD8035E26A00787470F838D825A533FBE6A7F;3E13267A43246CD572F55EF46978925FAFAA8A0D;01;C22A655576182C938B1092DC784ED0F671BF014B;1;1;1;D1DA8CB3A5467541020B9ED9DA83AC36F6C5AD30;2;100;A09.X;20260526;01;;;;;;19830619;1;01;150101;161.82;0.00;0.00;0.00;0.00;23.90;0.00;0.00;0.00;0.00;0.00;0.00;0.00;185.72;219.15;2026-08-17 16:01:53;120101
D68FD8035E26A00787470F838D825A533FBE6A7F;3E13267A43246CD572F55EF46978925FAFAA8A0D;01;783835C869FE984D770FBB3E239D6BCE130D9CF0;1;1;1;39AFC80062B9F249E972B30C2C72BA8CF4789453;2;100;M54.5;20260526;01;;;;;;19790208;1;01;150101;161.82;0.00;0.00;0.00;0.00;16.93;0.00;0.00;0.00;0.00;0.00;0.00;0.00;178.75;210.93;2026-08-17 16:01:53;120804
D68FD8035E26A00787470F838D825A533FBE6A7F;3E13267A43246CD572F55EF46978925FAFAA8A0D;01;619D3EC1C24C541DF715D3D1F93CA17106EDCB4C;1;1;1;F118F4BAE5F9A043159FD11CC11CF097DC284194;2;100;M77.9;20260526;01;;;;;;19720925;1;01;150101;161.82;0.00;0.00;0.00;0.00;11.46;0.00;0.00;0.00;0.00;0.00;0.00;0.00;173.28;204.47;2026-08-17 16:01:53;120111
D68FD8035E26A00787470F838D825A533FBE6A7F;3E13267A43246CD572F55EF46978925FAFAA8A0D;01;F1DA27D4F740DC9C31BA0E99156FABE5FC51E15C;1;1;1;03BE7F56D088D4E5764FDA6668F8C2BE2872B5E0;2;100;I10.X;20260526;01;;;;;;19890322;1;01;150101;161.82;0.00;0.00;0.00;0.00;0.00;0.00;0.00;0.00;0.00;0.00;0.00;0.00;161.82;190.95;2026-08-17 16:01:53;120101
D68FD8035E26A00787470F838D825A533FBE6A7F;3E13267A43246CD572F55EF46978925FAFAA8A0D;01;A590B44987274C583CEBFDDD650BB4E56F5A570C;1;1;1;D2E1F26A21F5B21BBA00918F2146AC8D16D84683;2;100;R51.X;20260527;01;;;;;;19660402;2;01;150101;161.82;0.00;0.00;0.00;0.00;15.00;0.00;0.00;0.00;0.00;0.00;0.00;0.00;176.82;208.65;2026-08-17 16:01:53;120107
D68FD8035E26A00787470F838D825A533FBE6A7F;3E13267A43246CD572F55EF46978925FAFAA8A0D;01;FC267592A7A6254E9525973A4A049A0133535220;1;1;1;EAB68114BA37016DC9D30420BDB0F282733DD84F;2;100;R51.X;20260526;01;;;;;;19940309;1;01;150101;161.82;0.00;0.00;0.00;0.00;0.54;0.00;0.00;0.00;0.00;0.00;0.00;0.00;162.36;191.59;2026-08-17 16:01:53;120101
D68FD8035E26A00787470F838D825A533FBE6A7F;3E13267A43246CD572F55EF46978925FAFAA8A0D;01;0F02E5F75CCB7A8208D606E81F212F3DE23E7D06;1;1;1;D4F99D4FBD90F6579FC12BB4F5C61A8397A3B726;2;100;J02.9;20260526;01;;;;;;19631112;2;01;150101;161.82;0.00;0.00;0.00;0.00;60.06;0.00;0.00;0.00;0.00;0.00;0.00;0.00;221.88;261.82;2026-08-17 16:01:53;120107
D68FD8035E26A00787470F838D825A533FBE6A7F;3E13267A43246CD572F55EF46978925FAFAA8A0D;01;FAD8866D2832F03B74296F5DC513BF0662C07F4F;1;1;1;863A9FDA3798CFF65FD6A1F5BDD7A438CBBCEE57;2;100;R51.X;20260527;01;;;;;;19801029;2;01;150101;161.82;0.00;0.00;0.00;0.00;10.00;0.00;0.00;0.00;0.00;0.00;0.00;0.00;171.82;202.75;2026-08-17 16:01:53;140110
D68FD8035E26A00787470F838D825A533FBE6A7F;3E13267A43246CD572F55EF46978925FAFAA8A0D;01;B096213CA6CCFAF0F36ECD37CE662CACCD7A7350;1;1;1;64D5C97C845A63872AAA8BA4D809C8B1AF893D0E;2;100;S93.4;20260527;01;;;;;;19660303;2;01;150101;161.82;0.00;0.00;0.00;0.00;10.71;0.00;0.00;0.00;0.00;0.00;0.00;0.00;172.53;203.59;2026-08-17 16:01:53;120101
D68FD8035E26A00787470F838D825A533FBE6A7F;3E13267A43246CD572F55EF46978925FAFAA8A0D;01;53B91252F3A8A05815780CD129382DF13CDEE93E;1;1;1;9B8372F63D12F526B2235AA6B1C3B49093A84CFD;2;100;N39.0;20260528;01;;;;;;19950922;2;01;150101;161.82;0.00;0.00;190.00;0.00;0.00;0.00;0.00;0.00;0.00;0.00;0.00;0.00;351.82;415.15;2026-08-17 16:01:53;120101
D68FD8035E26A00787470F838D825A533FBE6A7F;3E13267A43246CD572F55EF46978925FAFAA8A0D;01;E3873C2E285742AAC3A435BA56C4E0F351C09947;1;1;1;B89DF6EC0D2AD61131B5D3FDAD7B5AC0660D26F3;2;100;S60.1;20260529;01;;;;;;19750103;1;01;150101;161.82;0.00;0.00;0.00;0.00;1.02;0.00;0.00;0.00;0.00;0.00;0.00;0.00;162.84;192.15;2026-08-17 16:01:53;120101
D68FD8035E26A00787470F838D825A533FBE6A7F;3E13267A43246CD572F55EF46978925FAFAA8A0D;01;03DAB7AB742EB3E0F1E10DEADCB431F651710AC5;1;1;1;D5C75B8C47EF20EAE76C08DC730552522D5C7D65;2;100;A09.X;20260529;01;;;;;;19891105;1;01;150101;161.82;0.00;0.00;0.00;0.00;47.80;0.00;0.00;0.00;0.00;0.00;0.00;0.00;209.62;247.35;2026-08-17 16:01:53;120101
D68FD8035E26A00787470F838D825A533FBE6A7F;3E13267A43246CD572F55EF46978925FAFAA8A0D;01;A438BF62685D8BF7D41816BB9867AE23955FF855;1;1;1;A0CA620821C05EDAED5D85A690FC78D859952026;2;100;J30.4;20260529;01;;;;;;19860904;2;01;150101;161.82;0.00;0.00;0.00;0.00;22.44;0.00;0.00;0.00;0.00;0.00;0.00;0.00;184.26;217.43;2026-08-17 16:01:53;021301
D68FD8035E26A00787470F838D825A533FBE6A7F;3E13267A43246CD572F55EF46978925FAFAA8A0D;01;6A5CD27E6CDC8C43FC9F88880560B7695E974DF2;1;1;1;9B8372F63D12F526B2235AA6B1C3B49093A84CFD;2;100;Z71.9;20260601;01;;;;;;19950922;2;01;150101;161.82;0.00;0.00;0.00;0.00;0.00;0.00;0.00;0.00;0.00;0.00;0.00;0.00;161.82;190.95;2026-08-17 16:01:53;120101
D68FD8035E26A00787470F838D825A533FBE6A7F;3E13267A43246CD572F55EF46978925FAFAA8A0D;01;55D7D15565AD8FDDDFEF7B3BCEDE7B46B78BFB30;1;1;1;863A9FDA3798CFF65FD6A1F5BDD7A438CBBCEE57;2;100;J02.9;20260602;01;;;;;;19801029;2;01;150101;161.82;0.00;0.00;0.00;0.00;52.23;0.00;0.00;0.00;0.00;0.00;0.00;0.00;214.05;252.58;2026-08-17 16:01:53;140110
D68FD8035E26A00787470F838D825A533FBE6A7F;3E13267A43246CD572F55EF46978925FAFAA8A0D;01;C9E5494CADC2D0823880096A154BFE812ED590D5;1;1;1;39476E96604C6015FDB2DD4B7E596164F01C9443;2;100;J02.9;20260602;01;;;;;;19971130;2;01;150101;161.82;0.00;0.00;0.00;0.00;18.95;0.00;0.00;0.00;0.00;0.00;0.00;0.00;180.77;213.31;2026-08-17 16:01:53;130112
D68FD8035E26A00787470F838D825A533FBE6A7F;3E13267A43246CD572F55EF46978925FAFAA8A0D;01;43F4177D41778B5BB9130D8185A49D7B5D33BAA9;1;1;1;A4A6CC42264BA3C0D35FCE32C245BBB877BBB89F;2;100;W54.0;20260602;01;;;;;;19780724;1;01;150101;161.82;0.00;0.00;0.00;0.00;112.38;0.00;0.00;0.00;0.00;0.00;0.00;0.00;274.20;323.56;2026-08-17 16:01:53;120101
D68FD8035E26A00787470F838D825A533FBE6A7F;3E13267A43246CD572F55EF46978925FAFAA8A0D;01;42D1DEF399A5FE75BE19866A1F3F35E19BB56720;1;1;1;D2159CBB98A4126E8CA46F62A48CA7ECC744DE0E;2;100;M54.5;20260602;01;;;;;;19670329;2;01;150101;161.82;0.00;0.00;0.00;0.00;8.34;0.00;0.00;0.00;0.00;0.00;0.00;0.00;170.16;200.79;2026-08-17 16:01:53;120101
D68FD8035E26A00787470F838D825A533FBE6A7F;3E13267A43246CD572F55EF46978925FAFAA8A0D;01;4B50B38D364B8E8C70F4E75C4C7C0A71E960E1C1;1;1;1;D4F99D4FBD90F6579FC12BB4F5C61A8397A3B726;2;100;E79.0;20260602;01;;;;;;19631112;2;01;150101;161.82;0.00;0.00;0.00;0.00;0.00;0.00;0.00;0.00;0.00;0.00;0.00;0.00;161.82;190.95;2026-08-17 16:01:53;120107
D68FD8035E26A00787470F838D825A533FBE6A7F;3E13267A43246CD572F55EF46978925FAFAA8A0D;01;752494ECB8CD89B85E45C4C395AF28A00D1510BB;1;1;1;05C09F01980AE1C410B96284A3886C11E5DEA52A;2;100;Z71.9;20260607;01;;;;;;19771111;2;01;150101;161.82;0.00;0.00;0.00;0.00;22.71;0.00;0.00;0.00;0.00;0.00;0.00;0.00;184.53;217.75;2026-08-17 16:01:53;120101
D68FD8035E26A00787470F838D825A533FBE6A7F;3E13267A43246CD572F55EF46978925FAFAA8A0D;01;D8BF91ACB4226B4AA7B91AD10726A1DBD58AA9B5;1;1;1;B838C7E4F24A634424759851955836062EDDAD2E;2;100;R51.X;20260603;01;;;;;;19670224;1;01;150101;161.82;0.00;0.00;0.00;0.00;25.20;0.00;0.00;0.00;0.00;0.00;0.00;0.00;187.02;220.68;2026-08-17 16:01:53;120111
D68FD8035E26A00787470F838D825A533FBE6A7F;3E13267A43246CD572F55EF46978925FAFAA8A0D;01;C3C424948047262810EF9BF1AE00A72CCD8F4CDC;1;1;1;A767E6356E0D62E14AA19C42A03906AF09565D27;2;100;H92.0;20260605;01;;;;;;19840216;2;01;150101;161.82;0.00;0.00;0.00;0.00;39.79;0.00;0.00;0.00;0.00;0.00;0.00;0.00;201.61;237.90;2026-08-17 16:01:53;120101
D68FD8035E26A00787470F838D825A533FBE6A7F;3E13267A43246CD572F55EF46978925FAFAA8A0D;01;577D90C946172C0B00086CFEE467869F421E42E5;1;1;1;DE2493D2C4DE12FE6BF1F7EA8F3EC14D13CBBB7E;2;100;S40.0;20260605;01;;;;;;19691113;2;01;150101;161.82;0.00;0.00;0.00;0.00;6.43;0.00;0.00;0.00;0.00;0.00;0.00;0.00;168.25;198.54;2026-08-17 16:01:53;120101
D68FD8035E26A00787470F838D825A533FBE6A7F;3E13267A43246CD572F55EF46978925FAFAA8A0D;01;5E79D0A020AFEEB24C411879CC58A83F8F51B42B;1;1;1;E04E8918EB58A3D13FA107E7A35297A6D171A120;2;100;J00.X;20260605;01;;;;;;19630308;2;01;150101;161.82;0.00;0.00;0.00;0.00;23.25;0.00;0.00;0.00;0.00;0.00;0.00;0.00;185.07;218.38;2026-08-17 16:01:53;120101
D68FD8035E26A00787470F838D825A533FBE6A7F;3E13267A43246CD572F55EF46978925FAFAA8A0D;01;979D0E48E2CF4B94260B789C267D88295742A7B6;1;1;1;05C09F01980AE1C410B96284A3886C11E5DEA52A;2;100;J20.9;20260605;01;;;;;;19771111;2;01;150101;161.82;0.00;0.00;89.12;0.00;0.00;0.00;0.00;0.00;0.00;0.00;0.00;0.00;250.94;296.11;2026-08-17 16:01:53;120101
D68FD8035E26A00787470F838D825A533FBE6A7F;3E13267A43246CD572F55EF46978925FAFAA8A0D;01;7B4CBEB45F7F8DBDE11B655FEE0412B9C5BE9BEF;1;1;1;9B8C05F62EAD44BBF4AE0D29AF1C938EF2DACADC;2;100;J00.X;20260608;01;;;;;;19950622;1;01;150101;161.82;0.00;0.00;0.00;0.00;29.74;0.00;0.00;0.00;0.00;0.00;0.00;0.00;191.56;226.04;2026-08-17 16:01:53;120101
D68FD8035E26A00787470F838D825A533FBE6A7F;3E13267A43246CD572F55EF46978925FAFAA8A0D;01;9D45521864F54C86E93513A2820D46BDE2367A83;1;1;1;9825410065EB4A08896AC3838112563C3D6B7896;2;100;R11.X;20260608;01;;;;;;19601026;1;01;150101;161.82;0.00;0.00;0.00;0.00;14.12;0.00;0.00;0.00;0.00;0.00;0.00;0.00;175.94;207.61;2026-08-17 16:01:53;120111
D68FD8035E26A00787470F838D825A533FBE6A7F;3E13267A43246CD572F55EF46978925FAFAA8A0D;01;28E33CAA765229D785A7299D6C660B3119FE21CA;1;1;1;CC6ED0544199D09E0295BCBC55DC16BCADAA3A22;2;100;J00.X;20260608;01;;;;;;19790804;1;01;150101;161.82;0.00;0.00;0.00;0.00;42.33;0.00;0.00;0.00;0.00;0.00;0.00;0.00;204.15;240.90;2026-08-17 16:01:53;120111
D68FD8035E26A00787470F838D825A533FBE6A7F;3E13267A43246CD572F55EF46978925FAFAA8A0D;01;63DD5D4364A81EB15F4A51658098498FE41C667A;1;1;1;05C09F01980AE1C410B96284A3886C11E5DEA52A;2;100;M54.5;20260608;01;;;;;;19771111;2;01;150101;161.82;0.00;0.00;37.80;0.00;101.17;0.00;0.00;0.00;0.00;0.00;0.00;0.00;300.79;354.93;2026-08-17 16:01:53;120101
D68FD8035E26A00787470F838D825A533FBE6A7F;3E13267A43246CD572F55EF46978925FAFAA8A0D;01;946FC5DD46B2F8D068FD8F6EC87ECDDA31AC7DD3;1;1;1;A0CA620821C05EDAED5D85A690FC78D859952026;2;100;L30.9;20260608;01;;;;;;19860904;2;01;150101;161.82;0.00;0.00;0.00;0.00;14.37;0.00;0.00;0.00;0.00;0.00;0.00;0.00;176.19;207.90;2026-08-17 16:01:53;021301
D68FD8035E26A00787470F838D825A533FBE6A7F;3E13267A43246CD572F55EF46978925FAFAA8A0D;01;493AE67D5DB48D9BE2B377EEA7E723B14684D437;1;1;1;4774960FD829C083C6DD1204A62FA1BA763823C1;2;100;K52.9;20260608;01;;;;;;19921129;1;01;150101;161.82;0.00;0.00;0.00;0.00;46.39;0.00;0.00;0.00;0.00;0.00;0.00;0.00;208.21;245.69;2026-08-17 16:01:53;120101
D68FD8035E26A00787470F838D825A533FBE6A7F;3E13267A43246CD572F55EF46978925FAFAA8A0D;01;68B69675D409E2081103294F479A8D268C156BCD;1;1;1;5305277DD181FB6A4E4443416C98ABC78FAB196E;2;100;K29.9;20260608;01;;;;;;19800421;1;01;150101;161.82;0.00;0.00;0.00;0.00;37.24;0.00;0.00;0.00;0.00;0.00;0.00;0.00;199.06;234.89;2026-08-17 16:01:53;120101
D68FD8035E26A00787470F838D825A533FBE6A7F;3E13267A43246CD572F55EF46978925FAFAA8A0D;01;2084288069153E75AC636EC9E58849746B447660;1;1;1;05C09F01980AE1C410B96284A3886C11E5DEA52A;2;100;R30.0;20260609;01;;;;;;19771111;2;01;150101;161.82;0.00;0.00;0.00;0.00;4.50;0.00;0.00;0.00;0.00;0.00;0.00;0.00;166.32;196.26;2026-08-17 16:01:53;120101
D68FD8035E26A00787470F838D825A533FBE6A7F;3E13267A43246CD572F55EF46978925FAFAA8A0D;01;8BA82A9D6DC0AE3753F9B0BF93CFE1F92510B081;1;1;1;46A607908876AF218A653EA9CF1F83D2E316216A;2;100;E03.9;20260609;01;;;;;;19740205;2;01;150101;161.82;0.00;0.00;0.00;0.00;11.62;0.00;0.00;0.00;0.00;0.00;0.00;0.00;173.44;204.66;2026-08-17 16:01:53;120101
D68FD8035E26A00787470F838D825A533FBE6A7F;3E13267A43246CD572F55EF46978925FAFAA8A0D;01;8CE006577271CD0B5BA5C79BD2C55EA6D02A58F4;1;1;1;DC9875229150E17CA248A16445ECDFC668B99C22;2;100;L20.9;20260609;01;;;;;;19771029;2;01;150101;161.82;0.00;0.00;0.00;0.00;0.84;0.00;0.00;0.00;0.00;0.00;0.00;0.00;162.66;191.94;2026-08-17 16:01:53;120101
D68FD8035E26A00787470F838D825A533FBE6A7F;3E13267A43246CD572F55EF46978925FAFAA8A0D;01;858F019AF05BF80EA92ABA845B6F6D1B0CBDA252;1;1;1;6F0022D71773F659AF582DF3BFA480D50AFEE800;2;100;J00.X;20260609;01;;;;;;19900719;1;01;150101;161.82;0.00;0.00;0.00;0.00;69.39;0.00;0.00;0.00;0.00;0.00;0.00;0.00;231.21;272.83;2026-08-17 16:01:53;120102
D68FD8035E26A00787470F838D825A533FBE6A7F;3E13267A43246CD572F55EF46978925FAFAA8A0D;01;10E05610EAD5F608E4DABF5EFF95DC0B41F0D7F3;1;1;1;C0DBFD5CFBB5D428590BDA1D6083FA09CC0F4A12;2;100;J00.X;20260609;01;;;;;;19580920;2;01;150101;161.82;0.00;0.00;0.00;0.00;42.08;0.00;0.00;0.00;0.00;0.00;0.00;0.00;203.90;240.60;2026-08-17 16:01:53;140127
D68FD8035E26A00787470F838D825A533FBE6A7F;3E13267A43246CD572F55EF46978925FAFAA8A0D;01;DE57DEFA02F50E40BCAA951F5ED0857E393AE06B;1;1;1;E04E8918EB58A3D13FA107E7A35297A6D171A120;2;100;Z71.9;20260609;01;;;;;;19630308;2;01;150101;161.82;0.00;0.00;0.00;0.00;0.00;0.00;0.00;0.00;0.00;0.00;0.00;0.00;161.82;190.95;2026-08-17 16:01:53;120101
D68FD8035E26A00787470F838D825A533FBE6A7F;3E13267A43246CD572F55EF46978925FAFAA8A0D;01;F819FEEC9C3FFBAF199FF352BA4BA4D39DC1341C;1;1;1;9F2CC0C7AD73D40221290A0ACDDA49C114A64BA3;2;100;J00.X;20260609;01;;;;;;19770504;2;01;150101;161.82;0.00;0.00;0.00;0.00;42.38;0.00;0.00;0.00;0.00;0.00;0.00;0.00;204.20;240.96;2026-08-17 16:01:53;120101
D68FD8035E26A00787470F838D825A533FBE6A7F;3E13267A43246CD572F55EF46978925FAFAA8A0D;01;E8BD211716DCE768B64CB47299C24C513FDACE11;1;1;1;B29D07ECA6B005C889DFD2788C0EB2DCEC89623F;2;100;J06.0;20260609;01;;;;;;19921110;1;01;150101;161.82;0.00;0.00;0.00;0.00;152.65;0.00;0.00;0.00;0.00;0.00;0.00;0.00;314.47;371.08;2026-08-17 16:01:53;120101
D68FD8035E26A00787470F838D825A533FBE6A7F;3E13267A43246CD572F55EF46978925FAFAA8A0D;01;C8CF360CC7ECE6D007A5BBE9063168F399E91F74;1;1;1;389DA986FBFA45153179D2FF9B09859CD4DC543A;2;100;A09.X;20260610;01;;;;;;19580410;2;01;150101;161.82;0.00;0.00;0.00;0.00;22.97;0.00;0.00;0.00;0.00;0.00;0.00;0.00;184.79;218.05;2026-08-17 16:01:53;120101
D68FD8035E26A00787470F838D825A533FBE6A7F;3E13267A43246CD572F55EF46978925FAFAA8A0D;01;D5CF42FEF1E63C6D944C968BEC720DA2E2183052;1;1;1;6175C51EF194EB4452C18C1790F6366BA39A2963;2;100;M54.5;20260610;01;;;;;;19740406;2;01;150101;161.82;0.00;0.00;0.00;0.00;8.11;0.00;0.00;0.00;0.00;0.00;0.00;0.00;169.93;200.52;2026-08-17 16:01:53;120101
D68FD8035E26A00787470F838D825A533FBE6A7F;3E13267A43246CD572F55EF46978925FAFAA8A0D;01;3FE6BAD1B6E5CED4B16AAB1FBA3AF40608E23219;1;1;1;D4F99D4FBD90F6579FC12BB4F5C61A8397A3B726;2;100;K52.9;20260610;01;;;;;;19631112;2;01;150101;161.82;0.00;0.00;0.00;0.00;26.94;0.00;0.00;0.00;0.00;0.00;0.00;0.00;188.76;222.74;2026-08-17 16:01:53;120107
D68FD8035E26A00787470F838D825A533FBE6A7F;3E13267A43246CD572F55EF46978925FAFAA8A0D;01;70B20B3FB87FB4615F077C7D374BC10810F342E0;1;1;1;26E02E504778949A2CE4ACF3DF6EF408442A3C95;2;100;R50.9;20260610;01;;;;;;19820812;2;01;150101;161.82;0.00;0.00;0.00;0.00;48.31;0.00;0.00;0.00;0.00;0.00;0.00;0.00;210.13;247.95;2026-08-17 16:01:53;120101
D68FD8035E26A00787470F838D825A533FBE6A7F;3E13267A43246CD572F55EF46978925FAFAA8A0D;01;6670086F48E5D28DF46B105F93FD036623B65B21;1;1;1;BB0A611505D51F139E9EF2BBD4A54C71593951C2;2;100;G43.9;20260610;01;;;;;;19780425;2;01;150101;161.82;0.00;0.00;0.00;0.00;37.37;0.00;0.00;0.00;0.00;0.00;0.00;0.00;199.19;235.04;2026-08-17 16:01:53;120101
D68FD8035E26A00787470F838D825A533FBE6A7F;3E13267A43246CD572F55EF46978925FAFAA8A0D;01;B1AA72C6A35DE4D1E359F609C9C50D725002F19F;1;1;1;E793669044F8B400EB236F3231BCC120FE8FD34B;2;100;J45.9;20260611;01;;;;;;19940411;2;01;150101;161.82;0.00;0.00;0.00;0.00;45.37;0.00;0.00;0.00;0.00;0.00;0.00;0.00;207.19;244.48;2026-08-17 16:01:53;120101
D68FD8035E26A00787470F838D825A533FBE6A7F;3E13267A43246CD572F55EF46978925FAFAA8A0D;01;DCB11F0172BE08E8A04FF51DCF022CEAA517B094;1;1;1;6175C51EF194EB4452C18C1790F6366BA39A2963;2;100;I10.X;20260611;01;;;;;;19740406;2;01;150101;161.82;0.00;0.00;0.00;0.00;0.00;0.00;0.00;0.00;0.00;0.00;0.00;0.00;161.82;190.95;2026-08-17 16:01:53;120101
D68FD8035E26A00787470F838D825A533FBE6A7F;3E13267A43246CD572F55EF46978925FAFAA8A0D;01;74F9FE7222BD24B92BE6380A8D822580B7ABD322;1;1;1;21EB9500A2EEAEE1111732E9B0EB3109ED8B466F;2;100;M51.1;20260611;01;;;;;;19690912;2;01;150101;161.82;0.00;0.00;0.00;0.00;50.23;0.00;0.00;0.00;0.00;0.00;0.00;0.00;212.05;250.22;2026-08-17 16:01:53;120101
D68FD8035E26A00787470F838D825A533FBE6A7F;3E13267A43246CD572F55EF46978925FAFAA8A0D;01;8CA25A210AAA61459F73D836CB12A411D5B9C3B7;1;1;1;01771088D957DEFE8934898FDBF89C0B2E5F8872;2;100;J00.X;20260611;01;;;;;;19711207;1;01;150101;161.82;0.00;0.00;0.00;0.00;73.00;0.00;0.00;0.00;0.00;0.00;0.00;0.00;234.82;277.09;2026-08-17 16:01:53;120107
D68FD8035E26A00787470F838D825A533FBE6A7F;3E13267A43246CD572F55EF46978925FAFAA8A0D;01;3B7656FBA5EA3CDAA21994B080680EE14A4F27CF;1;1;1;CB4C55E58AADB2CDCA067BDEF2683438AC421B99;2;100;I10.X;20260611;01;;;;;;19761029;2;01;150101;161.82;0.00;0.00;0.00;0.00;0.05;0.00;0.00;0.00;0.00;0.00;0.00;0.00;161.87;191.01;2026-08-17 16:01:53;120101
D68FD8035E26A00787470F838D825A533FBE6A7F;3E13267A43246CD572F55EF46978925FAFAA8A0D;01;FEBB21ACC2A8B992FD79F7AB807A137D6781F488;1;1;1;58DD972216C45B9BACD1CE6F6EEC1D5934EC6131;2;100;M25.5;20260612;01;;;;;;19940531;1;01;150101;161.82;0.00;0.00;0.00;0.00;89.96;0.00;0.00;0.00;0.00;0.00;0.00;0.00;251.78;297.10;2026-08-17 16:01:53;120101
D68FD8035E26A00787470F838D825A533FBE6A7F;3E13267A43246CD572F55EF46978925FAFAA8A0D;01;1AB9394B8E6F58C57EA63343E0B747D660E34268;1;1;1;5CADEB948A1FCD0B2DF9DE30B35926B76C27CF38;2;100;J00.X;20260610;01;;;;;;19730601;1;01;150101;422.71;0.00;0.00;0.00;0.00;2.17;0.00;0.00;0.00;0.00;0.00;0.00;0.00;424.88;501.36;2026-08-17 16:01:53;140103
D68FD8035E26A00787470F838D825A533FBE6A7F;3E13267A43246CD572F55EF46978925FAFAA8A0D;01;0F0D9FC1C3E539E8817E9EFCFCD4D89FB989EF51;1;1;1;4105A26283006FBA3637CF068F00C56D5C21102D;2;100;T23.1;20260603;01;;;;;;19670726;1;01;150101;422.72;0.00;0.00;0.00;0.00;18.35;0.00;0.00;0.00;0.00;0.00;0.00;0.00;441.07;520.46;2026-08-17 16:01:53;140122
D68FD8035E26A00787470F838D825A533FBE6A7F;3E13267A43246CD572F55EF46978925FAFAA8A0D;01;4AB050565130C5E68213B96391266C2DA0750541;1;1;1;2BE0FB5EECC08F77F953ADA535A14EBBEEEEE512;2;100;S90.0;20260525;01;;;;;;19770704;1;01;150101;422.72;0.00;0.00;0.00;0.00;48.17;0.00;0.00;0.00;0.00;0.00;0.00;0.00;470.89;555.65;2026-08-17 16:01:53;140143
D68FD8035E26A00787470F838D825A533FBE6A7F;3E13267A43246CD572F55EF46978925FAFAA8A0D;01;17A4053261AC72816F09B057212D61B0F7C1E374;1;1;1;188B9B84778A0D312B69C57819DA36D45C7ED719;2;100;J03.9;20260601;01;;;;;;19740823;1;01;150101;422.72;0.00;0.00;0.00;0.00;7.80;0.00;0.00;0.00;0.00;0.00;0.00;0.00;430.52;508.01;2026-08-17 16:01:53;140135
D68FD8035E26A00787470F838D825A533FBE6A7F;3E13267A43246CD572F55EF46978925FAFAA8A0D;01;6F81F4AE7C966CBB7157EE081B19104C259CE40A;1;1;1;2BE0FB5EECC08F77F953ADA535A14EBBEEEEE512;2;100;S93.4;20260610;01;;;;;;19770704;1;01;150101;422.71;0.00;0.00;0.00;0.00;15.52;0.00;0.00;0.00;0.00;0.00;0.00;0.00;438.23;517.11;2026-08-17 16:01:53;140143
D68FD8035E26A00787470F838D825A533FBE6A7F;3E13267A43246CD572F55EF46978925FAFAA8A0D;01;28C46BD669AA950FC6EE427566D704C71E7BFDF0;1;1;1;C646322CE263137F5BEC1B867B9A888F0738E12B;2;100;L25.8;20260617;01;;;;;;19840413;1;01;150101;422.71;0.00;0.00;0.00;0.00;0.42;0.00;0.00;0.00;0.00;0.00;0.00;0.00;423.13;499.29;2026-08-17 16:01:53;140107
D68FD8035E26A00787470F838D825A533FBE6A7F;3E13267A43246CD572F55EF46978925FAFAA8A0D;01;22AB89C82802C0E6FE7D041CC0B543FB5C70739D;1;1;1;4105A26283006FBA3637CF068F00C56D5C21102D;2;100;G44.2;20260612;01;;;;;;19670726;1;01;150101;422.71;0.00;0.00;0.00;0.00;11.49;0.00;0.00;0.00;0.00;0.00;0.00;0.00;434.20;512.36;2026-08-17 16:01:53;140122
D68FD8035E26A00787470F838D825A533FBE6A7F;3E13267A43246CD572F55EF46978925FAFAA8A0D;01;CA96116307834D832D13832A1BD0C996742ACCDD;1;1;1;4EEB0A20F21A3A1EA6853EF1AB014F4C64C8C1DB;9;204;Z01.0;20260615;01;;;;;;19880606;2;02;150101;22.11;0.00;0.00;0.00;0.00;0.00;0.00;0.00;0.00;0.00;0.00;0.00;0.00;22.11;26.09;2026-08-17 16:01:53;140119
D68FD8035E26A00787470F838D825A533FBE6A7F;3E13267A43246CD572F55EF46978925FAFAA8A0D;01;F4AFD47CE57B6B038C4E19A7770FA6717F562F75;1;1;1;4EEB0A20F21A3A1EA6853EF1AB014F4C64C8C1DB;9;202;Z01.2;20260615;03;;;;;;19880606;2;02;150101;0.00;17.68;0.00;0.00;0.00;0.00;0.00;0.00;0.00;0.00;0.00;0.00;0.00;17.68;20.86;2026-08-17 16:01:53;140119
D68FD8035E26A00787470F838D825A533FBE6A7F;3E13267A43246CD572F55EF46978925FAFAA8A0D;01;6DB160EB546E2B46888E297DAB61CD6B6EA99B2D;1;1;1;4EEB0A20F21A3A1EA6853EF1AB014F4C64C8C1DB;9;200;Z00.0;20260615;01;;;;;;19880606;2;02;150101;61.00;0.00;0.00;142.98;25.88;0.00;0.00;0.00;0.00;0.00;0.00;0.00;0.00;229.86;271.23;2026-08-17 16:01:53;140119
D68FD8035E26A00787470F838D825A533FBE6A7F;3E13267A43246CD572F55EF46978925FAFAA8A0D;01;FB92D8EB9629FD6E9F6565F4380AC25E26423E71;1;1;1;E969CF89C4B2BE5F00D4BAA5900227C7072B757F;9;200;Z00.0;20260614;01;;;;;;19930119;2;01;150101;61.00;0.00;0.00;142.98;25.88;0.00;0.00;0.00;0.00;0.00;0.00;0.00;0.00;229.86;271.23;2026-08-17 16:01:53;140101
D68FD8035E26A00787470F838D825A533FBE6A7F;3E13267A43246CD572F55EF46978925FAFAA8A0D;01;C9A8C8E45340AA622194925A9F37561AFFB3B212;1;1;1;6D7D9F608DB0DD20849106057CAA28DD7DEA1272;9;204;Z01.0;20260614;01;;;;;;19861011;2;02;150101;22.11;0.00;0.00;0.00;0.00;0.00;0.00;0.00;0.00;0.00;0.00;0.00;0.00;22.11;26.09;2026-08-17 16:01:53;140142
D68FD8035E26A00787470F838D825A533FBE6A7F;3E13267A43246CD572F55EF46978925FAFAA8A0D;01;0E7A11E895084FE32FDB35FE2E04B0D5CD3C06C5;1;1;1;6D7D9F608DB0DD20849106057CAA28DD7DEA1272;9;200;Z00.0;20260614;01;;;;;;19861011;2;02;150101;61.00;0.00;0.00;142.98;25.88;0.00;0.00;0.00;0.00;0.00;0.00;0.00;0.00;229.86;271.23;2026-08-17 16:01:53;140142
D68FD8035E26A00787470F838D825A533FBE6A7F;3E13267A43246CD572F55EF46978925FAFAA8A0D;01;65AEB79BA1445B82C82BCADA2A303CF66C683949;1;1;1;6D7D9F608DB0DD20849106057CAA28DD7DEA1272;9;202;Z01.2;20260614;01;;;;;;19861011;2;02;150101;0.00;17.68;0.00;0.00;0.00;0.00;0.00;0.00;0.00;0.00;0.00;0.00;0.00;17.68;20.86;2026-08-17 16:01:53;140142
D68FD8035E26A00787470F838D825A533FBE6A7F;3E13267A43246CD572F55EF46978925FAFAA8A0D;01;C2DF12A7F7B8C50ABDB96B33620A235EC7C6E835;1;1;1;89976013DCA7D5141E8E08D87C15AFAB8C36AFE0;9;202;Z01.2;20260617;03;;;;;;19890613;2;01;150101;0.00;17.68;0.00;0.00;0.00;0.00;0.00;0.00;0.00;0.00;0.00;0.00;0.00;17.68;20.86;2026-08-17 16:01:53;140109
D68FD8035E26A00787470F838D825A533FBE6A7F;3E13267A43246CD572F55EF46978925FAFAA8A0D;01;FD5C17A776F2B2C5C75BADA7E9384F8290748BEB;1;1;1;89976013DCA7D5141E8E08D87C15AFAB8C36AFE0;9;204;Z01.0;20260617;01;;;;;;19890613;2;01;150101;22.11;0.00;0.00;0.00;0.00;0.00;0.00;0.00;0.00;0.00;0.00;0.00;0.00;22.11;26.09;2026-08-17 16:01:53;140109
D68FD8035E26A00787470F838D825A533FBE6A7F;3E13267A43246CD572F55EF46978925FAFAA8A0D;01;39B12B157AAFD6080B77A7405E674C76ECCADB44;1;1;1;89976013DCA7D5141E8E08D87C15AFAB8C36AFE0;9;200;Z00.0;20260617;01;;;;;;19890613;2;01;150101;61.00;0.00;0.00;142.98;25.88;0.00;0.00;0.00;0.00;0.00;0.00;0.00;0.00;229.86;271.23;2026-08-17 16:01:53;140109
D68FD8035E26A00787470F838D825A533FBE6A7F;3E13267A43246CD572F55EF46978925FAFAA8A0D;01;41BFF9B4787DB9DAE02CA1C9C086133BA572FBD5;1;1;1;A98DB83CDAA86FCC20D9D90EBF4462AA77E87C58;9;202;Z01.2;20260614;01;;;;;;19881006;2;01;150101;0.00;17.68;0.00;0.00;0.00;0.00;0.00;0.00;0.00;0.00;0.00;0.00;0.00;17.68;20.86;2026-08-17 16:01:53;140103
D68FD8035E26A00787470F838D825A533FBE6A7F;3E13267A43246CD572F55EF46978925FAFAA8A0D;01;D24189256E61F34689DAB6095DD42A357D5F288D;1;1;1;A98DB83CDAA86FCC20D9D90EBF4462AA77E87C58;9;204;Z01.0;20260614;01;;;;;;19881006;2;01;150101;22.11;0.00;0.00;0.00;0.00;0.00;0.00;0.00;0.00;0.00;0.00;0.00;0.00;22.11;26.09;2026-08-17 16:01:53;140103
D68FD8035E26A00787470F838D825A533FBE6A7F;3E13267A43246CD572F55EF46978925FAFAA8A0D;01;904D24224DE53A7A084E976E8EC3484B01F4CF34;1;1;1;A98DB83CDAA86FCC20D9D90EBF4462AA77E87C58;9;200;Z00.0;20260614;01;;;;;;19881006;2;01;150101;61.00;0.00;0.00;142.98;0.00;0.00;0.00;0.00;0.00;0.00;0.00;0.00;0.00;203.98;240.70;2026-08-17 16:01:53;140103
D68FD8035E26A00787470F838D825A533FBE6A7F;3E13267A43246CD572F55EF46978925FAFAA8A0D;01;3B1941456C5714693662761CAD0D66DFEABCFF7B;1;1;1;FD4ED5DEB33277018C71A915938E94F059C13452;9;204;Z01.0;20260619;01;;;;;;19961202;2;01;150101;22.11;0.00;0.00;0.00;0.00;0.00;0.00;0.00;0.00;0.00;0.00;0.00;0.00;22.11;26.09;2026-08-17 16:01:53;140137
D68FD8035E26A00787470F838D825A533FBE6A7F;3E13267A43246CD572F55EF46978925FAFAA8A0D;01;E6F96ACD7FE78EEFC8F85CB61A0E8A74FD013F4D;1;1;1;FD4ED5DEB33277018C71A915938E94F059C13452;9;202;Z01.2;20260619;03;;;;;;19961202;2;01;150101;0.00;17.68;0.00;0.00;0.00;0.00;0.00;0.00;0.00;0.00;0.00;0.00;0.00;17.68;20.86;2026-08-17 16:01:53;140137
D68FD8035E26A00787470F838D825A533FBE6A7F;3E13267A43246CD572F55EF46978925FAFAA8A0D;01;1552B295D1575D276E6CEAE5EADC5FCD86D176DD;1;1;1;FD4ED5DEB33277018C71A915938E94F059C13452;9;200;Z00.0;20260619;01;;;;;;19961202;2;01;150101;61.00;0.00;0.00;142.98;25.88;0.00;0.00;0.00;0.00;0.00;0.00;0.00;0.00;229.86;271.23;2026-08-17 16:01:53;140137
D68FD8035E26A00787470F838D825A533FBE6A7F;3E13267A43246CD572F55EF46978925FAFAA8A0D;01;27E807F1BAF1715FFD0EA9DFF5C778EE0699C756;1;1;1;950DE261B0F4F665F667B38F920385DE5610C490;9;200;Z00.0;20260617;01;;;;;;19951012;2;01;150101;61.00;0.00;0.00;142.98;25.88;0.00;0.00;0.00;0.00;0.00;0.00;0.00;0.00;229.86;271.23;2026-08-17 16:01:53;140125
D68FD8035E26A00787470F838D825A533FBE6A7F;3E13267A43246CD572F55EF46978925FAFAA8A0D;01;853D5EB086BBD942A930058670EE450B31196A62;1;1;1;950DE261B0F4F665F667B38F920385DE5610C490;9;204;Z01.0;20260617;01;;;;;;19951012;2;01;150101;22.11;0.00;0.00;0.00;0.00;0.00;0.00;0.00;0.00;0.00;0.00;0.00;0.00;22.11;26.09;2026-08-17 16:01:53;140125
D68FD8035E26A00787470F838D825A533FBE6A7F;3E13267A43246CD572F55EF46978925FAFAA8A0D;01;655F2CE606833C617EE077AD9117B927546D021E;1;1;1;950DE261B0F4F665F667B38F920385DE5610C490;9;202;Z01.2;20260617;03;;;;;;19951012;2;01;150101;0.00;17.68;0.00;0.00;0.00;0.00;0.00;0.00;0.00;0.00;0.00;0.00;0.00;17.68;20.86;2026-08-17 16:01:53;140125
D68FD8035E26A00787470F838D825A533FBE6A7F;3E13267A43246CD572F55EF46978925FAFAA8A0D;01;194F93373333822481A09804A1CB6D452DEE919F;1;1;1;E2597383F0B71856C0E888BC97C1CBC7D1735800;9;202;Z01.2;20260619;03;;;;;;19770215;2;01;150101;0.00;17.68;0.00;0.00;0.00;0.00;0.00;0.00;0.00;0.00;0.00;0.00;0.00;17.68;20.86;2026-08-17 16:01:53;140133
D68FD8035E26A00787470F838D825A533FBE6A7F;3E13267A43246CD572F55EF46978925FAFAA8A0D;01;8D2D340363DB1CD5230E4AEA789342F05A6F12C0;1;1;1;E2597383F0B71856C0E888BC97C1CBC7D1735800;9;200;Z00.0;20260619;01;;;;;;19770215;2;01;150101;61.00;0.00;0.00;142.98;25.88;0.00;0.00;0.00;0.00;0.00;0.00;0.00;0.00;229.86;271.23;2026-08-17 16:01:53;140133
D68FD8035E26A00787470F838D825A533FBE6A7F;3E13267A43246CD572F55EF46978925FAFAA8A0D;01;6F0B175A8DED4D1DAA54681C45BF0FFB4D3C356E;1;1;1;E2597383F0B71856C0E888BC97C1CBC7D1735800;9;204;Z01.0;20260619;01;;;;;;19770215;2;01;150101;22.11;0.00;0.00;0.00;0.00;0.00;0.00;0.00;0.00;0.00;0.00;0.00;0.00;22.11;26.09;2026-08-17 16:01:53;140133
D68FD8035E26A00787470F838D825A533FBE6A7F;3E13267A43246CD572F55EF46978925FAFAA8A0D;01;F3F0A8E02CC85A88DE4D5549D996AB0E78607568;1;1;1;33C148FD319AA677CF39AC8D0B059879258DC90E;9;204;Z01.0;20260614;01;;;;;;19860709;1;02;150101;22.11;0.00;0.00;0.00;0.00;0.00;0.00;0.00;0.00;0.00;0.00;0.00;0.00;22.11;26.09;2026-08-17 16:01:53;140115
D68FD8035E26A00787470F838D825A533FBE6A7F;3E13267A43246CD572F55EF46978925FAFAA8A0D;01;430261A3F40056E2395C651E2E61D3DCF709792B;1;1;1;E2EFA76F9F45DED66852715FFCDBA62B7D34C1BC;9;200;Z00.0;20260614;01;;;;;;20020629;1;03;150101;61.00;0.00;0.00;142.98;25.88;0.00;0.00;0.00;0.00;0.00;0.00;0.00;0.00;229.86;271.23;2026-08-17 16:01:53;140108
D68FD8035E26A00787470F838D825A533FBE6A7F;3E13267A43246CD572F55EF46978925FAFAA8A0D;01;678D02DEB7AEA700C650F2AE4C8C0B860E3EA5D4;1;1;1;E2EFA76F9F45DED66852715FFCDBA62B7D34C1BC;9;204;Z01.0;20260614;01;;;;;;20020629;1;03;150101;22.11;0.00;0.00;0.00;0.00;0.00;0.00;0.00;0.00;0.00;0.00;0.00;0.00;22.11;26.09;2026-08-17 16:01:53;140108
D68FD8035E26A00787470F838D825A533FBE6A7F;3E13267A43246CD572F55EF46978925FAFAA8A0D;01;96D636B5560E801807FA0C09F077899327E26E12;1;1;1;E2EFA76F9F45DED66852715FFCDBA62B7D34C1BC;9;202;Z01.2;20260614;01;;;;;;20020629;1;03;150101;0.00;17.68;0.00;0.00;0.00;0.00;0.00;0.00;0.00;0.00;0.00;0.00;0.00;17.68;20.86;2026-08-17 16:01:53;140108
D68FD8035E26A00787470F838D825A533FBE6A7F;3E13267A43246CD572F55EF46978925FAFAA8A0D;01;D2BFB593D7778EDC5495AD36F51114138F6A9DB2;1;1;1;33C148FD319AA677CF39AC8D0B059879258DC90E;9;200;Z00.0;20260614;01;;;;;;19860709;1;02;150101;61.00;0.00;0.00;142.98;25.88;0.00;0.00;0.00;0.00;0.00;0.00;0.00;0.00;229.86;271.23;2026-08-17 16:01:53;140115
D68FD8035E26A00787470F838D825A533FBE6A7F;3E13267A43246CD572F55EF46978925FAFAA8A0D;01;FB0039D5B9951E34F7E11980E48846D2E3D3143E;1;1;1;33C148FD319AA677CF39AC8D0B059879258DC90E;9;202;Z01.2;20260614;01;;;;;;19860709;1;02;150101;0.00;17.68;0.00;0.00;0.00;0.00;0.00;0.00;0.00;0.00;0.00;0.00;0.00;17.68;20.86;2026-08-17 16:01:53;140115
D68FD8035E26A00787470F838D825A533FBE6A7F;3E13267A43246CD572F55EF46978925FAFAA8A0D;01;E99EF67FBEC44C852932AD709E3D5B9AADEDCDE6;1;1;1;CBB2A86B0242C7DDE948E5530C2AF7AA0C04BDED;9;202;Z01.2;20260618;03;;;;;;19921217;1;01;150101;0.00;17.68;0.00;0.00;0.00;0.00;0.00;0.00;0.00;0.00;0.00;0.00;0.00;17.68;20.86;2026-08-17 16:01:53;140137
D68FD8035E26A00787470F838D825A533FBE6A7F;3E13267A43246CD572F55EF46978925FAFAA8A0D;01;9F0F96D550BAFC94BD79011CD57870BF1D14391A;1;1;1;CBB2A86B0242C7DDE948E5530C2AF7AA0C04BDED;9;204;Z01.0;20260618;01;;;;;;19921217;1;01;150101;22.11;0.00;0.00;0.00;0.00;0.00;0.00;0.00;0.00;0.00;0.00;0.00;0.00;22.11;26.09;2026-08-17 16:01:53;140137
D68FD8035E26A00787470F838D825A533FBE6A7F;3E13267A43246CD572F55EF46978925FAFAA8A0D;01;314EF5A7264730BABA680DFF85FF3DF1C379EF6A;1;1;1;CBB2A86B0242C7DDE948E5530C2AF7AA0C04BDED;9;200;Z00.0;20260618;01;;;;;;19921217;1;01;150101;61.00;0.00;0.00;142.98;25.88;0.00;0.00;0.00;0.00;0.00;0.00;0.00;0.00;229.86;271.23;2026-08-17 16:01:53;140137
D68FD8035E26A00787470F838D825A533FBE6A7F;3E13267A43246CD572F55EF46978925FAFAA8A0D;01;452C504B38F27BCB0D57A0CDF570468847CC3563;1;1;1;4B24E69C63BFDAED7F33F080A9306D9EAF58BD83;9;204;Z01.0;20260614;01;;;;;;19880716;2;01;150101;22.11;0.00;0.00;0.00;0.00;0.00;0.00;0.00;0.00;0.00;0.00;0.00;0.00;22.11;26.09;2026-08-17 16:01:53;140117
D68FD8035E26A00787470F838D825A533FBE6A7F;3E13267A43246CD572F55EF46978925FAFAA8A0D;01;C4401ACB433C91DAC59BD2A0569835173EA797FB;1;1;1;4B24E69C63BFDAED7F33F080A9306D9EAF58BD83;9;202;Z01.2;20260614;01;;;;;;19880716;2;01;150101;0.00;17.68;0.00;0.00;0.00;0.00;0.00;0.00;0.00;0.00;0.00;0.00;0.00;17.68;20.86;2026-08-17 16:01:53;140117
D68FD8035E26A00787470F838D825A533FBE6A7F;3E13267A43246CD572F55EF46978925FAFAA8A0D;01;F50FD9A302246393DEAB6337F03059C423E06E85;1;1;1;4B24E69C63BFDAED7F33F080A9306D9EAF58BD83;9;200;Z00.0;20260614;01;;;;;;19880716;2;01;150101;61.00;0.00;0.00;142.98;25.88;0.00;0.00;0.00;0.00;0.00;0.00;0.00;0.00;229.86;271.23;2026-08-17 16:01:53;140117
D68FD8035E26A00787470F838D825A533FBE6A7F;3E13267A43246CD572F55EF46978925FAFAA8A0D;01;90C1C72B6C3B007FE02B152DB87329A62F98CA34;1;1;1;5B636BB0229727565BB4DB8F0992D6CD68822B9D;9;200;Z00.0;20260616;01;;;;;;19680412;2;02;150101;61.00;0.00;0.00;163.98;25.88;0.00;0.00;0.00;0.00;0.00;0.00;0.00;0.00;250.86;296.01;2026-08-17 16:01:53;140119
D68FD8035E26A00787470F838D825A533FBE6A7F;3E13267A43246CD572F55EF46978925FAFAA8A0D;01;56607E2B0F8377D11374DC37731DE0EB33545B4C;1;1;1;5B636BB0229727565BB4DB8F0992D6CD68822B9D;9;202;Z01.2;20260616;03;;;;;;19680412;2;02;150101;0.00;17.68;0.00;0.00;0.00;0.00;0.00;0.00;0.00;0.00;0.00;0.00;0.00;17.68;20.86;2026-08-17 16:01:53;140119
D68FD8035E26A00787470F838D825A533FBE6A7F;3E13267A43246CD572F55EF46978925FAFAA8A0D;01;528159FA859894760236120F42BD76F276969CDB;1;1;1;5B636BB0229727565BB4DB8F0992D6CD68822B9D;9;204;Z01.0;20260616;01;;;;;;19680412;2;02;150101;22.11;0.00;0.00;0.00;0.00;0.00;0.00;0.00;0.00;0.00;0.00;0.00;0.00;22.11;26.09;2026-08-17 16:01:53;140119
D68FD8035E26A00787470F838D825A533FBE6A7F;3E13267A43246CD572F55EF46978925FAFAA8A0D;01;5FF4BF3E7EA463D17E9F446117E67D1AF0538BE7;1;1;1;3F2544325625742EE3652429EDC646EA432B719C;9;202;Z01.2;20260618;01;;;;;;19940208;1;01;150101;0.00;17.68;0.00;0.00;0.00;0.00;0.00;0.00;0.00;0.00;0.00;0.00;0.00;17.68;20.86;2026-08-17 16:01:53;140142
D68FD8035E26A00787470F838D825A533FBE6A7F;3E13267A43246CD572F55EF46978925FAFAA8A0D;01;89442311A2C44B02738AF24EFF3803DA8CBEEF39;1;1;1;3F2544325625742EE3652429EDC646EA432B719C;9;200;Z00.0;20260618;01;;;;;;19940208;1;01;150101;61.00;0.00;0.00;142.98;25.88;0.00;0.00;0.00;0.00;0.00;0.00;0.00;0.00;229.86;271.23;2026-08-17 16:01:53;140142
D68FD8035E26A00787470F838D825A533FBE6A7F;3E13267A43246CD572F55EF46978925FAFAA8A0D;01;E4C2C322F15A1FEA7ADB3310466F02F1D23BDE53;1;1;1;3F2544325625742EE3652429EDC646EA432B719C;9;204;Z01.0;20260618;01;;;;;;19940208;1;01;150101;22.11;0.00;0.00;0.00;0.00;0.00;0.00;0.00;0.00;0.00;0.00;0.00;0.00;22.11;26.09;2026-08-17 16:01:53;140142
D68FD8035E26A00787470F838D825A533FBE6A7F;3E13267A43246CD572F55EF46978925FAFAA8A0D;01;5E48A123A3EB6384E225F40932DB22F32A50A6E7;1;1;1;DCAE98987B19D45D302C433F1062557C8EA4E718;9;202;Z01.2;20260616;03;;;;;;19570823;1;07;150101;0.00;17.68;0.00;0.00;0.00;0.00;0.00;0.00;0.00;0.00;0.00;0.00;0.00;17.68;20.86;2026-08-17 16:01:53;140137
D68FD8035E26A00787470F838D825A533FBE6A7F;3E13267A43246CD572F55EF46978925FAFAA8A0D;01;3B5AF434853C9625F56D71C362985C006E373436;1;1;1;DCAE98987B19D45D302C433F1062557C8EA4E718;9;204;Z01.0;20260616;01;;;;;;19570823;1;07;150101;22.11;0.00;0.00;0.00;0.00;0.00;0.00;0.00;0.00;0.00;0.00;0.00;0.00;22.11;26.09;2026-08-17 16:01:53;140137
D68FD8035E26A00787470F838D825A533FBE6A7F;3E13267A43246CD572F55EF46978925FAFAA8A0D;01;C7F0DB8F3C6C1176F855DD961E04B0696CFFE519;1;1;1;DCAE98987B19D45D302C433F1062557C8EA4E718;9;200;Z00.0;20260625;01;;;;;;19570823;1;07;150101;32.49;0.00;0.00;0.00;0.00;0.00;0.00;0.00;0.00;0.00;0.00;0.00;0.00;32.49;38.34;2026-08-17 16:01:53;140137
D68FD8035E26A00787470F838D825A533FBE6A7F;3E13267A43246CD572F55EF46978925FAFAA8A0D;01;536BE5426550A4262D9830211331BC6E8194F960;1;1;1;DCAE98987B19D45D302C433F1062557C8EA4E718;9;200;Z00.0;20260616;01;;;;;;19570823;1;07;150101;61.00;0.00;0.00;166.19;25.88;0.00;0.00;0.00;0.00;0.00;0.00;0.00;0.00;253.07;298.62;2026-08-17 16:01:53;140137
